,pretty_comp,slme
0,HgB4O7,0.186772019
1,K2NaInP2,14.57616389
2,K4CdAs2,22.16057012
3,Ba2H6Ru,13.93100398
4,K3P,23.09754629
5,Ca3(AlN2)2,0.8940621790000001
6,Pr2PbS4,5.87392835
7,Yb2PrDyS6,28.65179754
8,ZnGeP2,16.81699452
9,NaAgF4,32.35799817
10,Te4W3Se2,5.844484962999999
11,K2H4Pt,0.009365373
12,LuSBr,0.068868308
13,K2NaBP2,6.216751532000001
14,MoW3S8,31.59985549
15,DyBiPt,5.841769454
16,ZnWF6,3.994371788
17,LiInTe2,16.79302575
18,K2TiO3,0.000495631
19,Sb2H8Pt(O2F)2,5.515232861
20,VCu3Te4,11.92355654
21,BaHI,0.480625411
22,CuSe2Cl,13.30209619
23,NaAg3O2,33.94340932
24,Na4Ti5O2,4.684608778
25,Rb4CuSi2O7,30.67361979
26,Rb2PdBr6,33.33924118
27,P2Pd3S8,26.42125342
28,Rb2PtS2,12.84709382
29,SrTa2Bi2O9,2.08e-11
30,ErAgSe2,4.410691926
31,BaNa4O3,1.6399999999999998e-08
32,K2TiS3,33.91702992
33,ZnS,0.927583527
34,TeBr2,30.54504908
35,Rb2Se,0.018242668
36,LaN,5.841769454
37,Ca4P2O,19.27628154
38,NbRhO4,25.30087502
39,NdTlS2,4.389902988
40,KNa2BN2,3.72e-06
41,Sr2SbAu,27.93341033
42,RuO2,10.38987202
43,SmAgO2,0.000202914
44,K2SeBr6,11.16909085
45,Pr2CdSe4,21.63444328
46,Ce3ZrO8,27.7647819
47,TlI,3.320837482
48,K2TeS3,1.847282735
49,K2PdCl4,30.51343129
50,Sm2TeO2,2.60484231
51,ZrSnPd,8.097783198
52,Ag2SnHgSe4,14.73143531
53,NbBiO4,0.997191595
54,Na2Pd3O4,11.34948073
55,CaSi2WO6,29.97056827
56,AgClO3,6.86e-06
57,BaAg2GeSe4,29.08218821
58,KNaTiO3,5.69e-07
59,K2Hg3(GeS4)2,5.120255959
60,HgO2,10.29590946
61,Ca(BH)2,0.440952131
62,HfTeSe4,33.75943838
63,PbBr2,0.951680504
64,Tl2AgI3,1.419722341
65,Mg2NiH4,16.78275665
66,NaLaSe2,3.853606949
67,SrSnO3,0.364301433
68,Ho6WO2,0.710327864
69,Zr(MoO4)2,0.193258491
70,InBr,20.32292275
71,AcTlTe2,22.63263076
72,KCuO,25.08639501
73,DyBr3,0.043163543
74,Nd2O3,33.3637332
75,Dy2TiO5,1.540091026
76,Mg2TiO4,0.064009925
77,KThCuS3,14.68886619
78,WBr4O,33.36563777
79,NaSbS2,30.33581886
80,MgFeF6,2.416630729
81,YCuSe2,14.46335983
82,CuH,7.6054775239999985
83,NaCaAs,8.252422344
84,KPrGeSe4,15.83225339
85,Sm2SCl4,4.17e-20
86,Cd4OF6,1.3e-13
87,MoCl4O,26.46732272
88,Te4W3S2,5.841769454
89,MgSnO3,4.3e-09
90,FePb2(CN)6,0.196784706
91,TmBi2ClO4,1.5713323890000002
92,LuBi2IO4,2.075757341
93,Sr4As2O,25.65858396
94,Zn2SiO4,1.8100000000000006e-05
95,Dy3CuSnS7,20.28738541
96,VSbRu,0.976148256
97,MgH2,1.02e-10
98,NaClO2,0.04723668
99,Ba2CuClO2,8.900262307
100,LaAgO2,0.227026657
101,SrCuSF,6.933031045
102,RbYS2,0.193695651
103,LiSb3O8,19.32785252
104,Bi4O3F7,4.994862782
105,Th(PS3)2,3.3228067830000003
106,K2TeBr6,8.039931075
107,TeAuCl7,14.76322483
108,Te2Br,20.74306594
109,AlCuO2,4.959786449
110,Sb2O5,31.90183231
111,K2HgS2,1.6937104040000002
112,SNCl,1.289392911
113,ScVO4,5.442404354
114,Na6PbO5,8.900262307
115,Te2Mo3W(SeS2)2,0.029046396
116,NaIO4,2.25355163
117,TaAgF6,0.244096402
118,CdSbS2Br,14.71331935
119,Cd3(BO3)2,0.984458324
120,DyBi2IO4,2.883432054
121,ZrCl4,0.088550801
122,BaSrTa2O7,0.01678657
123,NbAsPCl3,5.864393375
124,KAuF6,18.09624417
125,Rb2IrF6,3.053525563
126,LiVOF4,2.035586197
127,Sr3AsP,22.5538704
128,Tb2Ti2S2O5,32.29098168
129,ZrNCl,25.29772034
130,B6P,2.609183265
131,Rb3Os2Br9,20.00114522
132,Li8BiO6,28.33052387
133,NaMgP,3.242725053
134,MoS2,21.13026529
135,Na5SbO5,0.57974269
136,Ga2PdBr8,32.56857933
137,YPbAu,5.841769454
138,RbPrS2,0.611217267
139,Sn7S2,11.46434533
140,K2S3,9.744448412
141,Rb3PS4,0.002877046
142,K3SbSe4,16.44979312
143,SiAs,26.11642445
144,Li3TaO4,2.66424522
145,BiAuO2,8.837179639
146,K2VAgS4,29.02490175
147,H6RhN5(Cl2O)3,29.15265448
148,Sm3CuGeS7,15.00269511
149,Rb2PdF6,18.18887524
150,Ga2HgSe4,21.33757317
151,Ca2As,5.644994842000001
152,Y6UO2,18.68559304
153,YbS,0.001802671
154,Na4SnO3,0.311031079
155,InSn2Br5,11.96729423
156,K3CrO8,28.83121003
157,TlBrO3,0.001428655
158,Na5ReO6,4.0536729939999985
159,PrTeCl,28.87568427
160,Lu2TiO5,0.640588255
161,HgTe,5.841769454
162,Na3AlP2,4.548650181
163,Zr6BI2,32.54832777
164,KDyS2,0.018866058
165,LiScF4,1.074817166
166,CS2NF5,0.063789396
167,Ba3AsN,16.61645284
168,ScInO3,0.030187972
169,TbH3,7.484469069
170,K2B2S7,0.500819362
171,Cr4InCuSe8,9.199585622
172,ErBi2IO4,2.3735053930000003
173,K2Ti(SiO3)3,0.94179943
174,Rb2SeCl6,2.849577495
175,Ba2NbInO6,0.009302818
176,Li2MgCl4,10.32264021
177,Li2GeF6,12.10603435
178,ZnNiF6,25.18567512
179,CaTi2O5,1.809383349
180,Pd(SeBr3)2,32.35108047
181,DyMoClO4,0.164882475
182,GeAsSe,19.55486015
183,K2Li4UO6,20.62535841
184,Sr3CdO4,5.280153294
185,In5CuS8,18.12922398
186,NaZnP,28.23156888
187,SmTlSe2,8.100539545
188,TlInS2,12.71143154
189,RbSmSe2,1.033648968
190,KClO2,0.000116325
191,CuAsSe2,24.95304777
192,HoBiO3,0.014472017
193,K3BP2,6.398618382
194,CdBiS2Cl,8.05428233
195,Yb(NdS2)2,6.334614003
196,Dy3SnC,0.011503558999999998
197,H2AuC4N,1.882978906
198,Hf(Te2Cl3)2,32.42588141
199,KBi(PS3)2,5.4710644739999985
200,InAg(WO4)2,16.08843529
201,K2B(CN)3,4.4716611980000005
202,CoHgC4(SeN)4,3.251858347
203,Ag6Mo2ClO7F3,10.82633638
204,B2AsP,21.97123166
205,Hg3(BO3)2,1.445046066
206,BaNaBr,12.22789666
207,GeClO2F5,17.51663091
208,Rb2CuCl3,2.514216197
209,HoNiBi,0.29178728600000003
210,RbNdTe2,9.080775388
211,Re2SCl2,31.59956969
212,K2Ge2PbS6,5.049261679
213,Al2CdTe4,6.582519209
214,ZnGeO3,6.62e-06
215,TeW2Se2S,4.354529642
216,Ag2H3IO6,33.19700482
217,RbLiMoO4,3.123704657
218,ErSF,14.82038629
219,Sr2PbO4,6.529009798
220,InAgO2,9.574924824
221,V2Te2O7F2,15.53161498
222,Ta2Tl3Cu3S8,14.681385999999998
223,Cd(GaO2)2,1.10583021
224,YCuO2,3.062069933
225,Mg2FeH6,30.57164383
226,Mo2W(Se2S)2,33.80556295
227,Ho2TiO5,0.711926981
228,LaWN3,8.973591329
229,SrPdF4,24.41333936
230,SrGaSiH,14.74864309
231,Rb2TaCuS4,8.761707074
232,K4BeP,3.4640307580000003
233,Li2AlVO4,4.585765859
234,KLiSi2O5,2.634266636
235,Se2NCl3,33.71477289
236,TiBeZn,0.001646418
237,InAsF6,8.904135859
238,ZnH4(ClO3)2,2.4e-17
239,PtF4,29.47075515
240,Tl6TeO6,16.25200186
241,Sm2ZnS4,12.68247515
242,Ta3SBr7,33.80301098
243,TlInCl3,6.311348112
244,Mg2H6Ru,3.128442667
245,LuBr3,5.71e-07
246,CS2NClO2,3.13633776
247,Y(AgCl2)3,6.31e-15
248,Ti3Zn2O8,10.00219444
249,Er2Pt2O7,17.12586062
250,Sm2Ti3(BiO)2,6.208264709
251,Rb3Ir,14.99042165
252,KAuN2,26.63112696
253,KOsF6,4.726481501
254,Nd5AgSe8,16.65941273
255,H2W2O7,12.58351242
256,Sr3P4,28.44040678
257,SrGaSnH,18.61090944
258,LiErS2,0.297564047
259,Mo2H2O7,7.481760952
260,K2Ag2SnSe4,26.14792874
261,Cr2OF2,17.55039039
262,NaB5,19.19210254
263,DySI,2.330638646
264,NaAlTe2,14.21061973
265,Sm2PbS4,5.589399617000001
266,Ca2HN,6.1302368839999986
267,Sr3Sb2,16.95558782
268,PbI2,3.209368842
269,Sr3As2,16.31940087
270,RbBiS2,9.208794379
271,GaI3,5.615228015
272,LiSmS2,30.44339017
273,MgTi4O9,5.313869621
274,CuAs2Pb6Cl7O6,6.393060666
275,Rb2U3(IO5)4,21.90662691
276,BiI,29.99371642
277,HoVO4,2.292838468
278,DyBi2BrO4,1.940576783
279,Rb2PbO3,15.72489196
280,Ba2TbBiO6,13.51912411
281,Li2CeN2,26.69624806
282,Rb4I2O,19.17316417
283,Zn(InSe2)2,20.81788335
284,VPbClO3,13.53212587
285,As4S5,7.271042676
286,Sr2LiIn,0.48931015
287,BiTeBr,25.16657414
288,Ba3Sb2,16.85811668
289,LiGaSe2,1.625748887
290,HoHSe,4.5805332430000005
291,MgSn2O5,1.655479146
292,NaTl2RhF6,24.3466234
293,BaCeO3,22.31966199
294,IF7,13.40092463
295,Hg2SeO4,6.396373587999999
296,Te2Mo3(SeS)2,0.99921462
297,ZrGeRu2,0.098121382
298,H4N2O3,5.43698042
299,LuTlSe2,4.154416845
300,K2SbAu,26.5908011
301,RbAuO2,18.99696889
302,Sn(HgSe2)2,33.38669602
303,Na2UO4,15.80716164
304,InTeCl,10.53225225
305,HoBr3,0.026325448
306,Li4Ca2Mg(SiN3)2,3.47e-14
307,Rb2ZrCl6,0.014610884
308,CaGaSiH,11.00052234
309,CaPS3,0.047383034
310,TmBi2IO4,2.320120198
311,Er(BiO2)3,1.065617055
312,CoH9(CN2)3,29.92781841
313,KV(CuS2)2,29.09152097
314,Na3LiP2O7,14.02105218
315,YNiSb,1.207500096
316,RbIO4,0.196438611
317,CaTiO3,5.194791808
318,SrC2,3.2139099
319,YVF5,3.364556535
320,Li8TiS6,33.60974949
321,AsS2NF6,8.982622497000001
322,KSnAs,33.98110225
323,HgPbF6,3.620232792
324,TaCu3Te4,19.7620213
325,TaO2F,0.715758048
326,Ba(InTe2)2,17.80541294
327,PrAlO3,0.002203615
328,LiTl2InF6,30.97823498
329,Li3AsO4,1.608340705
330,AlH3,0.07799824799999999
331,Rh(OF3)2,24.24215602
332,Ag3SI,7.996884385
333,K3AuO,25.50760281
334,Dy5AgS8,9.166171246000001
335,ZnSnAs2,26.38266257
336,Rb2TiCl6,12.10636853
337,SbF4,1.5891261630000002
338,TlGaO2,2.915937516
339,Ta(ICl)2,31.79714551
340,Sb2O3,6.981822115
341,LiBeH3,0.104553516
342,InPS4,0.340926675
343,Ca3BiAs,5.841769454
344,SrAuO2,21.49703414
345,Li4H3BrO3,0.511416126
346,NaBi2AuO5,22.53673583
347,RuCl(OF3)2,14.03733264
348,GaCuCl4,17.48473656
349,InCuS2,23.72352756
350,ScTlTe2,1.003862247
351,Ca2Sn,31.64600519
352,GaN,0.711642254
353,NaFe2O3,0.078317611
354,NaLuS2,1.23e-08
355,BaZrSe3,4.587158462
356,NaAuO2,13.73227674
357,K3Ag3As2,28.44350604
358,NaAuO2,16.16809468
359,FeN3ClO3,24.3906218
360,PbCl2,2.49e-17
361,Ge2O3,0.468763404
362,NaGe2N3,0.057088653
363,YbSe,8.53e-06
364,Ca2SnS4,0.8387496059999999
365,SbSI,28.21566312
366,KLiZnO2,5.71e-07
367,SnC,33.23896696
368,LiAuF4,33.60086429
369,Ba3In2O6,2.721165698
370,TbI3,11.31747982
371,Ta2I5,11.93951947
372,KCO2,9.84e-05
373,Ca3BiN,31.48425231
374,HoPbAu,5.841769454
375,LuAgS2,1.446789339
376,Na2TiSiO5,0.282869724
377,KYGeS4,2.738784805
378,BaHg2(ClO)2,4.2191719339999985
379,SeI2,28.67812699
380,HgF2,1.5835060769999998
381,Ca3(AlAs2)2,24.06557828
382,Hg2GeSe4,33.52186064
383,Zn(InTe2)2,27.07485646
384,MgB9N,21.78912926
385,MnAlAu2,0.275583619
386,Ta3O7F,0.001443209
387,BaSm2PdO5,17.92435565
388,Mg(BeP)2,0.885807763
389,UCd2O5,18.60004555
390,Si2B2O5,22.74145389
391,K2AgBi,23.11204601
392,K2HgO2,1.850559199
393,CuCN,5.704389471
394,PPbS3,4.081221115
395,Ca2PI,12.97798076
396,PrCuSO,6.674668365
397,PrPtF7,10.99174812
398,Tl3Ga9S3O2,2.834928892
399,K2P2Pd,33.11777164
400,Th2HN3,9.806880065
401,K2Te,0.01917362
402,K2Pd3S4,27.81169026
403,CoSiH2(OF)6,11.14579954
404,ZrFeTe,17.24607075
405,Li3BO3,14.02328084
406,PtI2,32.59709036
407,SrHgO2,1.705556964
408,BeGeAs2,21.12868321
409,Ge(PbS2)2,6.72991781
410,YP5,13.31856667
411,CuCl,31.01585052
412,NdTlTe2,15.13703138
413,NaNdTiO4,5.240864355
414,SnS,19.84145147
415,PPdSe,18.49116194
416,USeO5,18.26385436
417,KNbO3,2.061197716
418,ZnPdF6,29.25596752
419,Li8CoO5F,2.670931412
420,Li8IrO6,1.953235626
421,TlPS3,13.29376025
422,NaLi5N2,0.6274322170000001
423,Na2CrF4,12.70626002
424,BaHfS3,16.72336477
425,Pb(ClO2)2,0.930394667
426,CdSb2Se3Br2,27.88179764
427,LiAg2F4,1.267414445
428,Rb4CO4,5.69e-07
429,Li2CeAs2,19.11521043
430,BaS2,10.89324885
431,KNdGeS4,2.4753981
432,CaTe,19.09031974
433,MgMoN2,14.65921832
434,LiTlO2,11.75818468
435,Li2PNO2,6.032024162000001
436,AlVPt,5.841769454
437,PPbSe3,12.7548022
438,CaPtO3,30.76983579
439,K3Al2As3,14.96764954
440,Sb2Os,15.53780181
441,Pr2CdS4,8.688652464
442,Ba3Bi2,5.841769454
443,Ta2Zn2SnO8,2.414920419
444,SrLiP,18.08746902
445,Sr(GaTe2)2,19.15615899
446,KAuC2,3.869578457
447,Sb4I2O5,2.642164166
448,GaSeBr7,4.612774718
449,SrMgGe,7.102726455
450,Hg2P2S7,5.920639655
451,CuSnH2(NO3)2,21.21306917
452,Mg(BeAs)2,1.7394829790000002
453,Rb2B2Se7,6.347880438
454,Rb2BrCl6F,33.46257156
455,Yb4Sb2O,24.33527128
456,H4INO4,0.445094472
457,Rb2TeI6,18.4750482
458,SmBi2ClO4,3.875069161
459,Li2VGa3O8,11.98060648
460,Lu2MgS4,5.0075503
461,Li(CN)2,27.36452721
462,RbNaTiO3,0.038398857
463,Ba2CaI6,4.77e-21
464,K3GeSe3,5.658028119
465,Na3BS3,0.030066576
466,LiMoIO6,24.98997073
467,PbCClO2,0.024236997000000003
468,Rb2LiDyBr6,28.84030645
469,ZrInAu,16.887751
470,Ca3(GaN2)2,1.160193624
471,Ba2BrN,20.92262224
472,Ca(InTe2)2,21.05597019
473,TlIO3,0.07982141400000001
474,Te2O5,5.9168884460000015
475,BaNd2PtO5,6.175437577
476,SrLi2Nb2O7,7.851860367
477,Ca(AuF)2,27.3228278
478,KLiSO4,26.05331312
479,NbAlRu2,0.731132855
480,BrCl,5.151828708
481,LiNi(CO3)2,5.063848084
482,BaTe2,15.68355469
483,Zr(PS3)2,17.16224349
484,LiBr,0.431432519
485,ErTlS2,1.368802347
486,LiV(PO3)3,5.287965094
487,HoTaO4,0.003292986
488,LuVO4,2.515406554
489,IrF6,3.881560512
490,VZnF6,3.531363364
491,NaP,27.86923566
492,K2LiAlP2,3.23725502
493,Au2S,10.26489364
494,MgSnAs2,33.23896696
495,Li3Al(BO3)2,12.43662594
496,Rb2NaMoF6,3.258254009
497,TlBiP2S7,6.201104387999999
498,BaLiF3,4.2700000000000015e-05
499,KPrTe4,12.96374409
500,Ba4Tb2Cd3,8.120239016000001
501,KMgSb,23.15108482
502,LiAsO3,14.204893900000002
503,NaSr2AlP3,32.13557995
504,Mg2Ni3O8,15.08759811
505,KYSn,33.75422556
506,Zn(CO2)2,1.8e-15
507,Sm3BWO9,1.78e-15
508,KAuS,1.041744964
509,MgTe2,28.36282186
510,NbCu3Te4,24.47780848
511,CeZrO4,29.08460782
512,Dy2TeO2,1.985797165
513,CrSi2,3.114898843
514,Hg2IO,23.42046998
515,ErI3,11.52417059
516,PrN,22.59672154
517,Li3Nb3TeO2,7.628856027999999
518,PrBi2ClO4,4.679452513999999
519,Pr2SeO2,0.0008249560000000001
520,InGaO3,0.890877582
521,MgTi3O7,1.4448785780000002
522,BaSrO2,0.144168623
523,Rb2SnSe3,7.839454511
524,Na3BrO,0.016710055
525,Na2LiN,19.33268001
526,KZnAs,30.480285
527,Na3CuO2,20.47715306
528,SmCuO3,0.077366435
529,SiS,31.57941707
530,U(SbO3)2,31.36220848
531,LiAsS2,25.97076282
532,RbInTe2,16.79071401
533,GaCuSe2,33.81127379
534,NaFeO2,1.994820938
535,P3BrCl4,15.75661817
536,K3VSO3,1.589242934
537,Li7NbO6,1.01e-10
538,CdSnSb2,5.841769454
539,Tl2MoO4,0.7923305979999999
540,NaHoS2,0.01524513
541,LiGa(MoO4)2,16.02595317
542,Na2H4Pd,5.204929703
543,Hg2MoO4,12.80195792
544,SCl,0.754389671
545,PdI2,25.3509095
546,Cd2Bi6O,13.12946693
547,PdF4,30.45255639
548,CdBiSe2I,23.72270695
549,CrSiO5,30.40404642
550,Sb2S3,22.83084495
551,HfBrN,2.617432097
552,Tm2S3,24.78620728
553,LiB6C,15.98784534
554,ZrCoBi,14.62705534
555,BiClO,9.609999999999998e-11
556,K2AgP,19.73128295
557,CaNiF6,31.0462262
558,Na3AgS2,0.622994707
559,RbTbSe2,0.706283668
560,Tm2TeO2,24.83199762
561,Li2TiSiO5,26.63002535
562,K3GeS3,0.538256029
563,HgCl,0.2442384410000001
564,Zn(AgO2)2,16.58291478
565,SrP3,31.13770661
566,PtCl2,31.90763632
567,ZnCdS2,6.1362495710000005
568,Sc3InC,2.245024366
569,Zn2Bi2O5,13.05768661
570,NaBiF6,1.4515305669999998
571,TlAgSe,33.46818921
572,U(HO2)2,10.49640183
573,AcH2,30.97660369
574,Li6I3N,0.42099383
575,LiTeHO4,25.27402084
576,LiFe5O8,4.12616025
577,NaGaTe2,26.73544546
578,Y2TeO2,2.383023277
579,Ca4As2O,21.41543594
580,Th2SN2,10.64756271
581,V2ZnO6,12.00027071
582,InPbCl3,0.3750109820000001
583,Ba2Ga2O5,6.152499912000001
584,Ti(SiO3)2,0.512493035
585,ThNCl,1.974539209
586,K3MoF6,3.738696867
587,AsCl3O,0.95660373
588,KAg2SbS4,25.60132479
589,TaBi3O7,1.956326614
590,Ag3SI,17.83213326
591,LiMgBi,33.43473613
592,AgAsO3,31.76117193
593,Sr(CdSb)2,15.85347553
594,SnO,1.69801685
595,CaPbI4,0.68643816
596,Na3As,32.30782855
597,DyCuSeO,16.54153205
598,MoW3(Se3S)2,5.422456627000001
599,Mg2Sn3O8,2.07e-06
600,LiAgF2,0.147987251
601,XeO3,17.93998539
602,TaTl3Se4,9.423355713
603,SnF3,0.004066129
604,KSbS2,13.64240415
605,Li6V(OF)3,4.298440976
606,GaPS4,3.072837335
607,NbI2O,27.08610328
608,LiNO3,21.63383425
609,NbFeSb,12.81378682
610,Tb3CuGeS7,14.82038629
611,Ba3P2,27.5207843
612,AlVF5,20.06826799
613,ZrPbO3,4.17e-05
614,H8(NO2)3,14.4991343
615,RbAuS,1.542520065
616,MoWSe4,33.25699428
617,Nd3SiAgS7,8.335941273
618,Ti2MnIn,5.841769454
619,AuSeClO3,25.47920095
620,ZnSe,9.436553125
621,KTiPCO7,6.38072998
622,Rb2H4Pt,0.121325559
623,Na2PdS2,21.98310953
624,TlF,3.028906066
625,PbS,33.38011014
626,Na3VH6O7,2.92e-11
627,HfS3,23.99849489
628,TiO2,17.58339869
629,TeMoS,3.714904699
630,Li7VN4,12.37946212
631,K2NaAlAs2,7.409256991
632,Ba2NF,32.38315417
633,Te3As2,14.07312234
634,Nd3Si2S8Br,1.564459873
635,LiCuF3,3.131380338
636,ZrSiPt,15.07751502
637,Ga2TeO6,19.32785235
638,AlAgO2,11.19708352
639,Te2MoW2(SeS)2,5.849813941
640,Ba2DyNbO6,0.665777639
641,Bi2SeO2,12.3449332
642,Sr3N2,33.81743976
643,Na3UF8,1.3014033390000002
644,CaWN3,32.08929004
645,CaC2(SN)2,5.489999999999999e-25
646,Ag2HgI4,26.27759302
647,NbAlFe2,3.936203
648,AcI3,4.0536729939999985
649,Ca(MgAs)2,7.527355525
650,Sr4PdO6,27.3247407
651,NaPrS2,5.079166316
652,TlN,5.841769454
653,In2HgSe4,30.38038595
654,HoTlS2,1.678756947
655,Ba2NdBiO6,14.62437312
656,TmI3,8.05428233
657,Te2Mo3WS6,13.85991243
658,Na2ZnSe2,0.909650466
659,AlAgS2,3.095906254
660,SnH8(CI)4,0.0052518880000000006
661,NaAuF4,14.82038629
662,SrNiF6,24.82447079
663,K2PdF4,32.03670478
664,KTeAu,5.606869446
665,NbTeCl9,11.20727415
666,Na2CuAs,16.72205588
667,Cd(AsO3)2,0.091271902
668,Sm6Si4S7,2.530817866
669,Ba2SbAu,22.63510201
670,TmSbPd,10.85921963
671,ZnI2,2.600084348
672,Li4H6Os,3.463416688
673,Ca5W(N2O)2,1.5722181469999998
674,Sr(ZnAs)2,33.63422658
675,TiPbO3,28.83226744
676,Rb2MnF6,5.4659307639999986
677,Bi2SeO6,0.044708662
678,K2S,2.7300000000000003e-12
679,Li8Ni(O2F)2,15.05181266
680,Ba2H3I,2.53695851
681,TlBS2,7.424526244
682,KLiCO3,9.649703072000001
683,Rb2PbCl6,22.52466611
684,ScTaRu2,0.495705999
685,CrCdF6,4.617289411000001
686,K2NaTiOF5,2.93e-11
687,ZrSeO,32.15205373
688,KSb2,22.38319939
689,Na2V2ZnO7,2.243833606
690,LiCo(CO)4,24.28021374
691,Mg(PtO2)3,23.18478883
692,TiSnPt,20.3500161
693,K2PbO3,12.4776251
694,SnI2,17.39717781
695,Sr2HN,4.73688276
696,BaMo4(PO3)2,16.43894033
697,Mg2Al2Se5,16.88226347
698,CaBiAsO6,26.32595043
699,Si2Hg6O7,13.16047315
700,K2AgAs,19.23334346
701,GeClF,0.029575827
702,Tl4SiS4,6.574515319
703,K2NpO4,17.91106985
704,BeTe,1.4199999999999998e-12
705,Hg2SeO3,6.315443419
706,SrH2,0.000124844
707,KHo2CuS4,32.0668509
708,Mg(AuF4)2,14.5816499
709,Zn(GaS2)2,1.822885756
710,TlInTe2,24.52817466
711,Nd3PbC,0.900223958
712,Ga2HgS4,6.674668365
713,RbBS3,1.092504907
714,Si3As4,29.39307612
715,Li4TiS4,3.772624623
716,NaYS2,0.230753567
717,NaSmTe2,5.832143216
718,CuBiSCl2,19.52437263
719,NbAlO4,0.000475651
720,Sr3DyRhO6,19.55833814
721,Li3Sb,4.58452145
722,AlAgTe2,23.09568553
723,BaTi(BO3)2,16.30046459
724,Sr(AlTe2)2,12.1869555
725,BaVClO3,10.75162827
726,YNbO4,6.03e-09
727,Na2Zn3S4,0.000185603
728,LiHoSe2,1.347163752
729,Hf3N4,10.8479346
730,KCrP2S7,1.541197448
731,NdBiPd,0.777266087
732,TmBiO3,0.006334365
733,WBr6,33.82769582
734,RbCd(NO2)3,0.999950343
735,Li3VO3F2,4.942456798
736,NClOF4,4.73669705
737,NaDySe2,0.915411998
738,InHO2,0.15019955
739,LuBi2BrO4,1.562754942
740,HgSO4,0.334432519
741,KO3,21.57006343
742,ThSO,27.45635105
743,Pb3O4,15.51240211
744,TlSbS2,23.60661741
745,Si2Mo,8.638132339
746,SmH2,2.110038736
747,NbCl3O,6.17320561
748,LiAsO3,6.844203314
749,NdTe2BrO5,0.000622653
750,Ba2YBr7,0.35577568600000004
751,Ba2BiSbO6,0.393705735
752,RbHoS2,0.000804745
753,Y3CuSiS7,15.83837144
754,Li2MgCu2(Si2O)2,4.156423018
755,RbSmTe2,6.63391754
756,KLiSO4,26.19928132
757,Pd(Se3Cl)2,29.58282434
758,Hg2P3Cl,12.90579946
759,In2S3,13.25799933
760,SnS2,7.125440871
761,K3ClO,0.8380476729999999
762,SrS,4.03463432
763,KP2AuS7,22.55773355
764,KNdPdO3,11.10717387
765,VFeSb,4.044794474
766,MgIn2O4,0.17796038100000006
767,Ti2Al2O7,33.086762
768,Ba2MgUO6,16.39914615
769,S(IO3)2,1.485409721
770,Li4CuSi2O7,5.460554611
771,Rb7Au5O2,16.76110126
772,Te2I,17.348290300000002
773,TlCl,0.259827605
774,Ca2PbO4,5.067734864
775,InOF,0.6484784379999999
776,Tl2TeCl6,3.079511347
777,Mg(RhO2)2,33.41180841
778,KPrS2,0.703199192
779,RbAu,8.47653182
780,BaU(SiO4)2,11.32526391
781,RbNO3,3.6000000000000003e-16
782,CuH6(NO)4,24.16791648
783,ScCuO2,10.85584546
784,LiSiBi3O7,2.309837084
785,ZrSe2,9.017737486
786,Li8SbS6,31.28090051
787,TmTlTe2,10.11446213
788,LiIn(I2O)2,21.76125237
789,K2AsAuS4,28.75080532
790,Rb3BS3,0.00934255
791,Rb2As3,25.63394726
792,Sn3As4,31.82041783
793,BaTiF6,1.62e-08
794,HgI2,7.147059252000001
795,NiCO3,4.643028282
796,KCuC2,8.688740489
797,InSb2S4Cl,17.62606581
798,NbO2F,18.20104393
799,BiI,31.80514918
800,Li4NpO5,13.41817962
801,CaTcN3,12.92948882
802,K3AsSe3,2.571455557
803,Na2ZnS2,1.05e-10
804,Na2Ti2O5,0.8554963
805,MgSnP2,18.35218753
806,AgCO2,8.110082967
807,PbO,1.13840098
808,Ba3Ti2O7,10.31008911
809,Ho2CdS4,13.22342242
810,AcN,14.25638844
811,SmBS3,2.156107799
812,SbS2NF6,7.20084603
813,RbCaSb,15.21687415
814,LiAuF6,24.23107625
815,AgSbS2,29.23752887
816,MgSiP2,17.93228614
817,AlPS4,1.415339243
818,Ca3Pb,4.684915039
819,K4V2O7,0.632092933
820,CuBi(WO4)2,20.7518484
821,KAu(I2O)2,13.04776508
822,Al2CdS4,1.715336671
823,Li7BiO6,9.331381908
824,Ba2BiAu,21.5586086
825,SbS8Cl3,0.7991100240000001
826,YAuO2,0.497997604
827,Zn2Ni3O8,17.90154392
828,K2Pb2O3,3.267818255
829,TlI,3.94704203
830,Bi2SeO5,6.26e-09
831,NaTbS2,0.07200923099999999
832,SbClF8,0.01232857
833,NbAlPt,0.386649098
834,LiC,1.822885756
835,HoBi2IO4,2.685306483
836,Mg2H6Os,0.7213591020000001
837,AuO2F,25.07652306
838,RbV(IO4)2,2.459598
839,K3IO,7.516811837
840,KV(CuSe2)2,27.91904371
841,Rb2LiVO4,0.053509725
842,CaHN,0.480625411
843,Al2Os,4.33599656
844,GaAs,33.63780456
845,Yb3SiO,5.841769454
846,AuCl3,23.83371257
847,ThTaN3,26.21041161
848,Sr2Sb2O7,4.624255382
849,K4Ru2O,23.42952034
850,Ho2S3,1.045715835
851,Li2ZrTeO6,5.81344774
852,BiI3,5.352028837
853,Bi2Se3,32.28275542
854,ZnGeO3,0.34886481
855,HfZrO4,8.18e-10
856,Li3CuSbO5,8.862793952999999
857,LiAs,22.09878498
858,Bi2WO6,1.5204624880000002
859,MgPSe3,6.392262051
860,TbSF,11.31747982
861,ZrZnN2,1.79418301
862,HoCuO2,2.438716712
863,AgCNO,3.04e-07
864,Na3PaF8,0.043163543
865,CdS,2.721640107
866,Th(AlC)4,9.621756007
867,GeO2,14.34960052
868,Rb3H5Pd,3.0154062510000004
869,Ba(PdS2)2,26.99822227
870,NbTl3Se4,21.56086894
871,RbSbS2,6.875171567000001
872,Ba(MgAs)2,12.13403003
873,Sr3(AlGe2)2,5.841769454
874,MoO3,1.467139385
875,HfVF6,15.624424800000002
876,Fe(Sb2O)2,3.617741337
877,Pb2O3,11.59834653
878,Dy2Ti2O7,3.351730145
879,HAuO2,15.30799546
880,TeHO3,2.222402097
881,CaTiO2,5.841769454
882,YAgTe2,33.8125939
883,NaNiIO6,30.39227011
884,Rb2Ti(CuS2)2,25.92332416
885,RbTlO2,19.82704148
886,TlHgF3,3.67e-06
887,Nb(SCl)2,17.913225
888,NdSeF,26.77788142
889,Li6FeO5F,2.149377403
890,PrLuSe3,19.59628721
891,Ba2Bi2O5,3.1146726360000003
892,KAuBr4,33.85862944
893,LiMnF6,3.5645584360000004
894,ICl3,2.9019629960000004
895,Na5InO4,2.07e-22
896,KSmSe2,1.061443898
897,LiAuI4,25.7298762
898,BSb,1.270350741
899,LiAgC2,3.725875892
900,InAgS2,30.19194264
901,ReF6,1.2799999999999998e-13
902,Al2ZnTe4,8.973583246
903,YSbPt,17.29083088
904,K3BS3,0.00359601
905,TiSnPd,12.31722329
906,BAs,1.164247281
907,TmMoClO4,0.327109604
908,KAuO2,15.23349651
909,Ba2InBiS5,6.291557257000001
910,Sm2Ti2O7,3.2991977410000004
911,Ge2S3I2,2.236071725
912,Ca3AsBr3,19.17316427
913,Rb2SnAs2,23.50955559
914,TlInS2,20.34562362
915,K5CuSb2,21.21623965
916,PAuS4,21.03911141
917,Ba2TmNbO6,0.7213591020000001
918,BP,0.946957698
919,RbGeIO6,0.411833004
920,TlGeBr3,33.59643729
921,MoW2(SeS2)2,23.72352759
922,Te2Mo,33.49012425
923,Na3BiO4,28.06350889
924,CdO,32.21226893
925,AcInTe2,27.45199077
926,LiTiV3,28.81800505
927,PbF4,3.06694249
928,TiAl2O5,0.716679772
929,UCl6,31.32804514
930,CsK2Sb,20.73274012
931,HIO3,5.13e-13
932,Te4Mo3Se2,5.8417695689999976
933,LiTlPHO3,6.277092958
934,Pr2SiTeO4,9.850152258
935,RbLiS,0.508579629
936,TlPd3O4,23.8158163
937,Er2TeO6,0.13921381800000002
938,Zn3CdS4,2.7960761310000004
939,PrNbO4,1.99e-22
940,Sr3SbAs,5.841769454
941,PdSCl,27.156153000000003
942,BaLi2Mg(PO4)2,26.10522975
943,K2NaGaP2,12.0469517
944,NaLiFe2(Si2O)2,3.39254984
945,Rb2MnCl6,2.98093266
946,IrBr3,27.29190779
947,Ta2O5,3.72e-23
948,ScS2,13.51157693
949,Sm3CuSnS7,19.80860253
950,BiCl3,8.55e-12
951,YTlO2,17.19758931
952,Tb2SnS5,27.54224286
953,RbBiF3,8.357850987
954,Tl2PtCl6,19.02731814
955,HoTlO2,19.22336208
956,K3Si,0.066978434
957,ErSeI,5.6140764710000015
958,Li2NdIn,0.020687589
959,SrAlSiH,18.3429698
960,K2PAu,28.33713318
961,KYSiS4,1.246872514
962,LiAlO2,4.892132674
963,Sm3AlC,0.281943007
964,Sb2Ir,15.91049697
965,Te(HO2)2,14.31171463
966,KCrF6,10.17854744
967,AgBiI4,24.33721063
968,Nb3TeCl7,29.14653604
969,MgTe,1.25790251
970,SmI3,6.1362495710000005
971,NbSbRu,2.91259138
972,Li2TlBi,14.11534155
973,W3(Se2S)2,31.45046969
974,BaCaO2,0.671999253
975,KRb2RhF6,22.37184861
976,K3AsSe4,19.99868817
977,BaWO4,3.231156122
978,UTl2O4,30.34087447
979,SrP3,10.911210699999998
980,Li3NbS4,2.225869637
981,GaTe,17.99482943
982,BiN,17.65262495
983,HoO3,21.65704980000001
984,SmMoClO4,0.05985344
985,SiH,4.660072148
986,TmBi2BrO4,1.5906237719999998
987,MoW3Se8,17.89545219
988,U(BiO3)2,27.11070549
989,RbHfAgTe3,21.50538111
990,AgTe3I,31.94713501
991,Al2Te3,14.20554461
992,Hg3AsS4Cl,5.879500921
993,Rb2SnCl6,0.445094472
994,BaLiP,32.47184208
995,Ta2ZnO6,0.004390078
996,Ca3PCl3,11.42219912
997,KrF2,6.8e-06
998,BNCl2,3.619676445
999,TlSbO3,9.776248477000001
1000,CuSe2Br,24.39489851
1001,KAuSe,2.383816697
1002,InSe,18.79325153
1003,KNaSmNbO5,7.65e-19
1004,Hf2SN2,2.088912543
1005,Ba3(PS4)2,6.565289649
1006,Hg2GeO4,16.79302575
1007,KGeBr3,30.13072117
1008,K2PtSe2,14.78473144
1009,RbAuSe,3.3139771110000003
1010,InGaS3,5.365040631
1011,NaSrAs,25.16657414
1012,Mg3Nb6O,20.82529499
1013,IO3,12.20190616
1014,GeC,0.000539891
1015,ScNiBi,0.144513639
1016,Sr3V2O8,0.021889304
1017,K2Os(Cl2O)2,22.15614874
1018,CdPtF6,8.900262307
1019,Ca2TaAgO6,24.45331401
1020,KSnSb,33.25975408
1021,LiBiF5,28.26942022
1022,RbSb2,26.60168856
1023,Rb2Te,0.8819017090000001
1024,LiCaAs,7.869427448
1025,SrO,0.029452537
1026,SF4,23.46223815
1027,SrPS3,0.00171021
1028,NaBeAs,9.525034185
1029,CuS4BrN4,22.65858993
1030,SrTiO3,15.18340109
1031,CaCr2F2,4.4211231060000005
1032,Rb4CO4,28.94927014
1033,LiCN,0.119548438
1034,LuP5,16.42553494
1035,Cu2HgGeS4,19.70581876
1036,LiCl,2.372117326
1037,Rb2Hg2PdBr8,33.1377877
1038,CuBSe2,20.45143077
1039,Rb2GeS3,1.822005052
1040,CoSnC4Cl3O4,7.391791117
1041,Zn(InS2)2,25.37773557
1042,YBiPd,0.165279505
1043,SmCuSeO,15.62886151
1044,SnBr2,12.88823681
1045,KSiH3,1.50056563
1046,AlSCl7,0.323160076
1047,CaHgO2,0.239572598
1048,CdHg2SO6,5.526650943
1049,SbTeI,22.07252292
1050,Tb2Be2O5,9.170000000000002e-11
1051,SbN,9.084427613999999
1052,Sr2BiAu,21.59817251
1053,SbSCl9,13.64240415
1054,K2Cd(AuS)4,3.008789702
1055,Ag2PdO2,7.988744242
1056,MgGeO3,2.07e-22
1057,TaSbRu,8.045941251
1058,LiH,2.243833606
1059,Rb2Sb4S7,7.26925086
1060,CrAgO4,26.6667278
1061,Te3W2Se,0.481171599
1062,ErBi2ClO4,2.091472475
1063,TlCuO2,11.68768852
1064,YNiBi,0.428130189
1065,Li4SeO5,15.68395583
1066,LiScS2,4.943788668
1067,Mg2PbO4,11.70914256
1068,AgNO2,18.78528066
1069,Re2NiO8,2.165442716
1070,KZnP,20.81788335
1071,TlF,0.127091327
1072,Te2Mo2WSe4,5.841769464
1073,Ag3AuS2,19.65124896
1074,TbTlS2,2.118768577
1075,SeBr2,24.70125393
1076,CaAs3,5.841769454
1077,ScCl3,0.010733238
1078,CaCrF6,3.5407007110000004
1079,NaVCdO4,1.440045995
1080,TaAsO4,3.93e-06
1081,YBi2IO4,1.6964940030000002
1082,KFe(SO4)2,3.223943487
1083,RbClO2,6.06e-06
1084,CdAs2,12.92306998
1085,TaNO,1.461413834
1086,BiTeI,29.4739725
1087,OsC4(ClO2)2,0.7118877159999999
1088,ZnCu2SnS4,18.84059275
1089,SrTiO3,7.666405891
1090,HgC2(SN)2,2.214284292
1091,NaLi2N,31.37116761
1092,P2PdO6,32.35863946
1093,SrTePd,27.97488275
1094,Tl2CS3,17.01508321
1095,LuCuSe2,13.96021125
1096,Ba(AlTe2)2,20.68858783
1097,K2RbSb,23.82747781
1098,K3H5Pd,2.728072802
1099,K3Sb2Au3,30.3084167
1100,Ba(PrS2)2,7.218098962999999
1101,ZnTeMoO6,0.406289656
1102,Zn(IO3)2,0.007822345999999999
1103,SnICl,3.048204906
1104,ThTe3,26.87585039
1105,Li5Si2BiO8,2.313363218
1106,InAgSe2,31.92266305
1107,Ca2AsI,14.34313204
1108,KNdTe2,8.8923852
1109,CdPS3,1.4067063119999998
1110,Te4MoW3(SeS)2,7.909388875
1111,AlCrF5,5.8140468
1112,Lu(AlC)3,6.353069416
1113,BaH2,3.27e-16
1114,Ti4ZnO9,5.104733336000001
1115,MoH2Cl2O3,6.1530896770000005
1116,K2PAuS4,15.3732572
1117,BaS,1.481362075
1118,K3BAs2,10.61968629
1119,K4Br2O,5.954700934
1120,PSe,7.538987134
1121,Zn2In2S5,24.70745958
1122,PrTlSe2,10.98364634
1123,K2PtCl6,19.30037339
1124,Ba(ZnAs)2,0.5261898079999999
1125,AlCuS2,12.78345727
1126,Cu3TeS3Cl,32.4912253
1127,Ga4SiO8,2.53e-17
1128,Lu2Pt2O7,14.99317643
1129,CuH4(OF)2,2.289563835
1130,CdGeAs2,16.36825321
1131,FeBr3,1.58166527
1132,Na4UO5,14.5200198
1133,CaC2,6.365005782999999
1134,Li3Bi,11.2368623
1135,K2VCuSe4,24.31102871
1136,Rb2PdCl6,24.24954308
1137,LiAg3O2,33.88795307
1138,HgF,0.42545536
1139,KrF2,6.12e-05
1140,LiBH4,2.002285014
1141,Na2H6Ir,13.98215916
1142,Li5P(S2Cl)2,14.20065591
1143,YClO,0.14814772199999998
1144,AlGaN2,0.104824895
1145,U(HO2)2,21.84565775
1146,SnCl2,3.15e-10
1147,Y3AlC,5.180927099
1148,Ba3Ti3(BO)2,9.24444481
1149,KInBr3,0.970708587
1150,Tl3AsS3,27.70687036
1151,BaSnHgS4,5.615228015
1152,NaNbS2,18.32181252
1153,Ga2BiAs,5.841769454
1154,KTbGeS4,1.574453505
1155,LiYSe2,19.7285444
1156,AlSbI6,10.15682457
1157,TmAg(PSe3)2,20.04702751
1158,Sr(ClO2)2,0.022817264
1159,NaLiPt,12.00124907
1160,SnBrF,2.23287838
1161,Re3Se4Cl,31.3320257
1162,Ga2S3,2.617432097
1163,TlGaTe2,27.70430935
1164,Zn2AgSbO6,2.2976103880000003
1165,NaH2AuC4(S2O)2,13.19012882
1166,TaTlO3,33.74431957
1167,Ca(NdTe2)2,32.14271595
1168,Na3CuCSO7,11.92466571
1169,CrPO5,1.064473954
1170,Te4Mo2WSe2,5.84208589
1171,Ba(AgS)2,15.27892529
1172,Bi2TeI,1.16599747
1173,Y2S2O,2.326641321
1174,Li2ZnGeO4,0.449490831
1175,InAuO2,12.02768926
1176,As2Pb4S6ICl,9.067579676
1177,Ta2H4O7,10.04139114
1178,LiYF4,3.180116595
1179,Sr(YS2)2,8.795089667000001
1180,Ca(SmS2)2,5.615228015
1181,NaNbN2,27.72115402
1182,TiZn(BiO3)2,10.95256683
1183,Li2FeSi3O8,5.021304368
1184,Rb2S3,10.14355194
1185,ZrSnPt,15.79465978
1186,SiSe2,7.546901254
1187,Ba2YNbO6,0.877798172
1188,ScGeAu,3.999757043
1189,TbSbPt,6.47382948
1190,MgGeP2,15.80000108
1191,Ca3SbP,33.8193333
1192,Na6Sn2S7,1.355715785
1193,Nd4S3NCl3,0.218665532
1194,K2As2Pd,24.87096005
1195,KNdS2,0.355643314
1196,Ca(CdSb)2,21.50922498
1197,Nd3SnC,1.067079276
1198,Mg2Pb,4.521150829
1199,Sr2SO,6.647884014
1200,In4SnS8,32.73273592
1201,TeO3,18.33664093
1202,K2O2,1.6399999999999998e-08
1203,RbTcO4,0.082377505
1204,Dy2SeO2,0.168208475
1205,Bi3Se4Br,29.55083986
1206,Ba2TbNbO6,0.336682409
1207,Zr7(NO2)4,1.8208837
1208,Al2Se3,2.374656405
1209,ZnO,7.30633818
1210,YAgO2,0.14108169199999998
1211,Al2HgSe4,15.72489196
1212,NaTaN2,6.156666445
1213,HoBi2BrO4,2.025327227
1214,K2VCuS4,27.04985816
1215,TlN3,4.956020334
1216,Lu6WO2,0.349662226
1217,NbBO4,4.4716611980000005
1218,HoN,21.81689316
1219,AlGa3N4,0.965445403
1220,Th(TeI)2,29.52250183
1221,BaYCuTe3,22.89653043
1222,AlCuO2,4.961317548
1223,Rb2U(Si2O)2,12.18127393
1224,Pd(Se3Br)2,33.25966379
1225,Sr4Li(BN2)3,24.7683667
1226,NaPrSe2,2.445276921
1227,K2AgSb,20.00084035
1228,Li7FeO6,2.7757051610000003
1229,Rb2Te5,22.93754352
1230,YBi2ClO4,2.468116671
1231,PCl3,1.353283896
1232,Li2FeCu(CN)6,0.649657432
1233,Nd2CdS4,8.795089667000001
1234,TbVO4,2.202504742
1235,Te2OsCl2,1.200339695
1236,DyCuSe2,13.07685361
1237,BaIrF6,3.955388672
1238,Nd5CuSe8,21.35862165
1239,RbTmS2,1.35e-08
1240,Rb2SnBr6,18.4323349
1241,MoW2(Se2S)2,12.19334985
1242,Cd2BiAsO6,0.494419561
1243,ZnBiAsO5,0.016234713
1244,CdSe,6.294650216
1245,Rb4In2S5,1.4790196780000002
1246,Al2CO,0.000850562
1247,KNbSe2,29.72590485
1248,Sm3AuO6,16.38844605
1249,MnAlF5,6.59126873
1250,Ba2CaUO6,13.46949615
1251,DySBr,0.749708611
1252,BaAg2GeS4,18.58446935
1253,Sr2ZnMoO6,4.619963417
1254,Sm2CdS4,6.933031045
1255,Cd(InTe2)2,28.94927014
1256,Ba3BiP,5.841769454
1257,Bi2Pb2Se5,31.70582029
1258,Hg3(TeBr)2,6.842104687000001
1259,LiP(HO)2,4.289686219
1260,K2TeI6,18.13579369
1261,TaBi4ClO8,2.7404229360000003
1262,Tl3VO4,8.899079466
1263,K2TeSe3,8.112477906
1264,PrTlTe2,15.50383264
1265,Ca4Sb2S,31.24935253
1266,LiYF4,1.038704282
1267,K6Cu(SiO4)2,33.56061307
1268,TaTeBr9,13.07659554
1269,Th2SeN2,14.65568023
1270,YScO3,1.29e-13
1271,CaTiO3,6.829225867000001
1272,NbAgO3,30.38038595
1273,NaNdSe2,2.108752676
1274,CoP2O7,0.7431055390000001
1275,Rb2S5,8.260212888
1276,SrReN3,11.13197575
1277,Ho3AlN,4.446646093
1278,CdHg4C6S6(Br2N3)2,6.924584863
1279,Ba(MgSb)2,12.85974804
1280,Li2CaHfF8,17.75290298
1281,BaC2,1.96243957
1282,AgN3,4.066062377
1283,NaSmS2,0.340381429
1284,AuI,11.41903722
1285,Li3BiO4,14.48300706
1286,SbF5,18.60529648
1287,NaInSe2,16.06955276
1288,LiErSe2,1.106107187
1289,Cu2PbO2,21.19446129
1290,Li4VTe3O2,30.06520803
1291,LiSO3F,23.8501544
1292,Li4Cu(PO4)2,16.4240411
1293,VInO4,0.7764035579999999
1294,Cd(HO)2,0.031860224
1295,Ca4Sb2O,25.06095874
1296,InAg(PS3)2,19.46003338
1297,TiCoSb,16.11484685
1298,SmBi2BrO4,2.844715159
1299,ZrS2,19.46341714
1300,Li2NbOF5,21.97323632
1301,Na8NO3,20.27796756
1302,KCuSe,28.17807218
1303,MgBi2O5,30.75277407
1304,Ca5P8,23.89729559
1305,Ba2PdF6,32.68908608
1306,InBiO3,0.025992417
1307,BaPdF4,29.68850301
1308,ZnCdSe2,18.92729644
1309,Sr(MgAs)2,9.001845396
1310,MgUO4,26.21351064
1311,Ca6Sn2NF,7.888361257000001
1312,ScClO,0.000324827
1313,CuTe2Cl,12.21071271
1314,SrNb3NO7,20.51909361
1315,GeBi2O5,2.97e-05
1316,TiH2C2(NF)6,4.375405085
1317,Bi4Te7Pb,26.60086193
1318,MgCoF6,2.6105681
1319,TeWSe,7.690912142
1320,KPrTe2,9.839369013999999
1321,CuRhO2,17.60241449
1322,Rb2PdCl4,33.24797753
1323,Li4CO4,14.59399648
1324,Sr2H5Rh,31.5932041
1325,K2NaRhF6,24.91331384
1326,SmBr3,9.44e-05
1327,Rb3SbO3,0.080923382
1328,SmTlS2,3.5186546830000003
1329,ZrSe3,20.53442949
1330,BaCeO3,16.90732045
1331,RbAuBr4,20.75095398
1332,K3Nb3(BO)2,12.4776251
1333,Na2Te,0.293219045
1334,P4S3,5.451650046
1335,Ho2SeO2,0.058316343
1336,BaAg2(HgO2)2,14.45969487
1337,LuSbPt,5.841769454
1338,PPdS,21.26513916
1339,HgBr2,1.964731271
1340,RbNa2Sb,26.27759302
1341,Li2Co3SnO8,0.610418149
1342,CdO,6.673064984
1343,AgCNO,1.323753075
1344,BiSeBr,15.21871046
1345,MoWS4,20.40909086
1346,GaAg(PSe3)2,32.00260703
1347,CdGeO3,0.262517614
1348,SrLuCuS3,22.05553584
1349,K4CdP2,15.615662300000002
1350,I2O5,2.05e-06
1351,ZnSnO2,9.952068078
1352,ErTlTe2,11.97624583
1353,U3H2,22.67138781
1354,K2NaAs,29.12148937
1355,RbH2N,1.78e-15
1356,CrCl3,25.8428542
1357,LiSbPHO5,0.885032722
1358,NaCuO,27.53024847
1359,CdSiP2,22.59357196
1360,Mo2W(SeS2)2,24.24277705
1361,ThSeO,33.92402589
1362,Zn(InSe2)2,17.75931228
1363,Li6Br3N,0.214467308
1364,Ge3As4,24.1251734
1365,K4BeP2,7.553730972999999
1366,RbAuCl4,12.27796699
1367,LuTlTe2,10.09757013
1368,Dy2CdSe4,26.46626521
1369,Li4NCl,0.665483565
1370,NaAgO,25.99746602
1371,SiSnO3,2.17284674
1372,MgTiSiO5,2.112637437
1373,Rb2HgO2,2.886874573
1374,KTlO,4.9277504510000005
1375,HoMoClO4,0.203092465
1376,Cd2As3Br,20.96813508
1377,Li2PdF6,25.87624112
1378,Li2V2SiGe,27.98581715
1379,NaVO3,2.089062001
1380,ThTeO,20.40909108
1381,Li2PbO3,19.61405382
1382,ErVO4,6.229800344
1383,RbLiBr2,2.63172529
1384,Pr3CuSiS7,19.23910568
1385,CS2,1.967788766
1386,ErNiSb,0.522141021
1387,Ca2NCl,2.292838468
1388,RbYTe2,10.62841486
1389,ZrNiBi,8.731556592
1390,Lu2CdS4,15.91309784
1391,InCuSe2,21.35687764
1392,CaMnF6,3.209735449
1393,FeSiW,4.1271768610000015
1394,Zn(GaSe2)2,6.576098152999999
1395,Sb3O4F,0.027964877000000003
1396,KMn(SeO4)2,3.945946582
1397,Na2SO3,24.01227609
1398,Te7Mo6S5,12.8197507
1399,YbGeO3,1.25e-19
1400,RbTbS2,0.008077471
1401,Mg9Cu,1.21181485
1402,RbPt2Se3,32.33809069
1403,BCl(OF2)2,15.81631755
1404,AgAsF6,22.80169418
1405,RbCuC2,13.16606234
1406,Ba3AsP,24.41860632
1407,NdVO4,2.037026301
1408,AlSiTe3,23.32983131
1409,Tb2S3,32.28372022
1410,RbAuF4,10.71605303
1411,VCdAgO4,15.04415662
1412,YbS2,15.52319585
1413,PaTlO3,5.419496106
1414,MgAgAs,5.841769454
1415,CdCu2SnSe4,7.617103042
1416,Sr(ZnP)2,24.44672679
1417,TbBS3,2.376811306
1418,LiTl2InCl6,29.72043237
1419,Ca(NdS2)2,7.420284641
1420,DySbPt,5.841769454
1421,Ba2PrNbO6,0.24377802
1422,PI3,8.159843792
1423,LiMgN,1.332889073
1424,H3AuC2NCl,1.98e-06
1425,Sc3GaC,2.8331358910000004
1426,Al2ZnS4,2.122752161
1427,MgCu(SiO3)2,5.25054182
1428,Sn2OF2,0.003355223
1429,Al2HgSe4,33.49201447
1430,Na2HgO2,4.995333692
1431,K3VCO8,6.911215642
1432,CuBS2,18.68520867
1433,Li4Ca3(SiN3)2,0.949363369
1434,YIO,0.0007136639999999999
1435,PdBr2,16.05007784
1436,CuB(CN)4,3.170545821
1437,SbI3Cl8,19.24845927
1438,HoTlTe2,12.35113732
1439,Ca3UN4,29.35549135
1440,Li3NdAs2,4.155801495
1441,Ag2HgO2,27.58109735
1442,GaBiO3,5.619251337000001
1443,Bi2CO5,6.029644557999999
1444,SbHO3,19.65124757
1445,TlInSe2,31.72533921
1446,Te7Mo4S,24.62412511
1447,Mg2Ti3O8,3.002148998
1448,Rb2SnI6,14.73148696
1449,Al2BiS4,1.690006268
1450,LiN3,16.88141997
1451,NaScS2,4.134811832
1452,LuI3,8.470403266
1453,Mn5CoO2,0.7900548059999999
1454,DyAgTe2,33.97637192
1455,Tl2ZnI4,0.741412338
1456,Tb2Pt2O7,19.35383116
1457,CeHfO4,29.69943606
1458,AlBiBr6,1.160193624
1459,MgGe2WO6,12.58351242
1460,FeP4,19.57157898
1461,Sm2AlNO3,13.14807558
1462,LiBH4,8.549822215
1463,InPF3,33.04258738
1464,Mn3(OF)2,6.109603935
1465,DyNiSb,1.104269394
1466,Rb(SbSe2)2,21.10132968
1467,Zr(MoO4)2,0.666913971
1468,Ti(PS3)2,31.14378059
1469,AcH3,25.15088293
1470,Sr3Ga3N5,6.933031045
1471,K3SbS4,3.531363364
1472,PtS2,18.76194608
1473,TeAsRu,23.24186247
1474,AgBr,1.41e-25
1475,SbO2F,16.51889542
1476,SmPtF7,10.68220023
1477,SbCl4F,14.121997199999996
1478,K2Te2Pt,18.59796614
1479,BaNiO3,27.58376447
1480,KTlO2,16.76857574
1481,NaMgAs,18.10628324
1482,Zr2N2O,15.38253103
1483,Cd(InS2)2,8.876725242000001
1484,K3BrO,2.773065262
1485,Li2SO4,28.97431421
1486,Cu2SnTe3,0.445114434
1487,UO3,16.14307753
1488,Tb3BWO9,2.5e-17
1489,Tl3SbS3,21.11421111
1490,Pr2Sn2O7,1.3e-13
1491,SeCl,2.875546782
1492,TbPbAu,5.841769454
1493,BiSBr,7.772200521
1494,ZnBiO3,22.65623749
1495,RbAuC2,3.208405065
1496,HgPS3,8.83819885
1497,KAs4IO6,3.7e-20
1498,RbPbIO6,9.740872219
1499,PrCuO2,8.648759092999999
1500,KTiPS5,30.62924339
1501,Li5AuO4,10.27601502
1502,Ca3BiP,27.29823543
1503,WSe2,21.28895343
1504,Sr(CuO)2,25.89160412
1505,Nb2Bi2PbO9,4.514485206
1506,ScNbO4,0.293219045
1507,K5CuAs2,29.80717939
1508,BaHgO2,0.096482389
1509,HfTaNO3,4.757765946
1510,LiHoS2,0.441133921
1511,Ca4IrO6,0.8509780990000001
1512,Cu(HO4)2,30.83711109
1513,NaLiCO3,31.9623946
1514,AgAuCl4,32.1680647
1515,Cd(RhO2)2,33.51951269
1516,Au2O3,30.52503599
1517,LiNbTe2WO2,15.71867044
1518,Rb3H5Pt,0.012729191
1519,TmN,19.12216955
1520,Yb(DyS2)2,6.315443419
1521,Te9Mo8S7,32.69314653
1522,CrSiH2(OF)6,3.988079634
1523,AgPbO2,9.574191511
1524,KCaBi,21.24744102
1525,NaPPdS4,29.14877006
1526,Sb2S2O,20.04736393
1527,Dy2S3,32.19649586
1528,Ca3SnH2,13.5782965
1529,K2TaCuSe4,14.03042232
1530,Sc2ZnSe4,31.53538349
1531,Ca(BeAs)2,13.57442338
1532,PbC2(SN)2,0.711112183
1533,AuSCl5,14.37692344
1534,RbAgO,31.9194324
1535,GeS,17.66794262
1536,KHg2S(ClO)3,0.481810838
1537,BaTe,10.00512677
1538,Ba(InTe2)2,24.41465919
1539,Cd(GaTe2)2,13.08864355
1540,Ca3SnS5,29.38532586
1541,Ca3Sb2,25.34968343
1542,MgRhF6,5.841769421
1543,Ba3BiAs,5.841769454
1544,SrAlGeH,20.9850756
1545,Na3PS4,0.965413801
1546,Ba(CuSe)2,33.67547943
1547,TeI2,28.11568193
1548,Sr2InI5,1.461506722
1549,BeCrO4,14.84936917
1550,SeBr,13.396009
1551,MgWF6,2.474197417
1552,SrThBr6,6.415833342999999
1553,KPS3,11.71674746
1554,HgS,13.31593557
1555,BaSe,3.097431316
1556,Sr(CdP)2,30.44339017
1557,Sr3BiP,5.841769454
1558,MgTi2O5,2.452014909
1559,ErSbPd,0.264417538
1560,Ba(BS2)2,0.59900245
1561,KPAuSe3,22.16587302
1562,DyBi2ClO4,2.014016502
1563,ThNiSn,8.181955558
1564,NdSF,15.27892529
1565,K7NbAs4,25.992495
1566,Ca(ClO2)2,6.36e-08
1567,GaAgS2,15.3732572
1568,Li(CO)2,26.32339264
1569,SrHfN2,14.5089068
1570,Cd(InSe2)2,30.46113031
1571,CuBr,10.10364446
1572,RbTeAu,26.71546317
1573,CaTi2S5,31.29438766
1574,CuCClO,3.152449396
1575,BI3,0.434757293
1576,CaP,11.65482979
1577,BeSnAs2,27.65814029
1578,Si3NiP4,23.47064322
1579,P2Se5,28.90234758
1580,K4I2O,7.516811837
1581,IrF3,30.77579297
1582,Sr4P2O,23.59029336
1583,Sc2Ti2O7,2.89e-05
1584,LiAgO2,4.913996028
1585,MoSe2,30.4431685
1586,InBi2S4Cl,13.85062729
1587,Pt(SCl3)2,14.45581841
1588,Rb2VAgSe4,28.64071523
1589,InCuO2,13.55818733
1590,ScCuO2,10.0327696
1591,DyTiClO3,0.780084821
1592,HgI,11.38398421
1593,TbBi5O9,8.177569067
1594,MgTa2O6,2.69e-12
1595,YN,1.056889473
1596,Tm2TeO6,0.129767698
1597,KErTe2,3.218526785
1598,Li2GeO3,0.498960669
1599,Hg2P3Br,28.84030645
1600,Cd2SiO4,7.125440871
1601,Na3Ca2BiO6,8.759270303
1602,LiAlO2,4.086939621
1603,CeH3(CO2)3,2.624732129
1604,Nb(Te2I3)2,29.59193986
1605,Cu2HgI4,18.7523984
1606,GeS2,1.215119019
1607,Rb2TlInCl6,0.38450065
1608,Ac2S3,0.006312741
1609,KSiBiS4,7.377161525
1610,TlF3,3.452967338
1611,KInO2,2.06e-06
1612,PPbSe3,13.93555299
1613,BaYBr5,0.053191873
1614,Ca2Pb,31.62138626
1615,LuMoClO4,0.109000829
1616,BPS4,4.399135857
1617,KHoS2,0.051816290999999993
1618,Li2AlBO4,10.7451233
1619,Ca(CdP)2,27.92058118
1620,Na3AuS2,1.36e-07
1621,NaAuC2,13.93559424
1622,K2LiAlH6,5.320338034
1623,LiInSe2,24.04387584
1624,NaAsS2,20.89327609
1625,As2PbO6,0.470244287
1626,Rb2Pt3S4,27.8739858
1627,YBr3,0.830982326
1628,Rb3BrO,18.60004551
1629,HgCN2,3.132076313
1630,BeC2,15.47684016
1631,YbTe,1.073369174
1632,HgTe,27.60760539
1633,CaBiO3,5.737710002999999
1634,K4Na2FeH3F2,5.779966975
1635,GaCuI4,15.69522846
1636,Li2CdCl4,17.82117257
1637,MgCrO4,10.02273805
1638,LuSF,9.97e-14
1639,InSiTe3,23.32192635
1640,NaLi2Bi,20.33745112
1641,SnPSe3,24.3425896
1642,Ca2Ti3O8,1.953070777
1643,RbPrSe2,2.246265911
1644,As(IF2)3,7.895453292000001
1645,RbGeBiS4,10.44149545
1646,YbMgGe,5.841799611
1647,Tl3VS4,27.20164506
1648,VBiO4,13.48460976
1649,Li2B2S5,28.82470068
1650,CrCo3O8,0.035685777
1651,HoNbO4,3.15e-10
1652,K2Se3,26.07363411
1653,Li6Br3N,0.048110485
1654,RhCl3,29.35572506
1655,LiDyS2,27.10736785
1656,YbCrO4,10.57918734
1657,PS,7.253997985
1658,BaO2,0.428120985
1659,InCuTe2,32.20533535
1660,NbAlO4,1.640457769
1661,BiIO,8.488534794
1662,TlNO2,4.587542235
1663,HgI2,20.81788335
1664,TlSe,13.98864229
1665,TlBSe3,12.90395788
1666,KAgO2,24.91826056
1667,KInBr4,1.8e-15
1668,SbSBr,10.73811612
1669,Ca(PrS2)2,7.422322062999999
1670,Na2Te4MoO2,2.939018809
1671,InCuO2,11.67319517
1672,Mg(ScSe2)2,29.4739725
1673,Na4TiAs2O9,9.94071261
1674,ZnPtF6,12.4776251
1675,KTa(AgSe2)2,23.14035857
1676,BaCeN2,26.27316444
1677,K2S5,8.761375637999999
1678,CaCd3O4,20.81788334
1679,AlI3,0.321676072
1680,TbNiSb,1.490119279
1681,Tb3Si2S8I,3.389115804
1682,CaInBr3,0.208273495
1683,RbLiCl2,1.095935686
1684,CuBiO2,28.79257302
1685,Y2Be2FeSi2,5.841765274
1686,HgHOF,2.884248393
1687,Sc2TeO6,0.094316523
1688,ScBrO,4.02e-06
1689,YHSe,17.06045314
1690,HfMgO3,0.402773152
1691,K2LiBO3,9.33096324
1692,BiB,10.18955046
1693,HoH3,33.36554548
1694,RbNdS2,0.381265831
1695,SrHI,9.84e-05
1696,AuSeCl7,14.91117989
1697,Cd4SF6,1.022293413
1698,CdI2,1.524401581
1699,BaCaI4,1.05e-05
1700,MgGeAs2,30.15451162
1701,Pt(SCl4)2,14.46574197
1702,Sr5(AuO4)2,24.24127051
1703,Rb2VCuS4,27.59918949
1704,SnSe,27.3502274
1705,HoBiPt,5.841769454
1706,BaSe,18.75107804
1707,ZnWO4,2.66e-11
1708,KNa2Bi,31.28090051
1709,ZrBrN,17.75931228
1710,K2B2Se7,7.636457181
1711,ErPbAu,5.547042392000001
1712,LiTmO2,22.31748208
1713,LiCaN,1.95158074
1714,Nd2PbSe4,16.4092889
1715,TiFeTe,14.71130214
1716,Rb2NpO4,19.53832817
1717,Rh2S3,7.940136328999999
1718,In2Se3,14.846092
1719,AlFeF5,16.85118409
1720,Mg2Ta2SnO8,1.569722771
1721,Al2ZnSe4,0.041994681
1722,Ta(TeBr3)2,30.95448914
1723,Nb2Tl5S4Br9,22.34610215
1724,NaBiO3,22.71787797
1725,HfSiRu2,1.934385865
1726,Sc2TiO5,0.662227082
1727,Dy3BWO9,2.49e-17
1728,Ba4NaBi3O2,30.38155462
1729,TiAlFeCo,0.041982586
1730,BaTe,21.58891716
1731,Bi2TeO2,3.745606629
1732,Sr4RhO6,1.67087476
1733,Y2SeO2,0.76346309
1734,VFeH2O5,0.050072461
1735,ErCuS2,19.07277888
1736,AgPS3,18.565068
1737,Li8PbO6,0.986900796
1738,SiGe,33.14163938
1739,Zn(SbO3)2,26.08407518
1740,GaAgSe2,31.49217901
1741,IrCl3,18.65675017
1742,LiHO,9.69e-05
1743,LiGaO2,0.103178375
1744,NaNdS2,5.259959814
1745,Li5CuSO2,9.33096324
1746,Rb2NbAgS4,12.41708815
1747,Na3SbO4,0.35577568600000004
1748,Zn(GaS2)2,0.13988556
1749,KYTe2,9.716607497
1750,TmTlO2,14.99270221
1751,Lu2ZnS4,2.202504742
1752,Mg(SbO3)2,18.85091744
1753,PBr3,3.94e-06
1754,Sm3PbC,1.3862298030000002
1755,Li7Mn(OF)3,4.920744641000001
1756,Sc3InN,2.273278422
1757,W3(SeS2)2,33.72017629
1758,Li2ThN2,3.793455172
1759,Na2Se,0.059139617
1760,TiPN3,28.9933937
1761,K2PaF7,1.07e-05
1762,K8NO3,7.483631889
1763,TaTeCl9,1.178554042
1764,YWN3,27.40843625
1765,K2NbCuSe4,19.80958454
1766,LiCaMgSiN3,2.860000000000001e-05
1767,NdN,22.99923413
1768,BaPdS2,5.781532156
1769,KTcO4,0.308986799
1770,TiZn(GeO3)2,8.57910652
1771,Ba3MgNb2O9,1.115386664
1772,TaTeBr9,13.07007029
1773,InSnBr3,33.461054700000005
1774,CaVF6,7.590000000000002e-19
1775,Ba3PN,16.31940087
1776,AuCl,11.64419035
1777,TaTlPt,29.52057113
1778,RuF6,19.58308736
1779,CuO2F,4.032932724
1780,RbAgO,11.58864631
1781,Rb2Ti(SiO3)3,3.968476545
1782,BaP3,25.06918428
1783,Y3TlC,2.260893965
1784,Li4PbO4,10.68220023
1785,CaGeN2,2.7300000000000003e-12
1786,Na4I2O,0.064595982
1787,KGeCl3,19.40954998
1788,In5AgSe8,31.50780099
1789,SeN,22.10036888
1790,Ga3Os,29.51121159
1791,Al2HgTe4,24.51254573
1792,LiY3WO8,30.6790078
1793,K2Sn(AsS3)2,16.61318272
1794,K2IrF6,2.550778744
1795,LiV(OF)2,22.03273143
1796,HgS,20.53561471
1797,YCuO2,3.054395875
1798,TmSeO3F,2.108761435
1799,InBr3,0.316913307
1800,VBiO4,5.441524812999999
1801,Ba2ZnN2,30.42649182
1802,PdSO4,6.859081151
1803,GaCuO2,16.25957539
1804,KNiIO6,31.28341749
1805,Na2CdSnS4,1.7164088080000002
1806,AgB(CN)4,0.000375586
1807,TlAs,5.841769454
1808,Ca6Ge2O,14.31709165
1809,Ni3Pb,0.405736725
1810,HfPbO3,0.965445403
1811,Er3GaC,0.06469606
1812,Li5SiP3,29.43010795
1813,AsI3,12.96050813
1814,LiYS2,23.05261667
1815,BaHfN2,17.48752411
1816,ZrS3,27.3100393
1817,SbCl(OF3)2,19.24923327
1818,BiBr,29.83942736
1819,As2Ru,16.09411641
1820,Tl2CdTe4,8.449811352000001
1821,Ca3N2,13.69390535
1822,LiNbWO6,5.738919007000001
1823,HgIBr,5.442404354
1824,Rb2Mo3,0.048110485
1825,TlBCl2,31.24649282
1826,TaTl3S4,2.819197332
1827,ZrNiSn,10.41621994
1828,BaLiH3,0.384749018
1829,TcF6,4.15296288
1830,GaP,6.634159181
1831,IF7,13.49509059
1832,SnBrCl,23.89712009
1833,HgF2,0.557552511
1834,ZrSO,33.98150182
1835,Te4Mo3S2,27.29021843
1836,TlGaSe2,33.81743975
1837,LiClO2,7.612769527
1838,BaErCuS3,26.73194052
1839,ZnSnP2,29.38532586
1840,Li6WO6,1.53e-07
1841,Sr(BS2)2,1.003758851
1842,NaNbSe2,23.12734565
1843,SnI4,31.77988399
1844,Ca(SnO2)4,12.47893537
1845,InBrO,0.050125384
1846,KP,24.51453126
1847,ZnGeN2,5.704116032000001
1848,RbAuO,12.38038642
1849,TiSiPd,12.19970098
1850,Sb4Br2O5,0.033920032999999995
1851,HfTiO4,2.679728303
1852,RbNO2,0.694040928
1853,MgTiO3,0.007861146
1854,AgPtO2,8.032284868
1855,MgCl2O,0.000264818
1856,BeGeP2,18.29453227
1857,Ca3PN,31.69240134
1858,Y3CuGeS7,16.71390478
1859,NaTlO2,19.25541084
1860,Na2PdC2,27.31689463
1861,Rb2P3,28.50309502
1862,Nd2SeO2,0.000229041
1863,KAg2PS4,15.09683322
1864,SnBr4,1.138695195
1865,NbTlBr4O,24.53766811
1866,Li3N,2.93298168
1867,NaYb(PS3)2,21.78027247
1868,K2CuBr3,2.596650749
1869,KAgO,11.3462699
1870,VCl3O,19.55273159
1871,PtPbF6,7.896994121
1872,BiSI,12.26908078
1873,NaInO2,2.92e-05
1874,HoSbPt,5.841769454
1875,Li2PdO2,22.08814966
1876,HfBRh3,1.327388067
1877,BaAgP,12.09320983
1878,ErSCl,0.022542824
1879,MoSBr,32.661993800000005
1880,Ba2PCl,26.52905378
1881,RbNdTe4,11.08073472
1882,KLiTe,0.104824895
1883,NaSb(PS3)2,6.975838587999999
1884,CaCdO2,1.751250785
1885,BiSCl,7.297057315
1886,Tl2Au4S3,31.17247754
1887,GeSb4Te7,12.31968343
1888,Cd(AgI2)2,4.73688276
1889,LiAuC2,9.523930242
1890,RbBiF6,1.862604959
1891,CdTeMoO6,0.001990064
1892,Ca3AsP,32.26599483
1893,Ga2TeS2,4.633648086
1894,RbSmS2,0.030126028
1895,K3SbO4,0.44968068
1896,NaDyS2,0.030759925
1897,PbWO4,0.006234882
1898,Er2TeO2,20.21932592
1899,SnSe,20.8199857
1900,Ba2HoNbO6,0.665777639
1901,Rb2NiF6,33.40217565
1902,K2CeSi6O5,16.14419718
1903,Nb2O5,8.163455678
1904,LiMgVO4,7.873780117999999
1905,Ba2TaBiO6,0.8432390190000001
1906,Cr(BH)6,2.623708889
1907,YMoClO4,0.229086917
1908,Sr2H3I,0.631755085
1909,Ca3BiSb,12.79640166
1910,Li3VS4,13.92565771
1911,PBr7,19.611835
1912,TcO3F,3.2213035060000004
1913,BaTe3,27.89126565
1914,SrS3,15.89683144
1915,BaYAgSe3,20.01507847
1916,ZnPS3,0.962902349
1917,CdIBr,1.05948685
1918,Ba3N2,25.04665383
1919,Pd2Cl2O,16.14937496
1920,Pr3Si2S8I,2.465311415
1921,SrSe,0.549506577
1922,LuBi2ClO4,1.3549087780000002
1923,PdCl2,28.86848652
1924,LiDySe2,23.76585748
1925,PbSe,22.49665627
1926,Nd2TeO2,3.161911438
1927,Nd2TeS2,10.50466812
1928,DyN,23.56163454
1929,Na2CrH2F8,5.59723083
1930,Sr3TbRhO6,19.86225893
1931,Ag3AsS3,13.53001237
1932,V5Sb4,0.029977514
1933,Ba(CuS)2,33.25526079
1934,CdGeP2,30.24454377
1935,MgSiAs2,20.89327609
1936,SbPO5,0.462810999
1937,LuBiO3,0.030062079
1938,Rb(CO)2,0.005219209
1939,KRuF6,4.405565064
1940,Rb2PdI6,9.446029373
1941,NaAgO,17.62778514
1942,HgSe,28.30750028
1943,Y2NCl3,1.216797289
1944,SmBi2IO4,2.8290465310000004
1945,TbTlTe2,12.51988925
1946,Y2MgS4,9.645605799
1947,Sr(BeN)2,1.847305797
1948,NaSr3BiO6,7.309406682
1949,Y3InC,2.710190992
1950,Dy2CdS4,19.25255555
1951,CaPdF6,23.8842063
1952,Ti4Bi2O,5.702241495
1953,ZnO,0.034583829
1954,P4S5,4.0728572110000005
1955,Li2YbPb,3.656469948
1956,K2RbBiSe3,4.294939502
1957,ThCN,13.67646263
1958,SBr,7.059389204
1959,Ba2ErNbO6,0.7213591020000001
1960,Sm2Se3,31.69870286
1961,BaAlSiH,21.21528918
1962,PW4Cl,22.64961496
1963,Ca3Bi2,5.841769454
1964,TlAsF6,3.04e-07
1965,SrTiN2,33.63028228
1966,CaHI,3.27e-08
1967,InGeCl3,20.28738541
1968,TcAgO4,26.06974516
1969,PbBrF,6.37e-05
1970,Sr(MgSb)2,11.56708725
1971,Rb3GePSe7,15.72546041
1972,RbPbBr3,8.621192089
1973,CuH2(IN)4,21.34313178
1974,K2GeAs2,25.33342084
1975,AgRhO2,19.69166376
1976,BaZrO3,0.000127435
1977,Ba2Li3TaN4,2.194527706
1978,KSc(MoO4)2,2.14e-06
1979,Mn(Sb2O)2,4.752777185
1980,TlTe3Pt2,0.036004704
1981,Rb3P,22.48081615
1982,HfS2,8.795019401000001
1983,AlSeBr7,2.90907504
1984,Rb2PtI6,32.80357042
1985,LiAlAs2O7,31.45504809
1986,Au(OF3)2,17.81787221
1987,Sr2ZnCu2(SO)2,13.36899791
1988,AsCl2F3,6.19e-09
1989,DyI3,11.21088374
1990,CaCrO4,10.89324885
1991,Ho3SnC,0.46999952
1992,RbLiSe,2.68e-12
1993,BiTeCl,26.46626521
1994,Tl2PdCl4,19.60740227
1995,CuCl,6.7836840910000005
1996,ErCuSe2,13.2891527
1997,Li2VO3F,28.90123950000001
1998,Ca3N2,33.23918825
1999,Sm2SeO2,2.56e-05
2000,RhBr3,30.44632877
2001,Tl4V2O7,15.67720025
2002,DyPbAu,5.841769454
2003,Hg(SbO3)2,7.355981851
2004,PrZnSbO,26.41629245
2005,BaSe3,23.29769007
2006,PrI3,10.99791403
2007,LuTlS2,0.7687772359999999
2008,SbBr3,0.044811504
2009,YBi2BrO4,2.206778958
2010,Cd(GaSe2)2,8.470403266
2011,KVOF4,1.077463838
2012,Yb2S2O,29.69477167
2013,K3NbSe4,20.28738541
2014,SbS2NCl6,19.17681497
2015,Li2CuSb,14.50699641
2016,Zn(GaTe2)2,19.1325277
2017,SrZrO3,7.5e-19
2018,VAgO3,33.07932166
2019,NdZnAsO,30.41733461
2020,NaUBO5,21.82307738
2021,TeO2,12.43216371
2022,SmCuO2,5.342776208
2023,ThNF,2.911399464
2024,Sr4Bi2O,29.06609924
2025,CaS,0.010062976
2026,ScPS4,28.24330684
2027,Te2W3S4,0.79671821
2028,NaLi3(H2N)4,3.240758421
2029,RbBiO2,1.040731048
2030,ZnPbF6,6.393060666
2031,LiNiPO4,2.437261133
2032,KBiO2,2.221528201
2033,Li2Cr2O7,32.25645888
2034,ZnSiP2,22.37771086
2035,RhF3,24.81164236
2036,RbPb2Br5,7.76e-10
2037,ErAgTe2,33.22125487
2038,Cd2P3Br,14.99934961
2039,Rb2NbCuSe4,19.82685683
2040,ErSbPt,5.841769454
2041,Li2BeSiO4,8.840453815
2042,RbIn5S8,10.02175894
2043,Te3Mo2S,11.51767074
2044,V2ZnO6,21.27924331
2045,CdGe2O5,0.936454856
2046,UOF4,12.5377655
2047,ScCuS2,21.93670687
2048,ThSnPt,23.63097333
2049,BaTiO3,5.096002808
2050,MgSnO2,10.36451533
2051,KAgSe,22.15752789
2052,K3CrO4,0.7988972609999999
2053,NbBi3O7,16.99216335
2054,CoH3(CN)6,1.103600713
2055,V2Zn2O7,10.9704957
2056,Pd(PbBr3)2,31.15985752
2057,YVO4,2.515406554
2058,Ba2TiOF6,8.820000000000002e-12
2059,RhF3,10.89323768
2060,TiOF2,0.7681027859999999
2061,AgPO3,1.121279965
2062,AgCSN,0.780084821
2063,K2Fe(CO)4,0.00095573
2064,CaTiSiO5,2.139214824
2065,LiInSe2,17.99128327
2066,VCu3S4,25.58997449
2067,K2PdO2,28.71251115
2068,Sn2OF5,2.492932988
2069,Na2H6PtO6,5.259959814
2070,Nd3Si2S8I,2.543222521
2071,NdCuTeO,13.23327592
2072,BaSiO3,9.287863903
2073,PbCN2,1.619467227
2074,Ba(MgBi)2,32.27398066
2075,HoSF,12.08538577
2076,K2PdCl6,25.47696821
2077,Yb(MgSb)2,11.32972721
2078,TiBe2Pt,6.575766749
2079,Rb3BP2,6.512027635
2080,K3As,28.26415865
2081,NaNbO3,3.636177424
2082,Ca3AsCl3,13.25799933
2083,BaO,8.28e-10
2084,TmSbPt,5.841769454
2085,Pr3SnC,0.200044097
2086,HfSe3,22.528854
2087,Mg(SnO2)4,9.47358549
2088,Si2W,4.065986928
2089,Li2TiF6,33.78991019
2090,K2NiF6,32.47499191
2091,SrC2,0.378669667
2092,CeSiO4,29.82371587
2093,TbAgTe2,33.38011014
2094,AlAuO2,1.21154372
2095,Ca(DyS2)2,6.838821239
2096,TiHgO3,2.666439311
2097,Mn(CO3)2,22.80821207
2098,LiTbO2,3.112997714
2099,K2H4Pd,5.271476874
2100,Sr3SbP,5.841769454
2101,TlCl2,8.44771051
2102,PmH3,11.27583904
2103,Mg2NF,1.63e-08
2104,Ca(ZnSb)2,10.42577232
2105,Na3N,0.7041955879999999
2106,NaAgO2,23.26538384
2107,Li2DyIn,1.612337067
2108,NdSBr,1.4957274980000002
2109,TiBeIr2,0.21076311
2110,TeRhCl,28.59608794
2111,Ag2H2IOF,11.42219912
2112,Co(ReO4)2,0.219412
2113,BaSiC,19.99572601
2114,Li2MgSi,3.639213725
2115,Ca(AlSe2)2,0.00595601
2116,BaWN3,28.92885114
2117,VAg3O4,13.69819427
2118,AgH4WS4N,17.75672233
2119,Ba(GaTe2)2,20.44696673
2120,Li2NiO2,0.34024467700000005
2121,PdSeO4,17.00283093
2122,MgWO4,1.6100000000000002e-08
2123,Sr3PN,33.56147895
2124,Sr4Sb2O,28.45026895
2125,Na2PtS2,15.12653994
2126,SrS2,1.951180851
2127,Ag2PbO2,12.5421994
2128,AgPb2Br5,6.2837340789999985
2129,CaGaGeH,11.27534004
2130,DyTlO2,18.48581638
2131,InClO,6.41e-06
2132,Ba2HfS4,22.87704105
2133,ErVO4,2.343796632
2134,Yb2AsAu,21.71150764
2135,AlP,3.527409871
2136,Th3As4,17.70492441
2137,Ag2HgSI2,17.23541851
2138,Nb3Sb2Te5,29.22735623
2139,Sr3P4,17.05246522
2140,Ba(CdSb)2,7.782733706
2141,K2SrTa2O7,0.010852293999999998
2142,Tm2TiO5,0.6938307229999999
2143,Na2CuP,23.20384724
2144,RbAu(SO4)2,19.62750544
2145,Tm3SnC,4.101123008
2146,YbMgNiH4,13.58903822
2147,TiZn(BiO3)2,8.099637197
2148,AlPO4,13.09498575
2149,H2CO,1.05e-06
2150,BaPbF6,3.73e-16
2151,Ca3SbN,31.84220544
2152,Li3BN2,2.9e-08
2153,Cd(AuF)2,26.08884374
2154,PbIF,4.4716611980000005
2155,Na2PtO2,11.26445687
2156,Li2CaPb,0.089626568
2157,PrBi2BrO4,3.191955881
2158,Ba3SbAs,5.841769454
2159,SiB6,0.083236243
2160,K2NaGaAs2,19.15725674
2161,Nb2MoO8,24.83420197
2162,Ca3AsN,33.47665612
2163,SnPS3,14.34973858
2164,OsCl4,13.39696569
2165,Na3SbSe4,21.70619935
2166,Ca2NF,1.975641427
2167,Ca4Bi2O,25.44345267
2168,AgHgSI,13.46762555
2169,Sr2CdAs2,33.36563777
2170,NaTbSe2,0.448226555
2171,Tl2GeS3,12.4256952
2172,BaTm2O4,1.77e-15
2173,Sr2SnS4,0.8041340790000001
2174,LiScMo3O8,30.42847219
2175,Pr4S3NCl3,0.410624846
2176,GeSe2,8.570863672
2177,ErNbO4,0.000360093
2178,RbAuBr3,11.75583681
2179,BaCuSeF,21.41175064
2180,HgBr,1.807047111
2181,Te(HO)6,3.649876006
2182,KTlCl4,0.65628271
2183,RuS2,27.0750398
2184,Ca2AlBiO5,9.56e-05
2185,Rb2NaSbCl6,0.012326666000000002
2186,HoI3,12.27796699
2187,GeI2,3.342631677
2188,NbIO2,26.61358127
2189,Li3ClO,1.052324834
2190,YbTiO3,4.867489639
2191,KRbO,2.97e-05
2192,Li4CO4,19.04053337
2193,SrMoO4,3.27e-10
2194,HgSeO3,1.4137895930000002
2195,Rb2PtF6,8.564682526
2196,NbI2O,27.18097934
2197,Li2VOF5,3.274502135
2198,RbAuN2,26.486931
2199,NaCuTe,13.92872111
2200,Sr2ZnN2,31.3561336
2201,ZnBi2O5,8.579073595
2202,TiS3,1.402669071
2203,TbNbO4,8.52e-12
2204,Sr2NCl,5.18042974
2205,ErBi2BrO4,1.935117467
2206,SiBi2O5,2.54e-17
2207,LiNbS2,18.23107596
2208,LiTaO3,8.529745187
2209,ClF,0.260086219
2210,CuAsPbO4,24.85470571
2211,W3O8,10.80269431
2212,GaCuS2,31.78969218
2213,Li4VO4F,0.305634699
2214,Ga2Os,18.49386647
2215,TlSbO3,9.419973512
2216,NdBN2,3.240798182
2217,Ca2SnN2,26.95426185
2218,Na2TiO3,0.39191529
2219,Sr2H6Ru,13.44713159
2220,GeSe,5.841769454
2221,Rb2PtSe2,15.26487279
2222,RbCrF6,9.177611912
2223,TeWO6,7.142302047
2224,PmI3,6.803973742
2225,SbCl5,9.331381908
2226,CoBiO4,0.951369633
2227,Ga3Fe,14.90189447
2228,Te6Mo2W,26.93580675
2229,AgAsO2,0.315459915
2230,HCl,4.794618383
2231,AgSb2F2,5.170037652
2232,DySCl,0.088242374
2233,P2Pd,9.203235169
2234,Be2FeW,8.717610347
2235,CaP3,7.310915757999999
2236,MgAs4,32.27610934
2237,KNb(AgSe2)2,29.99909332
2238,Yb(ZnP)2,18.24812638
2239,Zn2PtO4,18.89811562
2240,CaSbAu,0.081082419
2241,TaCuN2,15.19505311
2242,Co3SbO8,0.971152895
2243,Li2Ag3F6,1.838341936
2244,WS2,21.62529348
2245,TmAgTe2,16.38662307
2246,LiSnPO4,27.96682109
2247,Cu2O,14.63745222
2248,ZrC,30.02744173
2249,Cd(GaS2)2,0.549059241
2250,Zr3N4,32.39013077
2251,TiZnF6,0.009438928
2252,NaYSe2,1.932810693
2253,Sr2UNiO6,1.264509687
2254,Sm3NbO7,1.846137602
2255,Na2GeS3,0.13558077300000002
2256,Be4TeO7,10.05509681
2257,TaAgO3,12.90635805
2258,Ca3SbAs,10.42577232
2259,LiNd2HO3,0.000516314
2260,Pr2Ti2S2O5,31.88245859
2261,Rb3BS3,0.009344812
2262,Na3AgO2,8.877417406000001
2263,Sm2PbSe4,15.06922491
2264,Pd(SeCl3)2,33.02088288
2265,Na4HgP2,16.0305301
2266,TbO3,1.162855958
2267,Li4CuF7,5.841769454
2268,Dy2Zr2O7,0.014610884
2269,Rb2O2,2.92e-11
2270,GaSb,18.25443415
2271,K2TiCl6,12.73991264
2272,CaPtF6,7.066310385
2273,Tl2TeBr6,8.160726293
2274,NdTeF,32.11095444
2275,TbBr3,0.059139617
2276,Tl2Sn(AsS3)2,26.40581875
2277,Ti(WO4)2,3.803864427
2278,Ca(PrTe2)2,32.17644049
2279,Li2MnSi3O8,5.036919993
2280,Ga2HgTe4,32.19649586
2281,AlICl6,0.529048245
2282,InI3,6.329522474
2283,Ca2Ge,31.78786885
2284,TbCl,2.106516757
2285,BaAuO2,26.25246711
2286,As2Ir,29.40952677
2287,BiSeI,15.746191
2288,NaCoO2,1.541197448
2289,GaHO2,0.000189778
2290,ErH3,5.8794235289999985
2291,ScN,9.124590753
2292,Hg(BiS2)2,27.3247407
2293,KAuF4,11.96627786
2294,VCuO3,24.68175042
2295,Sm4S3N2,23.28970175
2296,IrI3,29.67853828
2297,K3VO4,9.84e-05
2298,Ba(BeN)2,12.59447793
2299,LuTlO2,16.06535846
2300,Yb4As2O,20.38958983
2301,BiTeIO3,2.41005953
2302,TiF2,0.155545687
2303,Rb3BAs2,11.82503968
2304,MgP4,31.08740884
2305,AlCuTe2,15.123879
2306,Rb2NaRhF6,26.71358622
2307,LiSi2NiO6,3.008077246
2308,TlIO4,15.92152897
2309,TlSbTe2,11.23909739
2310,KHfCuS3,33.12004663
2311,Na2TlBi,19.18953392
2312,SmTlTe2,14.311679500000002
2313,ReAgO4,15.77296768
2314,Te2W3(SeS)2,21.46715444
2315,KLi3PbO4,8.962915813
2316,Al3Te3I,10.59401177
2317,ScTlS2,19.38573936
2318,PrH3,32.11589055
2319,SrCaI4,0.11317057
2320,NaErSe2,0.650781905
2321,LiNbP2O7,4.217038627
2322,Mg(AlSe2)2,18.10628324
2323,Nb2Tl5S4Cl9,23.83814122
2324,Sm3CuSiS7,17.54294346
2325,ZrSnPd,0.017520584
2326,VAgHgO4,23.50136151
2327,K8N3O,3.926381971
2328,SnS,25.51356689
2329,LiVWO6,2.948071742
2330,Te3MoWS,2.513023815
2331,CrCl2,10.91818652
2332,KAcTe2,30.77496962
2333,Yb3PbO,5.841769454
2334,Li4H6Ru,14.73995251
2335,Cu2SnHgSe4,5.841769454
2336,Ta2Te4O,31.06792837
2337,NaLiICl,23.06674011
2338,Ca2Mn(PH2)2,4.485251506
2339,Cu2SO4,28.86107719
2340,Pm2S3,0.854129633
2341,Ca3WO6,2.91e-11
2342,AlInO3,5.85e-15
2343,TlPt2S3,32.74025953
2344,Pr5CuSe8,21.45175632
2345,Sr4S3O,4.1270224189999976
2346,RbAgO2,26.82500799
2347,Fe(HO)2,3.053642458
2348,Cd(AuF4)2,15.68290027
2349,Te3MoWSe,5.84178706
2350,GeRu,0.900223958
2351,PmBr3,0.17796038100000006
2352,RbSnCl3,28.12407924
2353,Ba(CuO)2,30.44641602
2354,LiBeN,4.47e-13
2355,CaSi2SnO6,7.48e-19
2356,V2Zn3O8,5.143842156
2357,AgCNO,1.253990967
2358,NdTeCl,29.32125557
2359,AgN3,4.066869697
2360,WCl4O,8.33589116
2361,As(IF3)2,32.31086103
2362,Mg3BN3,12.08538577
2363,Li8CeO6,13.54057428
2364,In2Te5,26.48874567
2365,K2NbAgS4,13.34235926
2366,ZrSiPd,15.13864061
2367,HfSnPd,2.5161625880000003
2368,Li4UO5,14.38846392
2369,InSb2S4Br,18.27398407
2370,Cd2SiO4,0.933312481
2371,Sr2HgPb,3.930230999
2372,NaSrP,23.23234758
2373,CaPAu,0.268919614
2374,BiPbClO2,2.317315338
2375,LiNdTiO4,22.91492508
2376,CrHgF6,4.395089915
2377,RbAsSe2,13.57510557
2378,ScAgSe2,20.53610345
2379,AsCl5,13.83057207
2380,K3AlTe3,3.653671369
2381,Ta3SeI7,28.70002841
2382,VInPt,0.045657737
2383,CuBiS2,25.71755288
2384,TiSCl6O,10.85499522
2385,Ba2Ti3O8,5.925378152
2386,MgNiF6,27.95971838
2387,Rb3ClO,10.57918723
2388,LiCuS,9.536194367
2389,K3Na(RuO4)2,4.591048565
2390,K2Th(CuS2)2,33.64803057
2391,Sr2SnO4,1.85e-22
2392,RbPbCl3,2.025726412
2393,Sr3BiN,29.68568031
2394,Zr2SN2,11.58078101
2395,Ba2CaIrO6,1.059232268
2396,HgSe,5.841769454
2397,SnO2,26.26035532
2398,NaSnN,10.72644128
2399,SrAgP,22.44768866
2400,TmNiSb,0.30178756
2401,NaRhO2,26.74225555
2402,K2CuP,27.44646551
2403,Ba2ZnAg2(SeO)2,14.02328084
2404,Cd2P3I,13.2182033
2405,NbSbO4,2.22367703
2406,Sn(PS3)2,23.52403302
2407,SbTe2F6,24.61277543
2408,CaCuP,1.096829991
2409,Li3CuF6,2.767073918
2410,AgNO3,3.875719769
2411,AuCS2Cl3,16.02135015
2412,K4ZnAs2,18.04925625
2413,CdHgO2,30.20663286
2414,SrCuAs,7.977644402
2415,Yb(BiTe2)2,29.59429366
2416,BiSeCl,10.88716548
2417,NaCuO,5.841769454
2418,Ca3Zn2(CuP2)2,9.235230608
2419,SmIO,8.86e-07
2420,LiBBr2,21.95766195
2421,Be2NbRh,10.5736507
2422,SrTiSi2O7,0.370921282
2423,RbGeI3,30.43514547
2424,Ba2NCl,20.48407484
2425,TaCu3S4,15.67551863
2426,Mg2ZnAs2,22.13497985
2427,NaNO2,0.02949056
2428,K2PdBr4,30.77914307
2429,Ba2TaBiO6,0.13988556
2430,Na4NpO5,14.24782329
2431,RbNdSe2,1.966134815
2432,SmSF,13.73818556
2433,Ca(CdAs)2,33.83127704
2434,Lu2S3,0.440291063
2435,K2ZnO2,2.97e-05
2436,CdBiS2Br,11.70209197
2437,Li2CaGe,3.680761551
2438,Ga2BiS4,1.768340649
2439,Nd2Ti2S2O5,31.26317089
2440,Te2Mo2W(SeS)2,0.88014221
2441,PrVO4,1.902864605
2442,CaGe2O5,1.07e-16
2443,NaFe(SeO4)2,3.941084433
2444,NaZr2NiF,4.742319953
2445,Zn(PtO2)3,22.66704787
2446,Rb2Ag2GeS4,7.185971355
2447,Ba2SmNbO6,0.632578558
2448,Zn(CoS2)2,11.65774195
2449,PtI3,28.52253731
2450,K3H5Pt,8.39e-10
2451,AlSbO4,8.161994983
2452,GePb3O5,6.021613565
2453,AlTlO2,1.567193344
2454,LiH2N,1.090379507
2455,VO2F,2.276659151
2456,CaNiTe,5.841769454
2457,K2BrCl6F,33.45262131
2458,CdSe,21.70619935
2459,RbCaAs,10.08506974
2460,Hg3As8(S4Br3)2,8.57910652
2461,Cd3AsI3,23.63228879
2462,Na4SnS4,0.7213591020000001
2463,K2P3,30.31815626
2464,SiO2,0.000195351
2465,KAuSe5,32.26103764
2466,KRbS,3.27e-10
2467,TlI3,18.78540818
2468,Mo3(Se2S)2,18.10799591
2469,Ba(MgP)2,12.06327145
2470,BaMn2O8,21.27328623
2471,YbC2,2.4119916740000003
2472,KCu4AsS4,28.98296832
2473,SbSeI,19.45470404
2474,PdSeO3,6.57337293
2475,MgScGa,4.010644315
2476,KPrSiSe4,4.921339113999999
2477,Na2PdF4,33.24733646
2478,Ir2S3,29.29264921
2479,ZrTiO4,5.611780326
2480,MgMnF6,3.053642458
2481,K5Au(IO)2,1.814220781
2482,NaV(OF)2,4.461298004
2483,Ca2AlSbO5,1.7699999999999995e-19
2484,KAgC2,1.220386237
2485,ZrO,0.041377653
2486,HfZnN2,0.949291323
2487,K2Sn2O3,11.10453534
2488,V3Co5O6,3.0945732230000003
2489,NaPaO3,1.3802865009999998
2490,SrCrF6,5.148969973
2491,TeAuI,29.76491683
2492,K4HgP2,14.332222
2493,RbAcTe2,23.01132652
2494,Ca2ZnN2,26.94362153
2495,B2S3,13.65577351
2496,La2MoO6,1.5199999999999998e-07
2497,Bi2SO2,19.61419774
2498,K2PtBr4,20.30161485
2499,Ga2PdI8,32.06477072
2500,LiBi(PdO2)2,26.34915521
2501,HoAgTe2,33.46167299
2502,InTeI,17.40817926
2503,NaSr4(BN2)3,3.81e-13
2504,NdNbO4,1.27e-13
2505,TlInAs2O7,0.32074785
2506,Ca2PI,13.03286407
2507,Na3VO4,4.73e-21
2508,TbN,23.62926687
2509,Ta(TeCl3)2,29.93226008
2510,K2Sn,0.126878965
2511,KNa2Sb,24.44678767
2512,AlWO4,26.17024503
2513,GaTeI7,13.70124006
2514,TaAlO4,3.089605022
2515,Sn3(PO)4,3.44e-14
2516,Ca2IN,2.88634948
2517,RbCuO,19.65212445
2518,CdPbF6,0.001326715
2519,Pd(PbCl3)2,31.80107454
2520,Pb2ClOF,0.121325559
2521,ScSbPt,20.83289016
2522,LuN,15.77295074
2523,K2GeSe3,7.938462747000001
2524,Rb2Pd3S4,28.95864651
2525,VOF3,14.0310579
2526,DyTlTe2,12.641598
2527,Cd(PtO2)3,12.40458005
2528,Ba(CO)4,0.016067315
2529,K2Sn(AuS2)2,6.600757619
2530,Tl2InGaF6,5.789829018
2531,KCdSb,9.478291386
2532,Er2SeO2,0.105022222
2533,HoPtF7,11.62548927
2534,ZrCl,0.385447589
2535,K2SiAs2,17.69161803
2536,TlS,21.04882023
2537,K4P2PdS8,23.13396628
2538,Sb(IF3)2,33.07844703
2539,Ce(WO4)2,32.29485341
2540,Ca(PIr)2,14.91058012
2541,WSCl4,16.26815804
2542,TlAsS2,14.5660119
2543,CaThBr6,6.274198514
2544,Rb2SiAs2,14.20834084
2545,RbBaTaS4,5.442404354
2546,K2PO4,6.82e-06
2547,Pr3SiAgS7,8.760874252
2548,AlBiO3,0.003530706
2549,Sm2Pt2O7,21.84766729
2550,Ga3BN4,1.110995229
2551,NaLi2AsO4,2.610182843
2552,LiCuO,21.77649305
2553,Zn2Cu(AsO4)2,8.224392878
2554,TlAgI2,13.92872111
2555,LiAlSi,3.449709259
2556,TmP5,14.71764089
2557,SbOF,0.420620361
2558,Tb3PbC,2.387656062
2559,NaNbO3,14.60871742
2560,S3(NCl)2,16.37703959
2561,MoW3(SeS3)2,25.6262363
2562,Na6Ge2Se7,9.745321423
2563,KIO3,2.54e-17
2564,CrCdO4,13.25799933
2565,UCO5,12.98993312
2566,NaCuO2,16.67618676
2567,SnSe2,16.99955911
2568,MoWSeS3,23.40105388
2569,KNbS2,21.91616714
2570,K4Na2TeO6,0.002879358
2571,LiSiBO4,8.777678741
2572,YWF5,25.84584741
2573,SiS2,0.067270884
2574,KBH4,0.429513688
2575,YSeCl,8.310198349
2576,LiSiPCO7,19.98479409
2577,TcH4NO4,0.208074209
2578,Pr2TeO2,3.789083279
2579,WSeS,31.67976301
2580,K6Fe2O5,5.352475205
2581,SmTlO3,26.08407518
2582,Na5LiN2,0.72707835
2583,K5CuAs2,29.81243229
2584,TiBi2O5,6.294567197
2585,Ba2CaMoO6,7.04404064
2586,SmH3,10.30706901
2587,RbNO3,1.6399999999999998e-08
2588,ErBiPt,5.841769454
2589,Ho2TeO2,19.97979633
2590,LiHF2,26.31423534
2591,NaErS2,0.003432772
2592,AuClO,29.40120593
2593,SrCdO2,12.53937155
2594,NaAlSe2,2.73e-11
2595,CdSnP2,33.58910881
2596,KMgP,3.568641215
2597,Al2HgS4,3.047595142
2598,SrLi2Ta2O7,11.41578561
2599,Na2CS3,10.5426585
2600,LiZnPS4,0.89504292
2601,AcGaTe2,20.28012122
2602,MnPtF6,4.349373518
2603,AuCN,10.38885015
2604,YI3,3.967981833
2605,Ca(SbO3)2,22.35943633
2606,LuNbO4,0.0006407930000000001
2607,SrS,0.002524453
2608,Sn(WO4)2,6.57e-06
2609,UN2,27.2490838
2610,Nd3CuSiSe7,19.84555915
2611,ScCoTe,20.51539228
2612,KPt2S3,27.73254034
2613,LiBO2,3.724231343
2614,RuO4,9.116385536000001
2615,Ba2CaTeO6,2.93e-11
2616,CdPdF6,24.65161727
2617,Cu2WS4,19.15706638
2618,CaWF6,1.299279393
2619,OsO4,0.8986888940000001
2620,HoBi2ClO4,2.255130416
2621,Li2CO3,27.96194280000001
2622,ErMoClO4,0.255596858
2623,NdBr3,0.108569501
2624,Yb2Nd2O5,15.14030248
2625,TaNO,2.54766322
2626,Ca2Sb,5.841769454
2627,GaTeCl,3.672338357
2628,GaN,3.5419755810000004
2629,Sr3AsN,33.64380253
2630,AlVO4,2.589713892
2631,SmTlO2,14.65568023
2632,PmN,24.35506549
2633,K2O,0.030187972
2634,Cu3N,2.929264219
2635,NaClO2,0.026325448
2636,ZnCu2GeS4,32.10449642
2637,FeSn2(CN)6,0.08833519599999999
2638,KBa4Sb3O,30.44461809
2639,Li5NCl2,6.24015526
2640,KLi2(HO)3,22.81278165
2641,BaO,1.648609468
2642,S5N6,19.0167272
2643,TiHgO3,18.15229
2644,ReTeS,13.39904728
2645,TiZnN2,4.521960582
2646,ScAuO2,2.725816024
2647,Li4CO4,16.72848014
2648,Li2MnSiO5,0.038339769
2649,LiDyS2,30.73819907
2650,ErTlO2,20.12010658
2651,HgMoO4,1.7544895390000002
2652,Sr3P2,28.4223318
2653,KLiICl,28.78739248
2654,AgBiO2,4.749674566
2655,As8S9,16.44979312
2656,AlTlI4,4.96e-13
2657,InN,18.93911164
2658,AgSbS2,22.22155197
2659,BC2N,2.202504742
2660,Sr2ZrO4,0.000351888
2661,SrLiAlF6,2.921369419
2662,Li4CO4,19.31139002
2663,Nd2HgO4,2.181000836
2664,CaCuAs,1.994109304
2665,Hg(IO3)2,2.97e-07
2666,Ba(TeO3)2,10.24090911
2667,H8Pd(NCl3)2,27.14232038
2668,Fe(SiP)4,24.57605233
2669,Er3InN,1.754866115
2670,Ag2HgI4,20.36999697
2671,TlSbF6,0.021494523
2672,InAgTe2,31.69196141
2673,Dy2PbS4,3.907078872
2674,Mg(AlS2)2,3.119240856
2675,Ca(BC)2,14.5893501
2676,PrH2,6.369141777
2677,Na2CrO4,3.770984621
2678,CdSbS2Cl,11.29026049
2679,KSmS2,0.220840125
2680,NbV3,33.8304878
2681,NaTmS2,0.008457373
2682,KAg2AsO4,11.27565623
2683,CdCN2,0.033910706
2684,Si4P4Ru,19.3149996
2685,Rb2GeSe3,13.64166161
2686,NaHoSe2,0.321677531
2687,In2HgTe4,33.9357672
2688,V2O5,19.29934822
2689,Al5CuS8,25.62481407
2690,TbBi2BrO4,2.911749304
2691,NbCu3S4,22.34923946
2692,TmCuSe2,13.56441137
2693,CaZnSe2,3.785618231
2694,Xe(OF)2,5.938086146
2695,Te4Mo(WS)2,5.841769454
2696,Al2Te5,21.93571274
2697,MgC2,1.43152836
2698,ZnSiAs2,25.19983378
2699,TaCl4,28.50845562
2700,BiF5,10.96418082
2701,K2PdF6,24.85113004
2702,MgPdF6,25.35742308
2703,LiSnCl3,21.247136
2704,K2CuSb,25.72536972
