,pretty_comp,delta_e
0,LaSe,-1.8646565442400005
1,GeS2,-0.419752935
2,Pb(NO3)2,-0.526097254713
3,TiCl3,-1.8655686
4,Zn(FeO2)2,-1.7423818480000002
5,EuCl3,-2.4236845395
6,Mg2Ni,-0.136596932892
7,Tl2S,-0.328121732979
8,ThBr4,-2.0015830609200003
9,CaCl2,-2.7478789051
10,LiCrO2,-2.40451064
11,PbI2,-0.6059401360369999
12,CrF4,-2.58449655282
13,YCl3,-2.59100531438
14,SmC2,-0.332458143547
15,MgV2O6,-2.54306941404
16,MgSO4,-2.226245196
17,CaAl4O7,-3.45395343574
18,Cr(CO)6,-0.858608016862
19,PuF6,-2.6637950632
20,Si2Te3,-0.147172634
21,ReAsO4,-1.3327950280299998
22,MnSi,-0.31438976618000003
23,CaSe,-1.90802064992
24,Li2B8O13,-2.67019194214
25,HfO2,-3.85412653733
26,CrO2,-2.00920356317
27,ZrF2,-3.3165664
28,Nd2O3,-3.7483418882
29,Fe2B,-0.354140196387
30,GaCl3,-1.35946574949
31,HfB2,-1.13613818691
32,Ba(NO3)2,-1.1424511789299998
33,Mg2Cu,-0.0988702991407
34,Ta2N,-0.93811153478
35,Tb7O12,-3.67773393511
36,LiAl(SiO3)2,-3.1659735569
37,FeI2,-0.397297016667
38,NaS2,-0.7111720241030001
39,Na4P2O7,-2.52449699654
40,MgH2Cl2O,-1.66973571835
41,InAs,-0.302838787265
42,B5Mo2,-0.38051677
43,Tc2O7,-1.28358029193
44,NpF3,-3.9027695112
45,Eu2O3,-3.4365846466
46,SrCO3,-2.541319004
47,ZrO2,-3.8012687603300006
48,Na2SiF6,-3.35445356478
49,CuTe,-0.13009231704000002
50,ZnH4SO6,-1.37844791
51,Ca3Al2(HO)12,-1.97022628368
52,Ca2B2O5,-3.1489070589700003
53,RbI,-1.7287602359999998
54,LiTl,-0.277530276352
55,KO2,-0.979768990667
56,LaMg,-0.051018119075
57,NbN,-1.21831475637
58,TeO2,-1.12210496533
59,Al2Si2O7,-3.14805279186
60,Fe2(SO4)3,-1.5747532804299995
61,CeS,-2.36550989199
62,CrBr2,-1.02951748667
63,AgCl,-0.6584835301799999
64,HgF2,-1.45992489123
65,BeO,-3.157993069
66,Al2CoO4,-2.8855756351
67,GaTe,-0.6504615852000001
68,Fe3(AsO4)2,-1.5586028401499998
69,NaBO2,-2.52921094557
70,ThI2O,-2.593140354
71,RhCl3,-0.775252578135
72,PuS,-2.2766155482
73,AlP,-0.852103640185
74,AlB12,-0.212150228888
75,Na2Sn,-0.225493349536
76,LiFeO2,-1.9438188385
77,Mo2N,-0.23994805142900005
78,GdCl3,-2.6382249285
79,K4FeO3,-1.45488440125
80,UCl3,-2.31455914067
81,GeS,-0.317146662
82,Li2CrO4,-2.056123107
83,U(OF)2,-3.4276713744
84,Ni4B3,-0.46151798188
85,TiB2,-0.965573395523
86,SrCu5,-0.003425391235
87,TaF5,-3.28823739533
88,CoF2,-2.32505123667
89,PuF4,-3.6859489828
90,KBO2,-2.55956530134
91,TaCl4,-1.46657322496
92,AgNO3,-0.249776834146
93,BiCl,-0.66130261162
94,HfSi,-0.75672644551
95,Ni5P2,-0.57922055444
96,FeHO2,-1.4509978
97,BaPb3,-0.45532310964
98,Li3N,-0.511696965237
99,Cu2Sb,-0.0397504302067
100,K2Si4O9,-2.9820077644
101,KH,-0.2996310457
102,La2NiO4,-3.017038997
103,Tb6O11,-3.48647336508
104,Rb2SO4,-2.126007899
105,Nb2O5,-2.8124779194
106,ThCl4,-2.45998021304
107,TiCoO3,-2.5125063334
108,TlTe,-0.22766155482
109,FeCO3,-1.53508934107
110,CaI2,-1.853131476
111,GdBr3,-2.1476062973700003
112,MnCO3,-1.85511727013
113,CaCO3,-2.5011056364
114,Cu2O,-0.589381487333
115,Ti3O5,-3.18591182131
116,Bi2O3,-1.1821486362
117,PmI3,-1.6401457275
118,PuClO,-3.2190628026
119,Li5FeO4,-2.04176119
120,PtCl4,-0.475270183682
121,HgO,-0.4709524288
122,VBr2,-1.25900315301
123,NpCl4,-2.0467857881
124,H4NClO4,-0.306540904509
125,MoO3,-1.9293088605
126,KB3O5,-2.67219094446
127,MoCl3O,-1.276878064
128,TiC,-0.95401032496
129,InSb,-0.158060299635
130,Pr7O12,-3.64258269517
131,PH3O4,-1.66393172715
132,BaAl2O4,-3.4462086116000004
133,CeNi2,-0.37311372
134,AuI,0.006504615852
135,EuO,-3.05745965
136,CoCl2,-1.074774799
137,CeSi2,-0.6504615852000001
138,TiClO,-2.64521044648
139,BiCl3,-0.982195957225
140,HoF3,-4.399295776230001
141,SrSiO3,-3.3868361506
142,Li2Te,-1.22864966093
143,Pb2O3,-1.0192223118
144,WCl3O,-1.4219778440000002
145,Ge2Ru3,-0.36456319725
146,CaB4O7,-2.88660465905
147,ZnCO3,-1.68469550567
148,K2B4O7,-2.652216693
149,Cs2MoO4,-2.242531906
150,KSb,-0.472668751912
151,PuO2,-3.64753208867
152,MgH2,-0.261525079667
153,Mn(HO)2,-1.442706384
154,Na2S3,-0.896770534604
155,In6Se7,-0.60112766
156,TiBr3,-1.4224960575
157,U5Ge3,-0.304633101509
158,K2O2,-1.1478429025
159,VN,-1.12530061525
160,Mg2Al4Si5O18,-3.27360114002
161,LaBr3,-2.35033400964
162,UB12,-0.34524499522200003
163,KF,-2.94659305381
164,NbClO2,-2.5476412087
165,SnO,-1.45467711585
166,Li3AsO4,-2.20550370066
167,Ga2Se3,-0.841263650192
168,GdClO,-3.38221368618
169,ThOF2,-4.3146456010000005
170,Na2Mo2O7,-2.22457749074
171,Li2SO4,-2.1268814589
172,InTe,-0.372931308848
173,TiMnO3,-2.8160758017000003
174,Fe3O4,-1.6596009428999998
175,PdF2,-1.61892661205
176,CrN,-0.606309795
177,Be(HO)2,-1.87766577594
178,ThH2,-0.48264332536
179,La(HO)3,-2.097580187
180,SiO2,-3.14624689633
181,VB,-0.71767387615
182,P4S3,-0.33192166919
183,CaCu,-0.04293917061000002
184,PuI3,-1.50256522538
185,Y2Cu2O5,-2.5563241637900003
186,UC,-0.5029780231000001
187,MnSO4,-1.84008976958
188,Zn(HO)2,-1.338027257
189,La2O3,-3.7219129997
190,SiB14,-0.115637615147
191,Co9S8,-0.530406758824
192,WCl6,-0.8790529631
193,ZnTe,-0.61149193
194,CaZn,-0.3794359247
195,SbO2,-1.5676131112799998
196,Si(Pb2O3)2,-1.6969984594799998
197,BOF,-2.82589882649
198,Na5Al3F14,-3.5591845386400003
199,MnWO4,-2.25493695012
200,Ca2SiO4,-3.4279378842000003
201,NbO2,-2.74639335973
202,Fe3C,0.0648728161042
203,TiN,-1.74974270061
204,Be3N2,-1.21939782258
205,Ca2V2O7,-2.9101268409200003
206,HgSe,-0.307818819
207,YS,-2.3837821
208,Sr2TiO4,-3.3873543641
209,KAlCl4,-2.06701546123
210,GeAs,-0.06504615852000001
211,CuF2,-1.86176836767
212,TaCl3O,-1.84991233374
213,NiI2,-0.333038542667
214,Sr4Al2O7,-3.2836638290099995
215,SrTiO3,-3.4630549921800005
216,KHO,-1.46682058553
217,AsAu3O4,-0.497766090824
218,Si3Ru2,-0.49461405721
219,FeSi,-0.40862170902
220,Co2P,-0.649449341497
221,LiCl,-2.11568952791
222,Ca2Si,-0.7220406885770001
223,UN,-1.506964858
224,Ce2C3,-0.36599346651
225,CoWO4,-1.96389097473
226,Ca3V2O8,-3.01564380681
227,CaMoO4,-2.6640319608
228,BeI2,-0.7314065339
229,CrAsO4,-1.85244052467
230,TmI3,-1.60361167575
231,VCl3,-1.5043737905
232,Sr3Mn2O7,-2.51099487736
233,TiH2,-0.49868721532
234,SiRu,-0.549176756625
235,YN,-1.55026677806
236,Na2TiO3,-2.68026931713
237,KAlH6S2O11,-1.6686968236700002
238,LiAlH4,-0.20236237175
239,UB2,-0.5680690934570001
240,La2CoO4,-3.018667668
241,CsF,-2.8869674085000003
242,NiCO3,-1.43968830858
243,CdAu,-0.20121193778
244,KI,-1.7064770555000002
245,SeO2,-0.7790476283329999
246,ScF3,-4.1759716684
247,AgClO3,-0.06279089336799999
248,HfSi2,-0.72264872575
249,MnAl2O4,-3.1098288257
250,NdF3,-4.35159422355
251,KNO3,-1.023989876
252,MnF3,-2.77529239925
253,V2FeO4,-2.2297838539
254,Na2B4O7,-2.6227582486500003
255,CaMg(SiO3)2,-3.31908491761
256,ThCl2O,-3.1927133735
257,CaCl2O,-1.933972782
258,NaCrO2,-2.12120331955
259,WS2,-0.896191517387
260,SrSe,-1.99908630827
261,HoI3,-1.6188989740000002
262,LaTe,-1.5611078044799995
263,RuF5,-1.5423882054799998
264,MgS,-1.80338298
265,AlB2,-0.52165443764
266,Sb2O5,-1.43900633961
267,Cu2SO4,-1.112530354
268,H4BrN,-0.4690557673899999
269,KAl(SO4)2,-2.1334849795
270,SnI2,-0.497098027253
271,AlAs,-0.602760032525
272,Cs2RuO4,-1.428196406
273,FeCl2,-1.17910845033
274,MoI3,-0.32129237
275,BaUO4,-3.4497472695
276,Ni3P,-0.518527019167
277,Ni3Sn,-0.273194383998
278,Cu3(AsO4)2,-1.2138633023999998
279,KAl(SiO3)2,-3.1447268034
280,CaCN2,-0.908477495783
281,Ba3(AsO4)2,-2.72793964412
282,TlBr,-0.89763906043
283,Ti(FeO2)2,-2.2434794964
284,Ce2Ni7,-0.335456872333
285,Ba(HO)2,-1.9497264724
286,Al3Ni,-0.39027695112
287,Li3AlF6,-3.5068543972
288,Cu2SO5,-1.20172803776
289,VF2,-3.42806867142
290,Cs2Si4O9,-2.9765147013
291,Pb2Au,-0.02168205284
292,GaSe,-0.8239180079199999
293,NiP3,-0.408707214248
294,Li2BeF4,-3.3663000899
295,K2SO3,-1.94632353708
296,PbF2,-2.33541550667
297,CaAl2(SiO4)2,-3.37069977946
298,Na2O2,-1.32975916061
299,Mg2SiO4,-3.2231991334
300,AlAsO4,-2.3044954345
301,LiBeF3,-3.42402315136
302,Cs2O3,-1.07803125263
303,Na2SO4,-2.054938619
304,Cs(TeO3)2,-1.35311302778
305,InSe,-0.611434926515
306,CeMg,-0.08347383057999999
307,CaV2O6,-2.68953958086
308,NaFeO2,-1.81060428512
309,PuC2,-0.191963554183
310,Al4CO4,-2.65210153444
311,Co3O4,-1.35623876
312,WC,-0.20749734932100009
313,NaTe3,-0.4741653525
314,Ca3Si2O7,-3.4008279151
315,UB4,-0.509095015254
316,Zr5Si4,-0.915180011612
317,TiFe2,-0.302103269571
318,LaCoO3,-2.6080649028
319,UBr3,-1.86790833395
320,ThCl3,-2.4934360766
321,CaPb,-0.627043517135
322,Fe3W2,-0.1084102642
323,CaZn2,-0.32523079260000004
324,Ta2Si,-0.41195900396
325,NaAlSi2H2O7,-2.63321818884
326,Mn3Si,-0.231177115204
327,AsI3,-0.150691303665
328,Li3Sb,-0.4683328595570001
329,SiC,-0.3794359247
330,K3CrO4,-2.005486245
331,BiI,-0.282732103465
332,CaC2,-0.205256766885
333,Ni3B,-0.230501883013
334,Sm2O3,-3.7873115434
335,CdTe,-0.52187208731
336,K2B8O13,-2.68254344826
337,Na2UO4,-2.7975977889
338,EuI3,-1.375338629
339,MoC,-0.052036926816
340,MgBr2,-1.81720200667
341,CoSi,-0.492616344167
342,NbC,-0.7197985515
343,Zr3Si,-0.6317540778499999
344,B5W2,-0.290939865
345,U3Ge5,-0.310595147826
346,TlSe,-0.317642074106
347,TbI3,-1.580551175
348,BaO2,-2.19133142513
349,MnHO2,-1.653101065
350,Li2WO4,-2.3744986753
351,Cs2CrO4,-2.1172723
352,NdS,-2.34166170672
353,FeSO4,-1.60447191016
354,TbCl3,-2.6185328155
355,ReO2,-1.5225112630000002
356,NaAlO2,-2.93617178033
357,LiF,-3.19701972768
358,V2C,-0.508806197597
359,UAl4,-0.24874248
360,UBr3O,-1.97749857029
361,Rb3AsO4,-2.16224582875
362,TiBr,-1.06795510934
363,UGe,-0.318726176748
364,TaBr5,-1.03348872945
365,H4N2O3,-0.421019679111
366,Au2O3,-0.006937842338000001
367,Cr3B4,-0.44549778168
368,K2SO4,-2.1286878031
369,Cs2S,-1.18239392392
370,Th2N2O,-2.7921343380000003
371,LiAlSiO4,-3.145111762
372,MgZn2,-0.121419495904
373,Na4SiO4,-2.42597619476
374,WF5,-2.50124382667
375,KAlSi3O8,-3.16357382977
376,B2PbO4,-2.3113062405
377,SrCrO3,-2.68434593
378,Cs2SiO3,-2.64015959223
379,Ca5Si6(H3O10)2,-2.7831538381
380,SbBr3,-0.6721436380399999
381,Pb2SO5,-1.5177048327899998
382,Th2S3,-2.246973736
383,XeF4,-0.5536800319399999
384,MnSiO3,-2.7380328486
385,AuCl,-0.188633859708
386,U2Cl3O4,-2.76903353176
387,CoF3,-2.05212546
388,SiB4,-0.138765138176
389,V2O3,-2.5222487472
390,Cu3AsO4,-0.92029535465
391,Mn3(AsO4)2,-1.8865044254
392,CaBr2,-2.3623626086700003
393,CrI3,-0.5182135
394,HoH12(ClO2)3,-1.35591504481
395,LaH2,-0.6952697791670001
396,Cs2Si2O5,-2.8340865997900004
397,CaMgO2,-3.22302886325
398,RbNO2,-0.9509217725
399,HgI,-0.308557273237
400,BaHfO3,-3.79782091318
401,CoO,-1.23334813
402,HfCl4,-2.05285717746
403,Re2O7,-1.4546252944999998
404,Al9Co2,-0.312221749337
405,MoCl2,-1.0018794333299998
406,MnMoO4,-2.05784308228
407,CdF2,-2.41971847885
408,MoS2,-0.95401032496
409,CoS2,-0.50784923
410,CuP2,-0.418029011423
411,BaO,-2.83980998
412,Cu3P,-0.392445674618
413,NaSn,-0.23850258124
414,K2PHO4,-2.30056996724
415,SrF2,-4.2048879817
416,Mn7C3,-0.114914880052
417,ZrN,-1.89284217651
418,P2S5,-0.27567181468
419,InI,-0.5311688375
420,Sn(NO3)2,-0.525238171889
421,Sb2Te3,-0.117083085336
422,Pm2O3,-3.75186574
423,ZnH12SO10,-1.20008314175
424,CaSi2H4O7,-2.3236989462
425,B5H7,-0.0124673531208
426,Ca2Sn,-1.084102642
427,SbCl3,-0.989785193932
428,CaMg2,-0.134428727608
429,TiMn2O4,-2.5908898268
430,Ce2Ru,-0.268403845666
431,AuCl3,-0.306800529473
432,Pu2O3,-3.46166618
433,ThF4,-4.34893060616
434,Mo3C2,-0.121159352727
435,K2Si2O5,-2.88472181667
436,MoBr2,-0.80841306
437,UBr5,-1.40066026799
438,K5Sb4,-0.47700516248
439,FeF2,-2.46324150333
440,PuOF,-3.8998675156
441,NbB2,-0.8672821136
442,UO3,-3.1709484065
443,YbCl3,-2.48612926625
444,MoF5,-2.36650831667
445,LiFe5O8,-1.7977566619999998
446,Mg3Al2(SiO4)3,-3.2572827756
447,ZrPt3,-1.07326161558
448,ThMg2,-0.1084102642
449,MoO2,-2.03588810367
450,ReSi2,-0.312221560896
451,Cr8O21,-1.68521958034
452,KBF4,-3.25952836743
453,ZrPt,-1.5611078044799995
454,TiNi3,-0.359922595357
455,PrF3,-4.3765202929
456,SiB6,-0.17345642272
457,Pb4Cl2O3,-1.22094555357
458,CaSO3,-2.40324619906
459,SnSe,-0.490014394184
460,Tl2Te3,-0.186465654424
461,TiO2,-3.26129029333
462,BMo,-0.6425329186500001
463,ReO3,-1.52641600172
464,Ca2Mg5Si8(HO12)2,-3.12444822439
465,As2Pb3O8,-1.41927516128
466,CrB2,-0.41132678349
467,US2,-1.5177436988
468,ThS2,-2.16268458285
469,BW2,-0.231814172333
470,Mg7Al18Si3O40,-3.37826428965
471,LiNbO3,-5.65988638992
472,Mg(FeO2)2,-2.1291764044
473,U(BrO)2,-2.39889320566
474,Cu(HO)2,-0.92242003
475,Fe3Mo2,-0.008672821136
476,Ca2MgSi2O7,-3.34698553245
477,In5Se7,-0.59076339
478,CeH2,-0.667807918423
479,CeRu2,-0.3080261044
480,SrO2,-2.18844324855
481,HfI4,-1.02339289405
482,SnCl2,-1.15043397
483,TiF2,-3.1864913567400004
484,BaWO4,-2.94172530167
485,Ni11As8,-0.422227268091
486,Ce3S4,-2.4469745348
487,ErCl3,-2.576557522
488,Sr(CuO)2,-1.610607558
489,UF6,-3.253936597
490,K2FeO2,-1.5417888052000002
491,Cs2O,-1.19672770933
492,CdSb,-0.13225844947
493,Cu2Se,-0.228384289915
494,Pb4SO7,-1.40496316742
495,KTl,-0.17454052536200002
496,B4PbO7,-2.47211159108
497,Er2O3,-3.9340696066
498,CrSi,-0.367931585
499,Sn3S4,-0.5482461932399999
500,LuI3,-1.5261387575
501,CaCu2O3,-1.6460291781
502,Co(HO)2,-1.1236941534
503,TiF4,-3.4187581022000004
504,Ga2(SeO4)3,-1.20602913361
505,TiNiO3,-2.49248256376
506,Mn3C,-0.039027695112
507,Np(HO2)2,-2.0591731636
508,Li4SiO4,-2.68327495543
509,Cs2UO4,-2.854912202
510,AlSb,-0.26092049725
511,RhBr3,-0.546388767995
512,BaSiO3,-3.3537741293
513,BaF2,-4.1759716684
514,ScN,-1.626153963
515,CeNi3,-0.35238518
516,NdCl3,-2.69704216075
517,MnBr2,-1.32983257419
518,UI3,-1.19370479725
519,SiS,-0.511108792915
520,NdI3,-1.6660564025
521,HfCl3,-2.0055898877
522,FeP,-0.649917461025
523,WF6,-2.587069853
524,Nb5Si3,-0.66130261162
525,CaH6N2O9,-1.05830712556
526,W(ClO)2,-1.61748114186
527,ZrI4,-1.0098944688
528,MgCr2O4,-2.640815996
529,Fe2CuO4,-1.4331831004799995
530,NpCl2O,-2.6647315490200003
531,UF4,-3.980916107
532,SnO2,-1.99557109337
533,CsI,-1.8039011935
534,Ce3Ru,-0.20410356911
535,MoI2,-0.359294693333
536,NbCl3,-1.50690267238
537,Si(NiO2)2,-2.0779472984000003
538,TiAl2O5,-3.37724920085
539,MnB2,-0.32523079260000004
540,SeCl4,-0.391143404092
541,Rb2Si4O9,-2.9829405487
542,ZrI3,-1.01569846
543,V2FeO6,-2.18843864221
544,AlNi3,-0.396780530545
545,CoSO4,-1.5343662605
546,NiO,-1.2421577595
547,Ca(HO)2,-2.0436267586000003
548,SrS,-2.4874248
549,Ti5Si3,-0.7501995464769999
550,MoAsO4,-1.573104447
551,CaH2,-0.61149193
552,MnAs,-0.29487384577
553,Al4B2O9,-3.24161199936
554,PbCO3,-1.44922758268
555,Na3PO4,-2.48340864537
556,NbCl3O,-1.82302741736
557,TiZn2O4,-2.4426363475
558,TaC,-0.746730107095
559,NiWO4,-1.94820637947
560,Sr3(AsO4)2,-2.64453916068
561,GaF3,-3.0445043125
562,Pr2O3,-3.7510365984
563,K2SiO3,-2.66534476833
564,YRe2,-0.4690557673899999
565,UCl2O,-2.7644617371
566,ZnF2,-2.640815996
567,ThI4,-1.3780333392
568,FeS,-0.5249502755
569,P4S7,-0.304653005618
570,Be3(AsO4)2,-2.18291457488
571,Pt5Se4,-0.279457569938
572,HfI2,-0.965573395523
573,MoCl6,-0.77435903
574,CdSeO3,-1.1925129062
575,TbPO4,-3.40483543283
576,ScBr3,-1.9328456676400003
577,K3Sb,-0.49868721532
578,SmOF,-3.96927357703
579,MgI2,-1.27825996667
580,BeBr2,-1.23680288667
581,Mg3Si2H4O9,-2.51368095067
582,MgNi2,-0.190802064992
583,PuH2,-0.481340882097
584,GaI3,-0.564852715
585,CaWO4,-2.8417964650800003
586,Rb2O2,-1.062337675
587,Th3P4,-1.69085662
588,CeO2,-3.76706666933
589,Yb2O3,-3.7614008684
590,K2CrO4,-2.078332257
591,CoP3,-0.7261155740649999
592,GaSb,-0.215519812515
593,InS,-0.69382569088
594,Cr3C2,-0.17692555117400002
595,ThAl3,-0.289455923628
596,BP,-0.40937830073
597,Ce2SO2,-3.51682482494
598,K3AlCl6,-2.168205284
599,Tl2Se,-0.32523079260000004
600,Al2CdO4,-2.8410388863
601,ReCl3,-0.6840470021349999
602,CuF,-1.3473551
603,AgP2,-0.149663513557
604,PbBr2,-0.958346044577
605,CeAl4,-0.337893857686
606,MgWO4,-2.61846372037
607,CoSn,-0.15177436988
608,NaTl,-0.171721962136
609,Sr7Mn4O15,-2.7263411547900005
610,AlN,-1.6478360158399998
611,CaO,-3.2902411542000003
612,Tl2SO4,-1.37959834397
613,CaSO4,-2.48331363957
614,PbSeO3,-1.11522861766
615,LaS,-2.36334375956
616,Te2Pd,-0.187911124613
617,PbSO4,-1.5946068525
618,NiS2,-0.453879021353
619,MnS,-1.110013317
620,AlCl3,-1.82834014216
621,CaNb2O6,-3.0807792575
622,TmCl3,-2.58148055025
623,CaCr2O4,-2.732909938
624,GaP,-0.59412141348
625,NbFe2,-0.16030416409
626,HfF4,-4.001644647
627,SrAl2O4,-3.4418260060000003
628,Cu2S,-0.274639335973
629,ZrB2,-1.11445613407
630,Sr14Cu24O41,-1.65546254424
631,MgCl2,-2.22589972033
632,PuN,-1.55048442773
633,ZnSeO3,-1.35209364424
634,KAlH24(SO10)2,-1.3088777476200002
635,Na2S,-1.29369581945
636,K3Al2Cl9,-2.1174055549
637,NiAs,-0.379803856285
638,ZrSi,-0.8671991994399999
639,Na3Bi,-0.494642558952
640,AlI3,-0.801152888865
641,KNO2,-0.94807159825
642,P3N5,-0.414723672983
643,CaAl2SiO6,-3.4183435314
644,Mn2P,-0.6515187407399999
645,TiFe,-0.210316948975
646,Ag3Sb,-0.05962564531
647,BiAsO4,-1.37363025183
648,SmI3,-1.6225264685
649,PuIO,-2.8591393435500003
650,FeBr3,-0.6804143254999999
651,Sm(HO)3,-2.082626026
652,Cr7C3,-0.153942575164
653,BaMoO4,-2.6040228375
654,NbCl2,-1.40644180327
655,GeBr4,-0.721353192
656,VO2,-2.47464220033
657,RbH,-0.2710256605
658,NaAl(SiO3)2,-3.14323434852
659,KFeO2,-1.787836575
660,HoCl3,-2.58510804475
661,ZrS2,-1.99339459667
662,UBr2O,-2.52270736615
663,RbNO3,-1.0254408738
664,RbO2,-0.964222585667
665,Mn5Si3,-0.26018463408000003
666,Bi2Se3,-0.290539508056
667,BiClO,-1.26754676624
668,PbWO4,-1.93692659895
669,YAsO4,-2.61716818662
670,Mg2Al4Si5H2O19,-3.0728084861
671,CuH2SO5,-1.24695987127
672,K3PO4,-2.5984520423700004
673,Hf3Si2,-0.79568573644
674,TiAl,-0.39027695112
675,NaVO3,-2.3802582482
676,TaI5,-0.505914566267
677,Fe2SiO4,-2.1899850571
678,CeN,-1.715286685
679,Nd(HO)3,-2.095803455
680,BiI3,-0.39027695112
681,SnTe,-0.31438976618000003
682,TiI,-0.67327334347
683,BHO,-1.45365796263
684,Tl2Te,-0.27753096730300003
685,Na3Sb,-0.511696965237
686,NbI5,-0.463973820333
687,CaAl2O4,-3.4393978056
688,Pb3SO6,-1.45009610851
689,Sr3Al2O6,-3.33982005305
690,Ba3Bi2,-1.38765138176
691,Cr5Si3,-0.42104846875
692,SnBr4,-0.804267352
693,Ca2CuO3,-2.47522950897
694,Sr(HO)2,-1.9988531122
695,NaNO3,-0.9694738158
696,BiBr3,-0.7155077437199999
697,UClO2,-3.0300720665200003
698,UAl3,-0.295959503053
699,ErF3,-4.3884392034
700,MoCl5,-0.91064621928
701,Sr4Ti3O10,-3.4438762153800004
702,In2Te3,-0.397214793458
703,Bi2S3,-0.29662748025400004
704,MoCl4,-0.988701609504
705,P2Os,-0.5261525308199999
706,RuCl3,-0.5962564531
707,Mg2Si,-0.273193865784
708,XeF2,-0.562296195067
709,GeP,-0.108819652865
710,BeS,-1.22298386
711,ZrTe2,-1.01605084518
712,Cu3As,-0.0303543557625
713,KAl3Si3(HO6)2,-2.9535208280000003
714,TiAl3,-0.1203291747
715,P2O5,-2.2651704329
716,PtBr2,-0.34691284544
717,ZrSi2,-0.583432396353
718,CrO3,-1.50581960616
719,In2Se3,-0.5716931332
720,Ho2O3,-3.8992456594
721,K2O,-1.2495854863299998
722,UO2,-3.74841098333
723,CePO4,-3.39913508433
724,CaB6,-0.2477948896
725,Zn3S2O9,-1.71784073725
726,Ca2Fe2O5,-2.46356394729
727,Ca(NO3)2,-1.07880304527
728,Sn2S3,-0.546387731568
729,Na2Se,-1.18528555525
730,LiClO4,-0.657688936147
731,CrS,-0.699588225
732,ThS,-2.04902136113
733,CaTe,-1.891479275
734,Ti4O7,-3.20776040913
735,MgB4,-0.26479673423
736,Ag2Te,-0.124310436283
737,ZnWO4,-2.1262299905
738,NaTe,-0.91065658355
739,HfC,-1.1925129062
740,NbSi2,-0.431844583333
741,CdWO4,-2.03863463522
742,Al2NiO4,-2.836700699
743,DyH12(ClO2)3,-1.35206613182
744,PdS2,-0.270303616357
745,Ca3Sb2,-1.50907087766
746,PrS,-2.34166170672
747,ScCl3,-2.39694990504
748,GeSe2,-0.39027695112
749,ZrSiO4,-3.50906544147
750,BaV2O6,-2.6278606585
751,CeAl2,-0.56373337384
752,P4S5,-0.351152983456
753,MnCl2,-1.6651823490600002
754,Nb2C,-0.6735877263269999
755,GaAsO4,-1.7312303870200003
756,Zr2Si,-0.798667191443
757,As2O5,-1.37104486
758,MnSb,-0.19513847556
759,Ni3S2,-0.448385267302
760,HgS,-0.305745965
761,ThRe2,-0.6013142168600001
762,ZnI2,-0.732408413333
763,Al(HO)3,-1.9163831352
764,NiF2,-2.27115703267
765,U4O9,-3.5971989415400003
766,Mn(FeO2)2,-1.8157164613
767,Ag2O,-0.107546575033
768,Ca3WO6,-3.09679205465
769,NaClO4,-0.6611575118399999
770,ThSi2,-0.6013142168600001
771,InF3,-3.083370325
772,NaCl,-2.1304793412
773,TmF3,-3.9005930145
774,MnF4,-2.275993692
775,MgB7,-0.19577069603
776,LiNO2,-0.95429016025
777,Al2ZnO4,-3.0667726869
778,Hg2SO4,-1.1002709032
779,Fe3P,-0.424960980675
780,CoSi2,-0.34040822958800004
781,Ba2Pb,-1.01182913253
782,NiS,-0.45532310964
783,IrBr3,-0.457683572132
784,Cs2O2,-1.1400697
785,AlF3,-3.913548352
786,Cu2Te,-0.144547018933
787,SbClO,-1.29225173117
788,U2C3,-0.379869151186
789,CaH8(NO5)2,-1.05238304043
790,NaAlSiO4,-3.1013745426
791,NaF,-2.9817175648400003
792,Te2Ru,-0.4895355649100001
793,TiNi,-0.351250292435
794,Sb2(SO4)3,-1.46471521618
795,CsHO,-1.43786972467
796,La4Ni3O10,-2.73043644835
797,BaTiO3,-3.4405230692
798,Ce7Ni3,-0.22801394
799,B10Pb2O17,-2.5070418613900003
800,SrI2,-1.96230178667
801,CeNi,-0.315073808
802,Ni2B,-0.2201370948
803,CeB6,-0.50178465144
804,SnF4,-2.4270011059
805,VI3,-0.72634877014
806,BW,-0.34253912350000004
807,MgTe,-1.084102642
808,CrCl2,-1.366010786
809,CrF3,-3.0056383
810,SiNi,-0.463995930776
811,HfBr4,-1.5905962254799997
812,Li2O,-2.06552991587
813,H4IN,-0.349080705248
814,YMnO3,-3.0633672839
815,As2Se3,-0.212484117832
816,NaNO2,-0.9187925355
817,LaCl3,-2.776587933
818,Al5Co2,-0.4336410568
819,Cs2Te4O9,-1.40656962927
820,UFe2,-0.111301204579
821,NdH2,-0.6981614104970001
822,MoBr4,-0.630147616
823,CaSiO3,-3.38899191876
824,TcO2,-1.4960616459600002
825,TaCl3,-1.43318421094
826,EuF3,-4.10440638405
827,TeCl4,-0.6712771850679999
828,Na2CO3,-1.95326759798
829,BAs,-0.39027695112
830,Cr2CoO4,-2.1130673676
831,Li2Fe3O5,-1.8719944474
832,NaI,-1.50090176005
833,Mn4Si7,-0.290539696497
834,RbBO2,-2.5262908125
835,CaO2,-2.25493349536
836,Mg2TiO4,-3.2046026718
837,P3Au2,-0.212484117832
838,Mg2Ge,-0.359926913803
839,TiS,-1.373265775
840,LiBr,-1.8197585266
841,HfCl2,-1.87911124613
842,ScI3,-1.47364372995
843,Cs2SO4,-2.136372169
844,TaB2,-0.722735094667
845,Al2S3,-1.344245819
846,MgSeO3,-1.8659665879700005
847,NpCl3,-2.34166170672
848,Si2N2O,-1.839657925
849,WCl2,-0.88896416644
850,CuH10SO9,-1.12354115703
851,ScAsO4,-2.47536769923
852,Pr3S4,-2.3014009596
853,V2B3,-0.7155077437199999
854,FeWO4,-2.05559749045
855,RbF,-2.9004409595
856,AuBr,-0.073718979656
857,Cd(GaO2)2,-2.0089952907
858,ThP,-1.8039011935
859,As2O3,-1.3633160758
860,Ce2S3,-2.46308949404
861,Cs2TeO3,-1.7166685876700003
862,NbO,-2.17470886342
863,Zn2SiO4,-2.4352036853
864,LiBH4,-0.32900338688
865,HgSO4,-1.22212362559
866,GdI3,-1.59532025975
867,Ni5As2,-0.37178561283
868,Cr5O12,-1.80598624076
869,Ca2Pb,-0.735859715243
870,SrCrO4,-2.47274208417
871,Mo(CO)6,-0.784890153358
872,PdS,-0.36642876585
873,Cd3As2,-0.112746674768
874,PtBr3,-0.339323608733
875,SnSe2,-0.404731653013
876,Mo2S3,-0.8438650819619999
877,Ca2Al2SiO7,-3.4424577329300003
878,Ag2WO4,-1.37030603561
879,ZrC,-1.01905648348
880,CaPH5O6,-1.93028150738
881,Ca3SiO5,-3.37322440933
882,TiS2,-1.40644180327
883,Cs3CrO4,-1.99917699564
884,CdSiO3,-2.46480996286
885,GeRu,-0.29360940483000003
886,CeCrO3,-3.19246463102
887,MnSe,-0.88896416644
888,Li2B4O7,-2.6889062088
889,US,-1.58712730432
890,ZrCl2,-1.72737833333
891,La2Se3,-1.93403911333
892,In5S6,-0.729305413709
893,BeAl6O10,-3.42882363736
894,Ca3(BO3)2,-3.23090099742
895,P2S3,-0.323495813802
896,In2S3,-0.73718979656
897,VSi2,-0.4336410568
898,Cr3(AsO4)2,-1.7684872801599998
899,KBr,-2.03891101575
900,HfI3,-1.02122520698
901,MgTiO3,-3.25968728624
902,MnB,-0.39027695112
903,WBr4,-0.54930631
904,FeSi2,-0.280522441101
905,KAlO2,-2.9294609155
906,H8S(NO2)2,-0.8159098819670001
907,Al3Ni2,-0.58541542668
908,DyCl3,-2.57318913425
909,BeCl2,-1.7143262626499998
910,Ca2P2O7,-3.14074127048
911,VF4,-2.90885674674
912,CrF2,-2.700928762
913,Ca12Al14O33,-3.4131824762700003
914,Ni2Ge,-0.380303068623
915,MnS2,-0.773326551293
916,VI2,-0.91064621928
917,BMo2,-0.456718831333
918,CsO2,-0.988405882333
919,ZnS,-1.051973405
920,MgHClO,-2.071817573
921,YH2,-0.7660992003470001
922,MgSiO3,-3.209814419
923,Ca2Cu,-0.02006522672
924,U2Cl5O2,-2.5305401632
925,In2Te5,-0.28372485247
926,GeI2,-0.26947102
927,Ca4Ti3O10,-3.45778262706
928,LaB6,-0.15425291102
929,V5B6,-0.7194499351450001
930,BaCrO4,-2.49777179622
931,Te3As2,-0.078055390224
932,Ba2Sn,-1.3009231704000002
933,Ba2TiO4,-3.32100823
934,GeO2,-2.00342030051
935,Zr2S3,-2.11269425388
936,Ni(HO)2,-1.104831182
937,CaAl4,-0.446650288504
938,NpO2,-3.71040866
939,Ni3N,0.00216820787507
940,SnS,-0.56828328837
941,Na2O,-1.44402610105
942,CdBr2,-1.09234223665
943,FeCl3,-1.02606273
944,YH3,-0.6884051776700001
945,PuBrO,-3.07018006405
946,CaAl2Si2(H2O5)2,-2.65025293658
947,Li2S,-1.5423173829700003
948,CuSe2,-0.166229071773
949,SiRu2,-0.364767027893
950,CdI2,-0.702497130113
951,Na2H20SO14,-1.21256356692
952,AgBrO3,-0.02168205284
953,In2Te,-0.276084806163
954,Rb2Si2O5,-2.84960997308
955,CaHfO3,-3.7553895918
956,Mg2C3,0.156110780448
957,Ca3Bi2,-1.09277546314
958,UClO,-2.88082139639
959,BaH2,-0.656403766667
960,TiI4,-0.793903082
961,Cr3Si,-0.357567315
962,TaClO2,-2.710256605
963,HgSeO3,-0.7571368706020001
964,Co(NO3)2,-0.485446284602
965,Mg(HO)2,-1.9160425949
966,NaBi,-0.3290655725
967,GeF2,-2.27444596101
968,BaSn3,-0.50410772853
969,ThC,-0.6503579425
970,Cd(HO)2,-1.1639075209999998
971,NiP2,-0.4466516704070001
972,SrZrO3,-3.66339633128
973,SrH2,-0.6218562
974,B2O3,-2.639779569
975,Lu2O3,-3.8932343828
976,U(ClO)2,-2.57755249192
977,Pu2C3,-0.309620129126
978,Pr6O11,-3.43749914101
979,SnF2,-2.33887026333
980,Mn2Sb,-0.112745983817
981,Pb4Br2O3,-1.11734891699
982,SbI3,-0.24934360766
983,La4Co3O10,-2.77731952853
984,YF3,-4.452412659969999
985,LiAlO2,-3.0804812847400003
986,UCl6,-1.5815283776
987,Co3(AsO4)2,-1.48629212561
988,ZrBr2,-1.4509978
989,CaZrO3,-3.65906406642
990,OsO2,-1.01915321667
991,FeO,-1.414722855
992,NdTe,-1.5611078044799995
993,ZrF4,-3.9618458502
994,CrI2,-0.5458515533330001
995,Ca3N2,-0.893395928292
996,Re2Te5,-0.1393846254
997,Te2Au,-0.0643234234253
998,KSb2,-0.370764485467
999,ZnAs2,-0.256934399008
1000,NaBH4,-0.331373349953
1001,TiO,-2.79698481636
1002,UF3,-3.90914353725
1003,CoB,-0.4878461889
1004,PuBr3,-2.0554575728
1005,UGe3,-0.27644617371
1006,Hf5Si3,-0.71033597299
1007,Co3N,0.02168205284
1008,CuSO4,-1.33005022386
1009,Zn3(AsO4)2,-1.7019247492200005
1010,InP,-0.386001689745
1011,U(SO4)2,-2.18397781853
1012,KCN,-0.392011238967
1013,Rb2SiO3,-2.65404771403
1014,AsBr3,-0.481342609475
1015,AgP3,-0.18007919125
1016,ZnSiAs2,-0.3794359247
1017,Fe2N,-0.013009231704
1018,HoBr3,-2.17904631042
1019,LaCrO3,-3.1805871776
1020,AsS,-0.181763385125
1021,Re5Si3,-0.203810778483
1022,WF4,-2.564120398
1023,ThBr2O,-3.0766335495
1024,Ni3(AsO4)2,-1.47430943498
1025,Mg7Si8(HO12)2,-3.05528568117
1026,Mn3O4,-2.0529842138
1027,PbO2,-0.9482270623
1028,NdBr3,-2.2625227320700003
1029,LaMnO3,-2.9540242354000004
1030,PuF3,-4.02201043755
1031,CrB4,-0.25866108639
1032,KClO4,-0.742971331842
1033,CuS,-0.285017425
1034,MnTe2,-0.4336410568
1035,Al2Si2H4O9,-2.50014236895
1036,FeAsO4,-1.49476093007
1037,PbCl2,-1.24166027454
1038,AlClO,-2.7406100970700003
1039,Na2Te,-1.084102642
1040,EuBr2,-2.48620872565
1041,Li2O2,-1.63885019375
1042,CsBr,-2.101873956
1043,PdO,-0.59842258553
1044,RbHO,-1.446852092
1045,Na3AlF6,-3.4434250648
1046,MgF2,-3.88397563493
1047,RuSe2,-0.589201839987
1048,Na3UO4,-2.62190120325
1049,Zr2Pt,-1.230238849
1050,CsNO3,-1.04679127
1051,K3AsO4,-2.16192194531
1052,BaSO4,-2.52024498833
1053,ThN,-2.027251212
1054,NbCr2,-0.0722735094667
1055,FeBr2,-0.8453789563330001
1056,SrCl2,-2.86347506317
1057,Cr23C6,-0.117382148134
1058,FeClO,-1.4081588173299997
1059,Ni3Sn4,-0.34877101099
1060,MoOF4,-2.36650831667
1061,CsU2O6,-3.20964168117
1062,CuMoO4,-1.5748404622299998
1063,Li2SiO3,-2.84931056083
1064,W(CO)6,-0.7588718494
1065,NiSb,-0.4336410568
1066,WCl5,-0.8860725351100001
1067,Ca(FeO2)2,-2.2510306074
1068,Dy2O3,-3.8611051458
1069,IrCl3,-0.636368769067
1070,NiBi,-0.04032737457
1071,YI3,-1.59796833074
1072,AuSe,-0.041195900396
1073,CaCu5,-0.013473551
1074,NaBr,-1.8715798766
1075,Ti3(AsO4)2,-2.08661456155
1076,InN,-0.5003066325069999
1077,SrMnO3,-2.53700746768
1078,NdSe,-1.8646565442400005
1079,UGe2,-0.302103269571
1080,Na2Ti3O7,-3.00560375243
1081,VO,-2.232463758
1082,FeB,-0.375706860354
1083,BaBr2,-2.59797701333
1084,CeAlO3,-3.66165513392
1085,CoBr2,-0.744154586
1086,Ni3Sn2,-0.398949772256
1087,CaF2,-4.24244118667
1088,ZnSO4,-1.69047807738
1089,BaCl2,-2.95450790133
1090,RbBr,-2.04575143395
1091,CuSe,-0.2168205284
1092,CdSe,-0.750373148
1093,Sr2CuO3,-2.35597130883
1094,CaMg(CO3)2,-2.4110401301
1095,Hf5Si4,-0.777127935212
1096,CeF3,-4.37607981142
1097,WBr5,-0.538437645527
1098,Ca3Mg(SiO4)2,-3.37899632065
1099,FeCuS2,-0.49326670211
1100,Ir2S3,-0.435376035598
1101,CeC2,-0.2168205284
1102,CuBr,-0.544124175
1103,Al4C3,-0.306338209
1104,Nd2S3,-2.39369034212
1105,CuCN,0.32812242393
1106,TiSi,-0.6721436380399999
1107,Bi2(SO4)3,-1.55116542124
1108,Pb3O4,-1.06409367846
1109,AlH3,-0.029538169500000006
1110,In2(SO4)3,-1.69913061706
1111,Na3AsO4,-1.995121975
1112,GeI4,-0.3109281
1113,TlI,-0.6417866912100001
1114,Mg3N2,-0.95661175673
1115,LiB3O5,-2.68537084114
1116,MgCO3,-2.271847984
1117,ZnCl2,-1.43717877333
1118,LiNO3,-1.0005666258
1119,Cr2NiO4,-2.0344913949000003
1120,SrCuO2,-1.99071716025
1121,PtBr4,-0.329567203168
1122,Sb2O3,-1.46871448314
1123,La2Te3,-1.626153963
1124,TiF3,-3.653405175
1125,Ca3P2,-1.04941135746
1126,BaSi2O5,-3.30109772703
1127,HgBr,-0.529041571083
1128,UH3,-0.329568239595
1129,MgMoO4,-2.41971156933
1130,NiSO4,-1.5078423661899998
1131,TiSi2,-0.463994548873
1132,Cs2TeO4,-1.657542895
1133,CaUO4,-3.45030003057
1134,SrWO4,-2.8323822531700005
1135,Ca3Ti2O7,-3.41200405292
1136,La2S3,-2.53246791742
1137,V3B4,-0.7204633453899999
1138,NiSe2,-0.375822249227
1139,Sn2Au,-0.14657150634000002
1140,LaF3,-4.40362285895
1141,SmCl3,-2.65662150775
1142,PtCl2,-0.36859489828
1143,SiMo3,-0.301380016262
1144,Al18B4O33,-3.34021577973
1145,TlCl3,-0.816328771213
1146,K2Se,-1.32983257419
1147,MoCl4O,-1.1314328083299998
1148,ErI3,-1.5396123085
1149,USO6,-2.39044114347
1150,Pb2CO4,-1.35977445668
1151,Si2Mo,-0.473647139
1152,YMn2O5,-2.60564225469
1153,MoCl2O,-1.373265775
1154,K2S,-1.3009231704000002
1155,NaB3O5,-2.65002868044
1156,CdO,-1.34212114365
1157,Li2Si2O5,-2.94909544922
1158,CdCO3,-1.55850637271
1159,Li3CrO4,-2.16224582875
1160,Tl2O3,-0.802194498
1161,AgCN,0.504380654307
1162,TbO2,-3.35638247058
1163,U2S3,-1.770217316
1164,ThO2,-4.236913576
1165,GaBr3,-1.00171187764
1166,Zr3Si2,-0.920475692948
1167,Cs4CrO4,-1.829293655
1168,Ga2O3,-2.261483714
1169,BHO2,-2.0847729105
1170,ZnBr2,-1.13661494333
1171,Na2MoO4,-2.17501609
1172,NiSeO3,-1.1760337169
1173,SrBr2,-2.4804254629900004
1174,Al2Te3,-0.6608693851340001
1175,MgCu2,-0.121419495904
1176,V3B2,-0.629645985332
1177,Cs2Te2O5,-1.558786208
1178,Li2CO3,-2.10026749415
1179,WOF4,-2.5910675
1180,PbO,-1.132814711
1181,MnP3,-0.551915514973
1182,TaN,-1.3074267498299998
1183,Hf2Si,-0.66108496195
1184,NaO2,-0.900527237003
1185,NbBr5,-0.960515631763
1186,Na3As,-0.53121029458
1187,Ag2SO4,-1.05994204802
1188,Ca3Al2O6,-3.37766848268
1189,CaS,-2.461514125
1190,UCd11,-0.0393890626593
1191,PrCl3,-2.7429040555
1192,NaSb,-0.342576434872
1193,Ba3Al2O6,-3.31893133797
1194,Ce7Ru3,-0.23715522614
1195,Cd(FeO2)2,-1.5951796018000002
1196,Mg(NO3)2,-0.90968234217
1197,CuCO3,-1.23587701188
1198,ReBr3,-0.426051820092
1199,CsBO2,-2.492606935
1200,CaGeO3,-2.66428070328
1201,Cr2(SO4)3,-1.7746129858099997
1202,ZnSe,-0.917237895
1203,PdCl2,-0.686453240153
1204,Na2SO3,-1.89139290608
1205,NaIn,-0.154810064563
1206,Mg3(PO4)2,-3.01362676042
1207,TaCl5,-1.4837748038799998
1208,Re3As7,-0.0988701609504
1209,Cr(AgO2)2,-1.08348374702
1210,Rb2O,-1.16770775333
1211,CsH,-0.2800425754
1212,PuH3,-0.35775387186
1213,CrSi2,-0.345475666667
1214,Sb2Se3,-0.264521044648
1215,LiBO2,-2.6416451376
1216,Be2C,-0.313667722037
1217,CeI3,-1.73420147775
1218,KCrO2,-2.2816940405
1219,AgI,-0.3204632284
1220,YbI3,-1.44762941225
1221,KP(HO2)2,-2.0318244461400004
1222,CeCl3,-2.74575422975
1223,Cr2N,-0.43529934
1224,H3AuO3,-0.62881654761
1225,CoI2,-0.325783553667
1226,CeBr3,-2.28745657462
1227,Al2SiO5,-3.36104207364
1228,BeH2,-0.06564037666669999
1229,AuF3,-0.903056982572
1230,PrH2,-0.69093405955
1231,Co3S4,-0.51525228
1232,KAlSiO4,-3.140817993
1233,Mn2SiO4,-2.562195605
1234,Mo2C,-0.183575404997
1235,Ce2(SO4)3,-2.41079016829
1236,Cr2FeO4,-2.1480097636
1237,InCl2,-1.2532233451
1238,XeF6,-0.50044618
1239,FeCuO2,-1.3291139848
1240,BN,-1.300715885
1241,AlNi,-0.613601058945
1242,Nd2Te3,-1.6478360158399998
1243,TiI2,-0.902797012133
1244,OsS2,-0.5102502858829999
1245,TlAsO4,-1.6385133549700002
1246,MoI4,-0.254961042
1247,Ca3Si2(H3O5)2,-2.3604526217700004
1248,HgBr2,-0.58541542668
1249,Fe2P,-0.553624755833
1250,TiFeO3,-2.57183141488
1251,PuCl3,-2.61410209007
1252,CrCl3,-1.476908475
1253,Ga2S3,-1.07022695732
1254,Cd3(AsO4)2,-1.54216351342
1255,LaN,-1.5719488309
1256,UF5,-3.59812906833
1257,NaHO,-1.47103538867
1258,LaS2,-2.15375058211
1259,Co2SiO4,-2.0859425924
1260,DyF3,-4.3841121206699984
1261,HgI2,-0.364131352667
1262,TeBr4,-0.394613361688
1263,SnBr2,-0.841264341143
1264,MgTl,-0.247175402376
1265,Cr2O3,-2.3642972724
1266,BeF2,-3.54803509667
1267,Mn23C6,-0.0950653731034
1268,UCl3O,-2.38703648078
1269,Nb2N,-0.865765475423
1270,BeH8SO8,-1.39560077685
1271,UAl2,-0.341130964683
1272,FeS2,-0.5883450603329999
1273,Ti2Ni,-0.27753096730300003
1274,AlBr3,-1.3243386473999998
1275,CuCl2,-0.7527914776669999
1276,LiI,-1.4157592819999998
1277,ICl,-0.18356158597
1278,PtI4,-0.150907916908
1279,Si2Ni,-0.32523079260000004
1280,MnO2,-1.79657365461
1281,Bi2Te3,-0.167901174
1282,CeNi5,-0.2976618344
1283,PrAl2,-0.578188075733
1284,GaN,-0.5680708208349999
1285,B(HO)2,-1.46180773361
1286,Pb5SO8,-1.3447196142
1287,Sn(SO4)2,-1.55322719045
1288,Mg3Sb2,-0.62218785664
1289,AlCo,-0.57240826783
1290,PrI3,-1.7230598875
1291,Cs2CO3,-1.9604016705
1292,ZnP2,-0.351248565057
1293,MgZn,-0.091064621928
1294,Pb3(ClO)2,-1.2377351774299998
1295,Mn5N2,-0.302340562
1296,CeTe,-1.5611078044799995
1297,BeH4SO6,-1.57447944016
1298,Si2W,-0.32169657653
1299,CuH6SO7,-1.16157901501
1300,ZrI2,-0.960422353333
1301,CuO,-0.807376633
1302,MnP,-0.58541542668
1303,NaH,-0.2921687713
1304,Pb3(BrO)2,-1.09835055203
1305,Tm2O3,-3.91491643564
1306,CaSi,-0.78248165646
1307,CuI,-0.368968012
1308,H2WO4,-1.6756359492
1309,ZrF3,-3.6274945
1310,SrMoO4,-2.69652394725
1311,CuBr2,-0.478483798333
1312,TlCl,-1.0576737535
1313,FeMoO4,-1.8517841209
1314,CuSeO3,-0.896414003716
1315,InBr,-0.9084282655
1316,FeSiO3,-2.39369034212
1317,IrI,-0.23850258124
1318,Mg3Si4(HO6)2,-2.92297090833
1319,MnF2,-2.95381695
1320,Si3N4,-1.227277629
1321,Th3N4,-1.94700215
1322,SmS,-2.23325144252
1323,Na2Ti2O5,-2.92467031959
1324,RbCl,-2.2553687947
1325,TiCl2,-1.77919968333
1326,Sr2CrO4,-2.821154294
1327,SnAu,-0.1578478321
1328,SiI4,-0.39287838289
1329,Zn3P2,-0.404152635796
1330,Th3Si2,-0.59061829022
1331,BaZrO3,-3.66895158
1332,ThCl2,-2.48187300604
1333,WO2,-2.0381786073400003
1334,Nd2Zr2O7,-3.813043199190001
1335,Y2O3,-3.94878687
1336,Na4V2O7,-2.33298123197
1337,MoCl3,-1.09870589843
1338,Ni2P,-0.5680690934570001
1339,NbCl5,-1.37753239948
1340,HfI,-0.741527243555
1341,Pu(SO4)2,-2.07358892096
1342,CsNO2,-0.98434654325
1343,ZnH14SO11,-1.1817340654
1344,NbCl2O,-2.0055898877
1345,Cs3AsO4,-2.16159806187
1346,CoP,-0.7588718494
1347,WCl2O,-1.5883243775
1348,Cr5B3,-0.35498661177
1349,Fe2NiO4,-1.6057067389
1350,InI2,-0.608037173333
1351,AlPO4,-2.99428942435
1352,Ti(CoO2)2,-2.169389772
1353,CaAl2,-0.7588718494
1354,Pd4S,-0.143101548744
1355,Ni3S4,-0.44583388015
1356,Si(PbO2)2,-2.0400881007
1357,MnI2,-0.8383727098129999
1358,Nd2Se3,-1.9513847556
1359,Fe2CoO4,-1.6180994446
1360,CaH4SO6,-1.74692361917
1361,ThC2,-0.432196968513
1362,NiBr2,-0.732062937667
1363,MoBr3,-0.73586317
1364,Fe(HO)2,-1.185672488
1365,Al3Co,-0.394614398115
1366,SmCl2,-2.81735060691
1367,Co2B,-0.4336410568
1368,IrO2,-0.861512669967
1369,Na3AlCl6,-2.051089033
1370,Ag2S,-0.1132814711
1371,UBr4,-1.663465335
1372,Ni3C,0.17464831377
1373,CdCl2,-1.3529587153100002
1374,ErH12(ClO2)3,-1.35414369685
1375,CoSb3,-0.16261539630000002
1376,Re2S7,-0.519887905398
1377,As2S3,-0.1921535658
1378,PtS,-0.431472851516
1379,Al2(SO4)3,-2.09769776485
1380,LuCl3,-2.55764272925
1381,MgB2,-0.37234676402
1382,SrMn3O6,-2.2752681931
1383,AlHO2,-2.58991447496
1384,SrCu,-0.010348723595
1385,Mg2GeO4,-2.742830025
1386,Fe4N,-0.0229829760104
1387,ZrBr4,-1.5743326130000002
1388,UP,-1.38879663359
1389,Sr3N2,-0.810908776216
1390,NaAlCl4,-1.97306335368
1391,MoF3,-2.357871425
1392,Na2H14SO11,-1.279543162
1393,HfN,-1.91322351346
1394,Ca3(AsO4)2,-2.6299016224400003
1395,RuO2,-1.0537491499299998
1396,TePb,-0.355585666576
1397,B(HO)3,-1.620971828
1398,Sm2Zr2O7,-3.83575037255
1399,SiPbO3,-2.37339710146
1400,Ag2CO3,-0.873063648882
1401,AgF,-1.05157956274
1402,SnSO4,-1.752598057
1403,Rb2S,-1.2026318884799998
1404,BeCO3,-2.16613243
1405,VCl2,-1.55809525667
1406,NaCN,-0.313377522477
1407,UH4O5,-1.8932412009
1408,HgF,-1.26832754125
1409,WCl4,-0.918452587444
1410,CoSeO3,-1.20638859088
1411,Mg2Pb,-0.171722134873
1412,Li2TiO3,-2.88587916015
1413,NaS,-1.04290466875
1414,UCl4,-2.1118236552000003
1415,Th(SO4)2,-2.39565390018
1416,PrO2,-3.2797732415
1417,MoPbO4,-1.81910212283
1418,TiPbO3,-2.48477154688
1419,Fe(HO)3,-1.23778996
1420,NaAlSi3O8,-3.13133297755
1421,ThSi,-0.66346874405
1422,PtCl3,-0.435809780298
1423,TaS2,-1.22298386
1424,Sr2MnO4,-2.7207541299
1425,LaAl2,-0.5203692681600001
1426,Rh2O3,-0.73718979656
1427,Ca3Al2(SiO4)3,-3.44412983516
1428,VF3,-3.3606145475
1429,TiI3,-0.8939182875
1430,NaCd2,-0.101182913253
1431,MgO,-3.117572416
1432,B4C,-0.12851694800000002
1433,BaCO3,-2.516444756
1434,LaPO4,-3.4041444815
1435,K4CrO4,-1.82526310556
1436,ReS3,-0.5398825975029999
1437,BaI2,-2.09358254
1438,Na2SiO3,-2.69718035102
1439,Sr4Mn3O10,-2.62669620228
1440,KBH4,-0.391938689077
1441,Nd2(SO4)3,-2.37737454249
1442,Ti2O3,-3.15256219152
1443,Ta2C,-0.7372485274230001
1444,WO3,-2.18403411536
1445,CaTiO3,-3.4421813524
1446,NiHO2,-1.010516325
1447,WCl4O,-1.24198502167
1448,TlF,-1.7064770555000002
1449,SiS2,-0.849389928823
1450,Na2Si2O5,-2.84554487607
1451,CrB,-0.39162430622
1452,Mn2O3,-1.98347460837
1453,BeSO4,-2.07425317645
1454,NdClO,-3.45467375251
1455,InBr3,-1.0338359325
1456,Ta2O5,-3.03376989
1457,CoSb2,-0.17345642272
1458,Mo(ClO)2,-1.500746296
1459,LiH,-0.472610712
1460,Al2Se3,-1.17516726393
1461,U3O8,-3.3681993087299995
1462,ReSi,-0.27362709227
1463,KHF2,-2.41288756123
1464,ZrCl4,-2.0309823492
1465,SbF3,-2.37201606248
1466,Cr2B,-0.31971700096
1467,CsCl,-2.29211013185
1468,K3AlF6,-3.44744640156
1469,EuBr3,-1.9513847556
1470,Al2CO,-1.75624628004
1471,Mg2V2O7,-2.67792950466
1472,V2O5,-2.29642611
1473,FeP2,-0.66412169306
1474,CdSO4,-1.61242130525
1475,IrI2,-0.289094037867
1476,BaTe,-2.122602496
1477,Si3Ru4,-0.49528921537
1478,U(HO2)2,-2.2766155482
