,pretty_comp,dfpt_piezo_max_dielectric_electronic
0,K2O2,3.119535397
1,HgTe,16.81532957
2,H4NF,2.14810232
3,TaTlPt,6.823049617000001
4,TmAgTe2,13.05318728
5,Fe(HO)2,0.86668136
6,Na7NbO6,9.50640038
7,Sm2SeO2,8.429643343
8,Al6Cd4SO2,3.687373583
9,NaSmO2,12.50405688
10,Rb2NiF6,2.087575133
11,KHS,2.90464853
12,Na5MnO4,5.8243124470000005
13,SiP,0.8887596329999999
14,SrLiAlF6,4.68901067
15,K4CO4,6.806864782999999
16,AlGaN2,4.24390749
17,CaMg2N2,11.67342529
18,Yb(DyS2)2,12.34533522
19,WCl4O,2.312338107
20,KNa2Sb,8.76062194
21,BaBAsO5,5.892993303
22,H4BrN,3.222857203
23,SmBr3,4.206823137
24,AlI3,1.008586077
25,SrH2O3,4.011623057
26,Sm2Be2GeO7,8.055507847000001
27,V2MoO8,35.83874357
28,MoWSeS3,0.148534447
29,RbSrSiHO4,5.96784262
30,Li7BiO6,7.66612194
31,BiTeCl,15.09544272
32,BPO4,2.357271583
33,ZrSeO,13.23611909
34,CaCN2,4.51882344
35,Mg2Al2Se5,4.474473107
36,TaCl4,2.47896325
37,NaBe4SbO7,6.944971400000001
38,BaAl2B2O7,3.307526907
39,RuO2,3.311453537
40,Na2H6Pt,3.62751822
41,ZrSiO4,13.8399084
42,UTl2O4,24.18123105
43,KAg2PS4,4.79369171
44,KInTe2,4.104276377
45,LuTlO2,47.81662847
46,KTa(GeO3)3,6.900535207000001
47,InBrO,4.275053403
48,SrAlGeH,6.714096177
49,Li3Sb(PO4)2,26.82915634
50,InBi2S4Cl,33.140767499999995
51,TaI2O,11.94507967
52,DyBi2ClO4,17.82034437
53,Na2H4Pd,3.575557913
54,Li2Si2O5,2.586267097
55,NaSmTe2,9.11299353
56,ZnSeO4,6.41162144
57,YAgO2,5.5055836970000005
58,Dy2SeO2,26.17966268
59,Rb2Se3,2.96553439
60,BaIF,5.079660047
61,Li3AsO4,2.858563287
62,TlIO3,15.74608954
63,LiNbO3,33.01009929
64,BBr3,0.27659581
65,ScOF,39.90367847
66,CaZrN2,77.11198508
67,BAs,0.075615753
68,Na3BrO,5.902632073
69,Na3VO4,2.496551567
70,HoTlTe2,12.15358234
71,TlSbSe2,75.57021165
72,TmTaO4,21.66868553
73,V2O5,14.34690342
74,ZnCl2,2.51755924
75,LiMnSiO4,4.26203707
76,Mg2Sb2O5,9.970088823
77,NaN3,2.32102171
78,Ta2ZnO6,69.28663557
79,Te8Mo3W,8.37174732
80,Ba2Sc2O5,19.94974405
81,RbTbSe2,7.187391487
82,RbF,7.057659103
83,Sm3CuSnS7,8.118672923
84,Nb3SBr7,1.716827153
85,CuCl,36.10719989
86,CdCl2,3.475215347
87,GaBN2,5.63704531
88,ScCuO2,7.465558593
89,BiTeBr,14.78373229
90,ThO2,15.56261809
91,Na4SnSe4,4.241831573
92,BrCl,27.64520086
93,RbAgSe4,2.996286367
94,SiAs,0.6765021929999999
95,TlZnF3,14.91765083
96,U(BiO3)2,33.26310506
97,BaS,8.63005503
98,BaZrO3,45.78771891
99,NaBeAs,4.198715037
100,Pr2SO2,8.931563547
101,NaClO3,2.957781857
102,Hg3(TeBr)2,12.53911599
103,SbBr3,3.906473473
104,HoIO,7.674094352999999
105,Ca2IN,8.65354086
106,RbCaBr3,22.43970068
107,KMnPH2O5,5.27499749
108,Sr4CaCr2(SO3)2,10.81599859
109,K2PdBr4,2.0279829730000003
110,BrN3,21.03916453
111,Ba(BSe3)2,9.34429075
112,CuRhO2,1.437366787
113,Te2W,5.96368801
114,NaAuC2,2.701613423
115,K2Te,2.2347110530000003
116,Zr2SN2,16.20770868
117,K6MnSe4,3.17940112
118,Li(CN)2,2.600715407
119,TlAgI2,11.89997377
120,Na4CoO3,8.703282892999999
121,NaTlO,10.60674161
122,Tm2SO2,8.23305427
123,CaC2,23.52075401
124,Li4MoO5,12.92334862
125,MgSiN2,11.46929397
126,H3BrO,2.257212867
127,Sr(MgSb)2,5.917401722999999
128,RbCaAs,5.988911967000001
129,CaAlF5,4.142976397
130,CrF3,3.02795094
131,K6MgO4,5.70931351
132,Y3GaO6,9.87883707
133,RbNdSe2,7.724463817
134,GeS,9.48863943
135,Na3ClO,12.97898707
136,CoCuO2,1.34053252
137,BH3,0.21261668
138,V2O5,27.01983948
139,NaLi2AsO4,3.249554447
140,ErCuSe2,7.401532773
141,CaF2,7.28254355
142,FeCl2,0.50489638
143,YAuO2,6.14804436
144,InSe,7.832354799999999
145,Rb3TaO8,5.017014497
146,CaHBr,4.493857503
147,NbBi3O7,55.29235608
148,Ca2Pb,5.199663137
149,TaCu3S4,0.30698019
150,ZrIN,5.720666143
151,Ca2CoSi2O7,8.541952853
152,Tl2SiF6,7.6916656
153,Na2NiO2,3.757155577
154,H2SeO3,3.618827523
155,Ca2YSnO5,13.8386763
156,DyTlS2,15.42003055
157,KCaBr3,38.79815112
158,KTeOF3,5.374587032999999
159,BaH4O3,6.41816436
160,PrOF,9.173831097
161,DySBr,6.303641627
162,K2TiF6,5.02160186
163,PbBrF,32.61688591
164,K3TaF8,3.530339957
165,K2AgSb,4.2352757830000005
166,Sr2NCl,9.582967423
167,MoSBr,0.538120803
168,Ca2Al2SiO7,6.303756103
169,KTbGeS4,5.01712621
170,SrS,19.42944736
171,Dy3BWO9,10.91808302
172,YOF,10.56809234
173,Al2ZnSe4,2.82837275
174,Ba2HfO4,20.88413305
175,GaPO4,2.300528793
176,NaHg2IO2,4.975260527
177,ErF3,8.335287783
178,RbNaO,8.78712462
179,YNiP,2.472674487
180,Ba2AsBr,18.39162213
181,KZnP,4.034142187
182,H7NF4,2.974167167
183,MoSe2,0.345457787
184,LiAlAs2O7,7.64898506
185,Hg2IO,10.09763707
186,Ba(MgP)2,7.612990032999999
187,Ta(TeCl3)2,7.963972997000001
188,BeSnP2,2.072649493
189,NdCl3,4.585797337
190,Na4WO4,4.772740743
191,ZrFeTe,15.84127286
192,KMgSb,4.787977143
193,YAgTe2,8.27772429
194,SiH,0.573402283
195,SrSnO3,52.36383173
196,K2H6Pt,2.531325937
197,RbNa2Sb,10.21804656
198,Rb3SbSe3,3.575503023
199,AgBiO2,35.95543093
200,BaS2,4.445671057
201,KAuS,5.57029344
202,ScCuO2,7.48191368
203,Ca(BeP)2,6.026209137
204,RbNaS,4.365962893
205,CaF2,5.1554974730000005
206,CdCN2,7.872827087
207,RbF,3.74979573
208,Sr(NdSe2)2,11.64429109
209,Ca(DyS2)2,13.60946939
210,MoWSe4,0.14364499
211,Ag3PS4,3.37789439
212,PICl6,2.238477747
213,Na3BiO4,9.597930603
214,LiCoO2,7.266033627
215,HoBrO,7.01207105
216,CuSe2Br,34.27054359
217,AlTlSe2,20.32056409
218,ZrSO,12.06037523
219,Ca(MgAs)2,6.888373812999999
220,H4NCl,3.426057867
221,Ti(NCl)3,2.35483213
222,CaGaGeH,9.35328599
223,Tl2O,15.03518093
224,ZnCdS2,3.707286583
225,Nd2SeO2,8.648822073
226,LiBeP,7.329885137000001
227,AlBiO3,47.67043744
228,PrBS3,7.12605204
229,Zn(GaS2)2,3.46156163
230,InGeCl3,33.562203000000004
231,Y3CuSiS7,8.20756799
232,SmTlO2,56.0964948
233,AcClO,9.191376003
234,RbTmO2,10.48591819
235,NdTeF,9.77265405
236,ZnSiAs2,1.792347387
237,SrO2,9.814213857
238,Al2Te5,11.57060392
239,TiFeTe,17.36181051
240,BiF5,4.497933987
241,SrThBr6,5.92340363
242,Tb2PbS4,28.73434948
243,TlI,32.99065084
244,Li2MgBr4,5.98523876
245,CrHO2,4.851564417
246,HIO3,5.931831513
247,Hg3AsS4Cl,9.06110502
248,BCl2,0.602160913
249,Ba(AgS)2,9.21602318
250,WSeS,0.056048853
251,ZnBr2,7.394177103
252,Rb2PtF6,2.822955497
253,SiGeN2O,3.200127923
254,KMgAs,4.971773187
255,Na2CeO3,19.0122084
256,Nd3SiAgSe7,7.504521863
257,Ca7(HCl)2,6.490298182999999
258,Hg3(SCl)2,8.632157177
259,Au2S,0.221255107
260,Li4CuSi2O7,3.938587033
261,LiVSiO4,4.825629787
262,RbLuSe2,6.561000507
263,Zn4P6SN2,4.0775061930000005
264,PBr3,0.8792175870000001
265,Mg(SbO3)2,9.545161997000001
266,Ba3Si6N4O9,5.398996563
267,ErSCl,6.68143415
268,TmCuSe2,7.37498176
269,XeF2,1.359306203
270,Li3VO3F2,30.10210509
271,LiCoO2,7.892712993
272,NaSi2BH2O7,2.612744933
273,AlGa3N4,4.44321761
274,Rb2CaH4,5.69015916
275,LiSiBi3O7,25.66313686
276,AlSeBr7,3.613248297
277,Hg(AsO3)2,8.608495197
278,AsBr3,1.112836553
279,TlI,13.73724548
280,RbClO3,2.676735003
281,HgI2,11.76393427
282,ZrNCl,6.82792252
283,Te2Mo3WSe6,0.871467903
284,Ga2Te3,4.287396067
285,In2S3,4.981215117
286,Mg(CN)2,1.045358727
287,LiBC,5.24840847
288,ZnAgF3,89.22646348
289,ZrCl2,0.38458657
290,ZnSnP2,2.549241577
291,TmH3(CO2)3,4.413654867
292,RbBiS2,29.57426426
293,Na6P4W,4.063948473
294,ZnWO4,9.29550908
295,UO3,30.88564129
296,HgC2(SN)2,7.424011843
297,SrF2,4.45374318
298,BH5CN2,2.025142257
299,RbScO2,14.51901058
300,SrCl2,4.440751417
301,InPS4,3.66507869
302,PdCl2,0.64127478
303,AlClO,3.815891313
304,B4CCl6O,0.360597887
305,NbTl3Se4,10.76927182
306,Mg2PbO4,13.45017964
307,Ba2PCl,9.50760868
308,K2RbSb,7.923070032999999
309,RbTa(GeO3)3,6.434041077000001
310,GaP,2.25701098
311,Nd3CuSiS7,7.295997682999999
312,Cu2SiS3,2.039588217
313,HBr,1.02567698
314,RbScO2,13.88073347
315,MgNiF4,3.78383977
316,KScO2,12.70110927
317,ThI4,4.5365472030000005
318,Al2HgTe4,3.999049893
319,CaTlCl3,39.71910912
320,TlInSe2,21.31610699
321,BaHgS2,8.877308643
322,ThCN,12.73282812
323,Sr(CdP)2,10.06321601
324,BaSe,20.05402769
325,Li2SnTeO6,9.868819237
326,Na4CO4,7.38889094
327,U3H2,12.19945891
328,Na2Te,3.166106037
329,NaBeSb,2.34204939
330,Rb2SiF6,2.5483085
331,Mg4H2O5,6.370964837000001
332,Li3VS4,0.855920853
333,Nd2PbSe4,28.50982347
334,SBr,1.487430637
335,KV3(SeO)2,12.07004451
336,TbBS3,6.869724982999999
337,TaTl(GeO3)3,9.29418417
338,Li2Se,3.5126294
339,ZnH8(N2Cl)2,3.99160772
340,MnZnF6,4.458698053
341,CuH,1.33101839
342,KrF2,0.851876537
343,LiH2N,3.511834823
344,Rb2Pd,3.948969693
345,Ag5P(S2Cl)2,5.747752873
346,SrS,6.399660612999999
347,CSO,0.234697147
348,Te2Mo,0.491441377
349,RbCaH3,6.975935347
350,LiNiBO3,3.792873607
351,K7NbAs4,5.901514027
352,Zn2GeSe4,3.185475327
353,HCN,1.052968757
354,Li3CrPCO7,4.61339219
355,Ca2BiAsO6,8.690742293
356,ZrFeCl6,4.675776667
357,Pd(SeBr3)2,5.28308223
358,LiHSeO3,3.506533227
359,ZrSnPt,3.88139451
360,SrBiBrO2,8.653454807000001
361,BeGeN2,4.345001423
362,Li4CoO3F,3.942883573
363,Li3Bi,14.62037157
364,Li2CaHfF8,5.256125337
365,AgBiSCl2,32.58297436
366,Na3Sr3GaP4,8.479376577
367,LiAuC2,2.399459127
368,K6Fe2O5,5.923968887000001
369,ErClO,5.348810783
370,KYSiS4,4.784791823
371,Al5CuSe8,4.991292013
372,Ba2ClF3,6.825119407000001
373,TaSbRu,12.79505095
374,Tl2Sn(AsS3)2,9.19141809
375,Li5MnO3F,5.478220307000001
376,NaNdSe2,9.453656657
377,IrCl3,0.4427221770000001
378,RbSmO2,12.48380106
379,KHoS2,7.130399063
380,RbN3,2.99405997
381,TiOF2,20.22405613
382,MgH4(ClO)2,3.107446597
383,Li2O,4.322966517
384,Ca4Cl6O,6.594136317
385,Sr(PrS2)2,11.72846995
386,Li3MnSi2O7,5.222361537
387,LiMgAs,4.8604153430000006
388,KP,3.833422163
389,Na4CO4,7.353255963
390,GaCuI4,1.57569032
391,Ho3CuSiS7,8.143075577000001
392,RbSnF3,22.89977777
393,CaAlH5,11.09179242
394,Ca2Sn,5.679005083
395,CN2,0.82663969
396,CaHfN2,55.30927492
397,Be(CN)2,0.497433063
398,AlAgS2,2.47952443
399,Li2MnBr4,6.833812907
400,CaHCl,6.24320554
401,Pm2O3,15.62792601
402,PbI2,9.47405484
403,Ba2H3I,6.455165263
404,Ba3BPO7,10.4909352
405,CaHI,3.91930025
406,HgPS3,6.527613852999999
407,Sn(CO2)2,7.91890024
408,SnF4,6.306284353
409,Ba2Ti3Tl2,22.27568164
410,Li2BeSiO4,3.79090601
411,RbYO2,10.93324489
412,Li2CuSb,9.908182652999999
413,CaPdF6,2.71705999
414,TlP5,13.63544049
415,GeC,3.045784137
416,PrOF,10.36828781
417,PrBi2BrO4,21.50377385
418,Ca(SmS2)2,12.6695394
419,Rb2TeBr6,3.654991783
420,SCl,0.98108453
421,Ce2Dy2O7,15.33562435
422,KLiS,4.20449045
423,NdSeF,9.361979947
424,Nd3CuSnS7,8.79225102
425,InCl,26.80456726
426,LiCoS2,1.562253947
427,Na2PtO2,4.235939657
428,SiC,3.461065297
429,LiAlO2,3.400364997
430,Ba(MgBi)2,6.632272127
431,KNO3,2.133563197
432,NaSi2N3,4.336340917
433,Al2HgS4,4.701696057
434,BH3NF4,3.32175361
435,NaC,2.972534667
436,Ca2NCl,8.326113193
437,Ga2HgS4,5.342889803
438,Mo(WS3)2,3.143025077
439,Sm2AlNO3,25.08655174
440,MoWS4,0.052925057000000005
441,Re3Se4Cl,0.57493141
442,PrCuSO,14.1165074
443,NdSF,9.52460328
444,Ca2YSbO5,17.31043214
445,LiBiB2O5,37.71405441
446,HoAgTe2,8.462927573
447,VNCl4,1.6488225
448,Cu3TeS3Cl,3.159064177
449,Li2Ge2O5,3.226563973
450,ZrCl4,2.781258123
451,Li2WS4,0.763838087
452,NbCl2O,9.32340531
453,HgBr,9.442382967
454,NaHoSe2,8.33912147
455,YbClF,5.03902981
456,Te6MoW2,6.38357427
457,Na4FeO3,5.967580152999999
458,NaHoS2,8.20105861
459,TaGaO4,21.7438215
460,ErAgTe2,8.529331297
461,Ga2Os,41.38572319
462,AlN,27.26328484
463,CdP2,2.058982277
464,Li2GeO3,3.611458797
465,ZnCl2,2.51336565
466,HgPSe3,5.57933711
467,Ca3UN4,56.26775648
468,NaYSe2,7.865434827
469,KMg(PO3)3,2.882489313
470,BeZnO2,5.088374433
471,YbS2,4.236184523
472,K2PdF6,3.338884817
473,RbHF2,3.755217627
474,TbH2Br,4.945161573
475,Y3CuGeS7,8.37227396
476,NbI2O,32.86122237
477,Al2CdTe4,2.653512637
478,K2HgSe,9.14576616
479,SrSe,5.872180307000001
480,TmIO,8.100267447
481,SbAsO4,15.65636091
482,Rb2MgF4,3.53135394
483,PHF2,1.330424313
484,Hf3SnO8,14.45850307
485,Li2AlFeO4,3.699442367
486,SrCa3O4,15.51037449
487,LiGaO2,3.648896947
488,NaMgAs,9.578076653
489,RbAuS,4.220412143
490,MnTlCl3,38.65379235
491,K2MgH4,4.599441103
492,NaHO,13.85166673
493,K2O2,3.680392767
494,XeF3,1.42643761
495,Al2CdCl8,2.1885354930000003
496,LuTlSe2,13.80377029
497,BeCl2,1.060548647
498,SNF,1.3770200069999998
499,BaSe3,6.741508832999999
500,LiCrS2,6.80557197
501,Sr(PrSe2)2,11.34100491
502,Na2LiAlF6,5.193058487
503,Ho2TeO2,8.524761543
504,Ba2BrN,20.13436208
505,YbSe,6.064420507
506,NdHO2,8.43875231
507,CdBiO3,14.02798693
508,FeP4,6.3067063370000005
509,Ag2HgI4,3.910443047
510,BaClF,4.870717993
511,Ag2HgSI2,4.119382693
512,LiTaO3,34.84860554
513,TiFeSe,17.30854701
514,RbAuO2,2.368882047
515,NaZnP,9.961452953
516,W3(SeS2)2,16.92803588
517,BaZnO2,9.189547897
518,Na3AsO4,2.272214077
519,Mo3WS8,0.269672153
520,MgTeH2O9,3.016365693
521,BaLi2Mg(PO4)2,5.58997756
522,BaP3,5.232473893
523,Na6MnS4,4.46950538
524,Ca(InTe2)2,18.50137317
525,BP,0.082577313
526,LiZnPO4,3.0643850130000003
527,Li2PdO2,6.225750883
528,PbF4,8.13133243
529,Ca(BeAs)2,5.837760802999999
530,InI,23.61977122
531,Al5HO8,7.226250802999999
532,RbCdF3,10.43435467
533,CuBi(WO4)2,24.69754228
534,MgGeAs2,2.20740375
535,ZnI2,11.18009658
536,Nd3BWO9,10.68531137
537,Li2MnP2HO8,7.87268616
538,KH3F4,3.255668233
539,Li3As,4.70383125
540,ZnSiP2,1.921597833
541,LiCoP2O7,4.37288487
542,Ca3PN,40.77229454
543,Tl3SbS3,12.01439497
544,MoH2Cl2O3,2.51412306
545,RbBe2BO3F2,2.585672993
546,Al3BN4,5.264963407
547,Ca2Si,7.508369447000001
548,LiY3WO8,10.28147147
549,MgGeP2,2.436420707
550,DyBi2BrO4,16.83060527
551,GaTeCl,4.00928587
552,Ca(HO)2,6.32065671
553,NdZnAsO,14.63444416
554,RbErSe2,6.806162702999999
555,AgCNO,2.44262783
556,Na3VS3O,4.22031971
557,RbGeIO6,4.21889441
558,NaP,6.75924213
559,LiNd2HO3,19.27120966
560,CaZnSO,6.229364202999999
561,SrCaO2,21.61178201
562,KH4O2F,2.186917883
563,K4BeAs2,3.391729607
564,Na5SbO5,5.041834167
565,NaHS,4.366096917
566,LiPF6,3.150338307
567,K4ZnP2,3.440212427
568,Ba7(ClF)2,6.366977822999999
569,GaCuO2,4.477312027
570,MgTiSiO5,22.72990729
571,Sr2BrN,9.121533863
572,KCaCl3,65.79433126
573,RbCaCl3,15.67252913
574,TeW2Se3,0.4182179
575,SrO,53.01432321
576,Ca4Sb2S,20.54365414
577,ThSO,17.54627311
578,ThBrN,15.31795026
579,Ba2SbBr,30.81773267
580,Li2V(CO3)2,3.068321343
581,NaInSe2,10.45528812
582,Rb2S5,2.52832252
583,SmCuO2,6.622000653
584,GaCuS2,2.690128887
585,Sr2SnS4,6.337328743
586,PSe,0.853623723
587,Ge3N4,6.417992353
588,NbIO2,9.976928997
589,CdSbS2Br,32.211418
590,K2Sr(P2O)2,3.383644063
591,K2Mg2Si2O7,5.163009487
592,TbTlTe2,12.21807755
593,Rb2S,2.715685617
594,MnH4(ClO)2,4.912300547
595,Na2SnO2,6.78964659
596,BaLiF3,9.765475537
597,Ba2H6Ru,6.536483232999999
598,V2ZnO6,17.67986907
599,KH2N,7.989461873
600,Zn(GaTe2)2,3.009480853
601,MoBr3,3.319699387
602,Al2Te3,1.925339293
603,Li2ZnGeO4,3.645789243
604,NdO2,9.122603912999999
605,TlNO2,31.23733283
606,H3NO,4.618780587
607,AlBN2,5.954737287
608,SrIF,4.0753311430000005
609,P2Ru,12.14082473
610,Mo2SeS3,0.147590363
611,RbAu3Se2,3.14494179
612,ScTlO2,75.77829725
613,Tl2S5,8.668738982999999
614,RbCaF3,9.589210447000001
615,RbH,4.930829277
616,BaF2,4.89378375
617,RbTeAu,3.070153897
618,KLiSe,3.957689313
619,NaTmS2,7.872166383
620,Li2CeP2,9.663185923
621,KPrS2,8.22338102
622,KLuS2,6.651191197
623,LiErSe2,12.08229967
624,Sr2CuBrO2,3.66226001
625,Cu2O,0.81060308
626,Na2HgO2,3.002038687
627,LiVF6,3.63830263
628,LiAlSiO4,2.862375317
629,NbCu3Te4,0.697235943
630,K3BiTe3,3.620031413
631,NaMgF3,4.23493881
632,Ba(CuS)2,17.48743959
633,BaSnF6,5.825113917
634,LiBr,1.838455007
635,InS,8.303132327
636,TeMo2Se3,1.58774608
637,CaAlSiH,9.617019673
638,Li5P(S2Cl)2,8.337410553
639,ZnSiN2,4.826180817
640,NdOF,9.183175763
641,TePbO3,17.28960571
642,Tb3CuSnS7,8.125924387000001
643,USeO5,7.54714983
644,K2PtCl4,2.024300553
645,Li2Te,3.425847313
646,HfCl4,2.46084446
647,KBr,4.247854837
648,NaCl,11.06542025
649,PI2,0.841983763
650,K5ThF9,5.444925893
651,BN,2.745102143
652,BaAgTeF,7.47187504
653,YZr5O,42.34415854
654,AlPNCl5,1.083492863
655,Zn(IO3)2,5.607989937
656,AcOF,9.55823707
657,Be2NbRh,30.71264192
658,SnC2(SN)2,10.76060161
659,Te8MoW3,0.875566227
660,MgH2SO9,2.5611958130000003
661,MoF4,3.398608597
662,Ge3Sb2O9,5.397382052999999
663,K2AgAs,4.37242772
664,LiYS2,15.62346342
665,K2O,4.90159132
666,HoSF,9.822376937000001
667,Sr(AsO3)2,6.60179964
668,CaThBr6,6.411399037000001
669,PrTlSe2,13.56391859
670,Ba3NbGa3(SiO2)2,9.576167372999999
671,AuCN,0.40261475
672,NaScAs2O7,17.98663943
673,K2H4Pd,2.761887477
674,SnBrCl,15.213874800000005
675,Ca4Bi2O,18.20973113
676,AgAuCl4,2.248503127
677,TbBi5O9,34.86380843
678,RbNdTe2,7.358605382999999
679,LiBeBO3,3.277251147
680,ThIN,11.74437835
681,K3SbSe3,3.594032497
682,Dy3Sb4Au3,7.54126198
683,Rb2PdCl4,1.7679333469999998
684,CdF2,5.3133727330000005
685,Rb2SeCl6,3.582216527
686,Cd(HO)2,4.58722283
687,CO,0.025539977
688,GeF4,1.262448237
689,BaS3,6.168865942999999
690,Er2SeO2,8.234620403
691,Ga3BN4,5.209923463
692,BiSeI,24.16021375
693,RhF3,1.022635403
694,SmCuSeO,11.79757035
695,Pb2O3,70.069772
696,AlB3N4,4.22124647
697,Li3PO4,2.88423753
698,BiI3,7.25412341
699,CdCl2,5.163778123
700,Ca2MgSi2O7,8.170271773
701,Sr4As2O,29.64741572
702,PrCl3,4.503698937
703,BCl3,0.285813263
704,DySI,5.09565562
705,ZnCN2,3.52169256
706,Ta3SBr7,1.458714623
707,LiMn3OF5,7.63441426
708,MgSiN2,4.5050820730000005
709,BaC2,11.69941966
710,K4ZnAs2,3.249730147
711,K6HgS4,4.107345733
712,Bi2TeSe2,56.3903723
713,BaMnF4,9.315690793
714,P2Os,12.41052506
715,KNdTe2,7.65595367
716,Sc2O3,21.36424983
717,Ba(CdP)2,10.85358905
718,HfIN,4.782603163
719,SmClO,9.909166197000001
720,Al2Se3,3.327712133
721,Pr3CuSnS7,8.803992377
722,PbIF,31.20615091
723,CrAuO2,3.1391531130000003
724,Ag6Mo2ClO7F3,6.92912273
725,RbPbIO6,5.094069793
726,As2Os,13.82446281
727,HoAgSe2,9.589698513
728,HgPb2(ClO)2,29.60517121
729,Zn2Bi2O5,48.51863373
730,PI3,1.2420097
731,Li5V(SiO4)2,4.46316161
732,Hg3(SeCl)2,9.55643566
733,SbI3(BrCl3)2,3.822992537
734,K3SbSe4,3.085783717
735,TiZnN2,7.874830900000001
736,CBrN,0.425450293
737,PtS2,1.420848097
738,Nd4S3NCl3,9.67318397
739,KNaO,8.187855003
740,Ni(AsO3)2,6.420351787
741,Ti3TeO8,6.919340877000001
742,NaV(OF)2,9.751581182999999
743,ZnGeP2,1.89071591
744,GaS,2.58863486
745,LiSiBO4,3.28765102
746,Sm5AgS8,14.12533475
747,NbRhO4,24.82241004
748,SrHCl,5.081810377
749,YH3(CO2)3,4.39291112
750,IrF3,0.908091657
751,TaAlO4,39.41779432
752,WBr4O,5.96848451
753,BaNa2O2,18.04754435
754,As2Se3,3.77477324
755,KLi2As,4.85762052
756,CeTh2O6,17.54471515
757,BaCO3,4.839120913
758,CrOF3,3.479164567
759,TmTlS2,15.37604513
760,KPrS2,8.24064254
761,B2AsP,0.081557277
762,RbSb,3.364910913
763,SrCeN2,47.67130216
764,Ca3TaGa3(SiO2)2,24.33792599
765,SeCl,2.536143473
766,NaH,17.45637507
767,K2PtS2,3.36104467
768,Ga2HgSe4,5.21274259
769,SrHgO2,3.344784953
770,CuBiO2,14.53041747
771,YbGeO3,76.55986605
772,BaZnF4,9.41603574
773,NaHo2F7,5.23149029
774,NaCoO2,3.1095715530000003
775,Na3VH6O7,4.12591272
776,RbH2N,8.00146047
777,AlP,2.308951107
778,BaBeSiO4,5.913083553
779,BaNa2(SiO3)2,5.356834023
780,PrSF,9.561062087
781,ScSbPt,2.2572629
782,Rb2ZnF4,4.393074757
783,MgCl2O,2.61630749
784,SrBeF4,5.069568263
785,TbAgTe2,8.48423293
786,Mg2TiO4,12.09112067
787,Ca(PrS2)2,12.6769754
788,CaTlF3,87.40542409
789,KBe2BO3F2,2.90159351
790,CaI2,2.153748717
791,CS2NF5,0.86495186
792,Mo(WSe3)2,7.57185392
793,YbS,6.37510854
794,Al2Si2H4O9,3.173164587
795,RbBF4,2.89026003
796,Hg3(TeCl)2,13.47851769
797,K2Se3,3.427655287
798,RbCl,3.944938197
799,CaSe,2.305652793
800,YOF,10.30520148
801,NaTmO2,14.92941464
802,KPrSiSe4,4.805587537
803,NaTbS2,8.548872907
804,HfZnN2,27.54504591
805,SrP,4.8726648930000005
806,P2Pd,1.49990325
807,RbNdO2,13.20091632
808,KCuC2,3.08101088
809,BaSr2Mg(SiO4)2,12.26485442
810,Dy3CuSiSe7,8.0779534
811,KMgF3,4.10761233
812,NdTlTe2,12.12067967
813,VCu3Te4,1.933771557
814,LiCuF2,3.144762817
815,PaTlO3,27.09857125
816,FeTeCl7,2.43776816
817,Mg(AlC)2,15.04760295
818,SnHgF6,5.12892121
819,Al2PbO4,12.7353675
820,Sr2InI5,52.61521784
821,Ca2PI,5.94662736
822,Y(HO)3,20.90007002
823,TbCl2F,6.610892033
824,Ho2Be2SiO7,7.584260687
825,RbGeBr3,9.12096477
826,LiSbO3,7.902935683
827,PrGeBO5,7.372516063
828,BaBrCl,6.952411373
829,NaAlO2,3.07176271
830,NaYS2,7.88535264
831,Xe(OF)2,1.677133713
832,K4HgP2,3.112899293
833,ZnTeMoO6,12.24506199
834,Na3Ca3AlAs4,7.828103537
835,LiZnN,9.37273922
836,K2CuP,4.601352173
837,KNa2BN2,5.984336742999999
838,KPF6,2.706678577
839,InBr3,3.601566527
840,SmBi2BrO4,18.69426976
841,SrTa4O,34.62402217
842,KAgO2,2.31463901
843,LiTbSe2,12.66140296
844,Tb3GaO6,9.718094922999999
845,AcCl3,4.567073617
846,ScAgSe2,14.23455796
847,Rb2PtCl6,2.198762963
848,Pr3SiAgS7,7.62932165
849,Th(TeI)2,2.554532187
850,RbSrCl3,12.46085552
851,TlBrO3,10.85047175
852,Li4MnSb2WO2,19.78968063
853,NdB2H,3.82793524
854,Zn(InSe2)2,3.87953539
855,Li5CuSO2,5.054984257
856,NdCuO2,6.99836653
857,BaAl2(SiO4)2,4.52235488
858,GeBi2O5,25.26632142
859,LiMgBi,5.486136447000001
860,Li2VGa3O8,3.858923153
861,DyCuSe2,7.436983193
862,ZnSbAsO5,8.81122922
863,LiYF4,5.598007837000001
864,BaSi6N8O,8.01983269
865,AcBrO,8.7224662
866,Mg(CO2)2,3.37399267
867,Ho2CF2,20.97578723
868,PNO,3.20006046
869,Pr2Be2GeO7,7.73804757
870,NaRhO2,3.487175443
871,MgAs4,3.32920597
872,As(S8I)3,0.364972703
873,KCaBi,5.93393324
874,SrHI,4.2101264
875,LuSF,9.036741603
876,LiNi(CO3)2,2.379509397
877,Te(HO2)2,5.530428917
878,Ca3AsCl3,5.743040832999999
879,Mg(AlSe2)2,3.034928223
880,Al2HgSe4,4.577912453
881,AlICl6,2.23725892
882,NaSnN,5.23896226
883,Si4P4Ru,3.13074433
884,BeBr2,1.04550873
885,SbSBr,47.86650119
886,RbMgBO3,3.472350187
887,Li4WO5,14.75966724
888,Ba2HfS4,24.64486162
889,LiBF4,2.044860573
890,YbBr2,3.612901937
891,YN,5.45828899
892,ScPS4,3.254444687
893,NdH3(CO2)3,3.896474033
894,Tl4SiS4,17.98771234
895,NdBr3,4.156382113
896,KBiO2,8.69082163
897,RbCuC2,3.200632573
898,KAuC2,2.83699847
899,SmIO,4.194936367
900,Rb2Hf2O5,10.53685317
901,ZrMnO3,24.44602143
902,NaS2,3.838809403
903,HgCN2,7.055298147
904,MoCl4O,1.726709047
905,LiB6C,1.349791577
906,TiF4,3.42416259
907,Mn(GaS2)2,3.207712003
908,NaSb(PS3)2,9.426766713
909,BC2N,1.082088243
910,Sm2CdS4,36.5736855
911,ZnS,3.404169257
912,KNbSe2,1.3775102
913,CaGeO3,52.90925678
914,ZrC,10.92629731
915,ZrS2,28.26225944
916,KBi2F7,22.17169888
917,BaAuO2,9.566195917
918,SbAsO3,6.3219772270000005
919,CdSiP2,2.649740903
920,KHF2,3.789316113
921,Ba(MgAs)2,7.096966727000001
922,YAgSe2,12.38826434
923,Er2Be2GeO7,9.300919897
924,NaMnCrF6,3.701760583
925,LuTlTe2,12.44301906
926,Nd5AgSe8,15.60846974
927,NdIO,6.641068057000001
928,Zn2W3O8,8.233845432999999
929,SbSeI,37.73225505
930,RbBiO2,7.78053863
931,TmTlO2,54.00698943
932,Tm2O3,14.19786876
933,Na2PdS2,4.799292443
934,NaPH3NO3,2.87281648
935,Na2PdC2,4.17424429
936,NaCrS2,4.694760883
937,Ge2S3I2,0.922313223
938,Th2SeN2,13.81352827
939,Sr(Si3N4)2,8.867655003
940,KCN,3.98693113
941,H3ClO,2.603497843
942,KCl,4.323011813
943,K2LiBO3,5.804880927
944,CeZrO4,36.61749273
945,Li2CeAs2,8.735871797
946,Lu3AlO6,9.234423993
947,HfS2,22.22366317
948,SmSF,9.483461813
949,KAsSe2,3.193638757
950,InI3,1.98925528
951,Ba2BiBr,21.96191421
952,NbCu3Se4,0.301545327
953,BeCN2,2.414164057
954,NaNO2,2.375915973
955,SiAs2,0.689307517
956,NbOF3,4.929940993
957,TeOF2,11.444560699999998
958,Yb4Cl6O,5.226477187
959,LiErS2,12.56816775
960,Li5GaO4,4.95890706
961,Li3SbS4,1.35729332
962,SrAl2O4,7.101910113
963,K2Te2Pt,3.47585456
964,TmTlTe2,12.29356336
965,K2S,2.677904163
966,PrCuO2,7.097653593
967,Yb(ZnP)2,9.02296065
968,BaHBr,4.718272183
969,Lu2CCl2,16.8761988
970,HfBrN,5.214167123
971,Tl2O,14.78003914
972,FePH5CO4,1.46939974
973,Zn4(B2O)3,4.358465277
974,Li2BF5,3.57324416
975,CaTi2,8.51724094
976,MoO3,12.23379672
977,BaHgO2,4.05293391
978,Rb3NbO8,5.340382557
979,PbClF,14.49063972
980,CdPbF6,5.180929407
981,GaS,2.44587702
982,LiTeHO4,7.27529093
983,NiP2,2.659236393
984,AgBi(PSe3)2,10.30833787
985,InSe,2.772759663
986,RbCl,2.369261547
987,BaLiP,15.29491163
988,AlSiTe3,4.563681517
989,SrO,13.75764398
990,MgTlF3,10.21585652
991,Hg3(SF)2,14.42571871
992,SbSI,46.85752453
993,Li4CO4,4.83801538
994,NaBF4,2.422075677
995,YBi2ClO4,17.73103652
996,NaDySe2,8.517987199999999
997,Sb2S3,56.65957758
998,TbBi2BrO4,17.15307796
999,NaCN,3.150586463
1000,MgMnF6,3.20657304
1001,AlCuO2,3.918661097
1002,Y3CuSnS7,8.430928797
1003,HgSe,12.8230206
1004,TlHgF3,44.35778908
1005,Ba3Ti2O7,33.87086189
1006,Pr2PbS4,28.36504847
1007,CS2,0.153612337
1008,Sr2HN,14.11883556
1009,NdOF,10.31717979
1010,Na6BeO4,4.99200494
1011,SiS2,1.262177697
1012,RbH3O2,3.884166207
1013,P2Se5,2.483129857
1014,GaF3,4.222810477
1015,ScCl3,3.625950173
1016,Ba(NdSe2)2,13.28010565
1017,AlAgSe2,2.51658009
1018,Ga2PdI8,1.86111449
1019,Cd(HO)2,7.649540247000001
1020,SmOF,10.16587283
1021,BaTe,18.96576913
1022,V2Te2O7F2,39.42229699
1023,MgMnF4,6.414313787
1024,SiH8,0.17649489999999998
1025,GeH3Cl,1.624641663
1026,CaB4O7,8.362920877
1027,CaC2,5.696003067
1028,MgTa2O6,60.334114
1029,RbLiSe,4.007584973
1030,P2S7,1.225087313
1031,K4HgAs2,2.970225173
1032,AlAsO4,2.5902533130000003
1033,Ba(InTe2)2,4.919557123
1034,BiAuO2,17.79725412
1035,K2PdCl4,1.90935674
1036,HgCl2,3.879067347
1037,Mg2SnO4,7.38377532
1038,AuI,0.976986313
1039,Hg(ClO3)2,3.007792673
1040,NbCoSn,12.39803434
1041,Mn(Sb2O)2,8.14280847
1042,NbFeSb,19.91650623
1043,ScBrO,22.92825336
1044,Li8MnO5F,7.326033027
1045,ThSbRh,6.812139217
1046,Li7SbO6,7.051708087000001
1047,Ca(ZnP)2,9.45439764
1048,Ga2HgTe4,4.452426163
1049,PCl3,0.714993723
1050,KHoO2,10.24950216
1051,HgI,12.3338386
1052,K2SmF5,4.3002054
1053,Zn(CN)2,0.802463933
1054,NaAgO2,3.55958729
1055,TbTlSe2,13.70208169
1056,DyClO,11.28198566
1057,VF5,0.9003902
1058,K2MnF6,3.41874875
1059,Ho3CuSnS7,8.368403577
1060,K2NaAlF6,4.102973037
1061,KYTe2,6.2537674370000005
1062,PbO,78.72343368
1063,TbH3(CO2)3,4.164397947
1064,CuBS2,1.397637033
1065,Zn(GaSe2)2,3.319127437
1066,K2Se,2.45960612
1067,Na2MgSiO4,2.893357833
1068,CdBr2,3.934513883
1069,ZnSbF5,11.43105256
1070,YHSe,5.738319213
1071,SCl2O,0.984069297
1072,Te2Mo(WSe2)2,0.306377153
1073,Rb2NiO2,3.418258163
1074,NaPrS2,11.39367799
1075,CaS,6.508498727
1076,DyTlO2,55.03576057
1077,RbYS2,6.851074887
1078,P4S3,0.31033377
1079,TmBi2ClO4,16.65569301
1080,BaTm2F8,6.81945313
1081,Na2ZnGeO4,3.34535241
1082,BaBrF,4.830067463
1083,S5N6,0.933875133
1084,LiTlPHO3,7.754643702999999
1085,NbCu3S4,0.317191467
1086,Ca2AlBiO5,15.08435911
1087,Be4TeO7,4.111874473
1088,ZrSiPt,3.869497613
1089,Ba2NCl,22.401931
1090,HOF,1.142928593
1091,MgS,2.587006333
1092,Zn2GeS4,3.1816598330000003
1093,NaHS,4.289149877
1094,HgB4O7,9.427922377
1095,TiCoSb,11.20157193
1096,Zn(HO)2,5.53668682
1097,Rb2LiAsO4,4.429561823
1098,TlInS2,24.87614383
1099,RbLiCrO4,2.797541283
1100,MnTlF3,22.24556099
1101,ZrPdF6,4.57214536
1102,SrAuO2,7.80052682
1103,Rb3BiSe3,3.420457763
1104,KAlSiO4,3.719219923
1105,Cd3AsI3,3.88390018
1106,Li2VBO4,6.11834617
1107,CdSO4,5.814516502999999
1108,CoSnC4Cl3O4,1.00906378
1109,SiBi2O5,26.43854407
1110,Al2ZnTe4,2.599989297
1111,CdBiS2Br,26.16678392
1112,ErTlS2,15.29878005
1113,RbAs,3.741746653
1114,LiYbAlF6,4.185094673
1115,Mo2H2O7,11.76855521
1116,Pd(Se3Br)2,2.49334791
1117,Li2GeF6,4.31323471
1118,Tl3PO4,8.82533045
1119,Yb(PrS2)2,11.71584981
1120,SrTiN2,20.02237595
1121,KYGeS4,5.061147987
1122,LiV(PO4)2,11.47060403
1123,YCuO2,5.89482673
1124,AuBrF6,1.746178927
1125,Na2ZnSiO4,3.272807923
1126,VCuO3,2.522885247
1127,Mo3W(SeS3)2,0.10576721
1128,LiCdBO3,4.181194757
1129,KPrTe2,7.698387062999999
1130,H4IN,3.86408747
1131,H4CN5Cl,1.6381358169999998
1132,LuAgO2,5.217638597
1133,SnPSe3,26.09570805
1134,CaMgNiH4,26.4925103
1135,YbTe,5.556268922999999
1136,TbTlS2,15.14476603
1137,TiTl2F6,14.63656534
1138,B2O3,3.423107487
1139,K3ClO,19.77666627
1140,Y2Be2GeO7,9.04602212
1141,RbInTe2,3.446520097
1142,Hf2SN2,14.94870101
1143,GaI3,1.29801672
1144,ZnPtF6,2.686314807
1145,MgSiO3,11.89233735
1146,NaLiS,5.418866867
1147,Rb2PbO3,5.656009797
1148,TmBi2BrO4,15.94851591
1149,Li3N,7.709725102999999
1150,NbI5,17.30656793
1151,BSb,0.558124673
1152,Lu2(CN2)3,5.335101077
1153,HgN3,8.70884405
1154,Ca(HoSe2)2,8.849171853
1155,KAlF4,6.508735063
1156,Ga2Te5,9.2571586
1157,K4CO4,6.640596767000001
1158,HfNCl,5.7831688670000005
1159,Li3NbO4,13.39321521
1160,GaTeI7,5.098942623
1161,Rb2HfF6,4.824184773
1162,KNa(BH4)2,2.30486445
1163,BaHI,4.973142287
1164,UF5,3.145403787
1165,SmOF,8.973308863
1166,Yb4Sb2O,17.50108597
1167,ErTlSe2,13.7538299
1168,Na4SnS4,4.192471457
1169,Ca3CdO4,11.26792267
1170,K2ZnF4,5.351940137
1171,ScAuO2,7.362496007000001
1172,Mg2H2O3,5.475124172999999
1173,Rb2BeF4,3.92675374
1174,CdHClO,4.838869483
1175,IrI3,0.41246394
1176,LiGaS2,2.8184323
1177,ThSeO,16.72626991
1178,K2HgO2,2.951260243
1179,Ga2PbO4,16.05063961
1180,K2PbO3,5.00628076
1181,AsCl3,1.138878463
1182,TbF3,7.68617538
1183,PbIBr,30.16476145
1184,Si3H,0.38353936
1185,KTmO2,9.58513619
1186,Li2MnPO4F,8.420983643
1187,Nb3Sb2Te5,3.0303005730000003
1188,H(CO)2,4.37628433
1189,Rb2O2,2.972029553
1190,CuB(CN)4,0.1703829
1191,Ca3AsBr3,5.58562343
1192,Hg2P2S7,6.534286452999999
1193,HfZrO4,25.94717223
1194,Er2TeO2,8.45137493
1195,Mg(ReO4)2,1.80492731
1196,TaBe2Rh,26.35245634
1197,Sm2SO2,8.588537307000001
1198,B2S2O9,2.6242687
1199,CdS,2.857055623
1200,Na4CrO3,7.823786737000001
1201,Cu2WS4,0.3341654000000001
1202,Ag3P,0.53055713
1203,LiTmO2,32.00742825
1204,RhBr3,0.5556991029999999
1205,Rb2Se,2.440110483
1206,Ga2TeSe2,2.859326357
1207,TiZnF6,6.628268077
1208,LiGaSe2,2.75553759
1209,YbSe,3.164144253
1210,BiI,7.748758863
1211,SnC,3.926732677
1212,K4Au6S5,2.751200143
1213,RbCaCO3F,5.07971513
1214,TbCl3,4.58567728
1215,SmH3(CO2)3,3.962747793
1216,B2S3,1.284666023
1217,Mg(BeAs)2,9.22088115
1218,K4I2O,3.429678567
1219,Na6MnTe4,4.894448227
1220,RbSmTe2,7.175343353
1221,TlN3,12.93215059
1222,HgHOF,5.221150327
1223,Bi2Se3,52.77680841
1224,Mg2PN3,5.35318485
1225,SrHBr,5.26014081
1226,TbBi2ClO4,18.85877412
1227,W3(Se2S)2,4.505941623
1228,Zn2Sb2O5,18.10121601
1229,LiZnPS4,2.835782857
1230,MnTeMoO6,13.41038937
1231,NaSbS2,18.61012481
1232,Rb2ZrCl6,3.877667457
1233,LiSbTe2WO2,20.36220689
1234,Zr(MoO4)2,8.4071774
1235,KSbS2,11.23382008
1236,AgH,2.849540963
1237,CrBiO3,27.48521164
1238,HgPbF6,6.836078327
1239,MgI2,3.531202193
1240,Rb2Te,2.169363747
1241,AlF3,2.989087693
1242,ZnC2S2(OF)6,1.86554041
1243,MgGeN2,4.272015653
1244,YCl3,2.81190188
1245,BaAl2O4,8.655814832999999
1246,Nd2SO2,8.839363317
1247,BH6CN3F4,2.157790383
1248,Rb2GeF6,2.682795243
1249,Sm2PbS4,27.23562093
1250,NaNbS2,1.586760327
1251,TmBrO,5.254489063
1252,Ti3MnO8,36.97339788
1253,YbI2,2.070969373
1254,TmAg(PSe3)2,5.04901774
1255,Zn3CdS4,3.578014993
1256,NaAuO2,3.359076047
1257,LiInTe2,2.861130567
1258,MgO,7.147493317
1259,LuSBr,5.61740665
1260,K2Se5,3.53552147
1261,HgSeO4,9.188660113
1262,Ca2SnN2,10.39113852
1263,HS7N,0.264746193
1264,BaSr3O4,28.13433638
1265,AgNO2,3.79652072
1266,SrGaSiH,6.31081466
1267,Sr(MgAs)2,6.264978202999999
1268,TiSnO4,50.97147228
1269,ZnPdF6,2.953414053
1270,Pr3AgGeS7,7.828671992999999
1271,HfBrN,9.8295235
1272,Zn4B6SeO2,4.49683582
1273,BiSeCl,24.28399844
1274,SnS2,4.58519822
1275,LiYSe2,14.09395844
1276,VCu3S4,0.38514473
1277,Sr(BiO2)2,10.49862581
1278,K3AsSe3,3.516031673
1279,NaSrP,9.86568182
1280,Zn3(PS4)2,3.390941633
1281,LiZnP,6.647600387000001
1282,BNCl2,0.265743337
1283,SrAlSiH,6.54463005
1284,RbAcTe2,19.90487814
1285,NaLi3(H2N)4,2.903691383
1286,SrC2,5.69951372
1287,WOF4,1.870695357
1288,Ca4P2O,20.40416834
1289,LiAlSe2,2.350867083
1290,Na2Se,3.125654597
1291,Nb3TeCl7,1.681257767
1292,InGaS3,5.01030052
1293,DyCl3,4.644427917
1294,KGeNO,4.41427842
1295,TiZnSiO5,10.67459727
1296,NdZnPO,11.02352949
1297,KUO3,13.35570329
1298,InPbCl3,12.18327774
1299,YTlTe2,11.4908276
1300,IO2F,8.184278347000001
1301,Tb2YbS4,12.12082652
1302,Pr2SeO2,8.73281242
1303,FeN3ClO3,0.544065647
1304,RbI,3.591362233
1305,Rb2Pd3S4,3.25059546
1306,NdBi2BrO4,20.39983308
1307,RbDyS2,7.297568507
1308,MgSnP2,2.67025461
1309,SiSe2,1.363418583
1310,Zn(SbO3)2,21.85275201
1311,ErBi2IO4,16.61823397
1312,DyTlTe2,12.19431026
1313,BaHCl,4.724779713
1314,KNbS2,1.4047885969999998
1315,Bi(BO2)3,5.778680037000001
1316,HoTlSe2,13.9961186
1317,RbLiS,4.361869797
1318,AlSbO4,7.103866423
1319,LiNbS2,3.026678533
1320,Na2GeO3,3.316517433
1321,P2Pd3S8,0.82841759
1322,TeWSe,0.275367773
1323,LiCaAlF6,4.28767063
1324,BH3OF4,2.645278517
1325,ErZnAsO,16.97520614
1326,RbHoO2,11.12106397
1327,YbB4O7,8.422775912999999
1328,SnB4O7,15.56451438
1329,Ba2SbAu,11.64954075
1330,Ge2N2O,3.758648117
1331,Pr2AlNO3,23.15078713
1332,FePb2(CN)6,7.469167562999999
1333,Rb2O,5.772034457
1334,NaScS2,9.715329837
1335,KPH2SO3,3.284627603
1336,BaLiAs,13.17569648
1337,LiAgC2,1.471108233
1338,MoW2(SeS2)2,0.097657187
1339,KNdGeS4,5.1216850130000005
1340,BaZnSO,9.685590233
1341,LiVPO4,6.985508962999999
1342,NaGaO2,3.376253957
1343,KSrCO3F,8.585171333
1344,Mg2ZnAs2,15.88621093
1345,NaInS2,9.33121746
1346,GeSe2,3.898121283
1347,BaHfO3,29.80770288
1348,BaAlSiH,5.67507378
1349,BaSe,7.531879027
1350,SbTeI,26.75646714
1351,Li3BePCO7,5.794692397
1352,ZrZnN2,31.4224215
1353,Li2Si3NiO8,5.745265997000001
1354,P4S5,1.134264723
1355,BaMgO2,7.78643335
1356,Li2GePbS4,35.68636683
1357,Sr7(HCl)2,5.58948411
1358,As2PbO6,12.59610163
1359,VO2F,3.31621123
1360,NbBr2O,10.60972553
1361,SrSiO3,18.77445108
1362,KErTe2,6.713561333
1363,RbHF2,3.76375667
1364,Cd(GaTe2)2,3.162153207
1365,BaI2,7.06413917
1366,Rb2SnO3,22.04731997
1367,TiGeO3,27.05269489
1368,NaSrAs,9.155895382999999
1369,LiDySe2,12.42884333
1370,CS2NClO2,0.955235607
1371,AgI,10.33958266
1372,BaGa4S7,7.18927724
1373,Ca2AsI,5.881516257
1374,Ag3AsS3,7.672164723
1375,KAgC2,2.09094536
1376,FeSeCl7,2.770941537
1377,K2S5,2.939203067
1378,W2Se3S,0.10411553
1379,KSmS2,7.84088333
1380,CuSe2Cl,52.93797414
1381,As2SO6,9.184409007000001
1382,TlI3,14.29902632
1383,RbErO2,10.83518716
1384,BiIO,36.31134147
1385,Tl3VO4,15.23287189
1386,SmTlSe2,13.66956466
1387,Li2CrO4,5.031712883
1388,RbPbCl3,13.38500284
1389,Ga2TeS2,2.86474903
1390,NaDyS2,8.42644851
1391,K2Cu(ClF)2,2.777974843
1392,Al2Si2H4O9,3.173223363
1393,MgBr2,2.87534445
1394,KNaThF6,5.30164156
1395,Cd(InTe2)2,3.43523479
1396,SnICl,36.34870774
1397,Tl2Sn2S3,63.46253106
1398,K2NiO2,3.1605781630000003
1399,BaBe2Si2O7,6.01615759
1400,KNdO2,12.09812081
1401,Sc2CCl2,16.33359471
1402,YCuO2,5.892501713
1403,Br2O,6.031457067000001
1404,KCrS2,3.637740017
1405,CoCuO2,1.34897822
1406,RbMgF3,3.742102663
1407,InBr,24.52306714
1408,MgAgF3,13.67440309
1409,InClO,4.132995803
1410,NaCdF3,3.609106997
1411,NdBrO2,8.953384727000001
1412,BaCaI4,9.15301466
1413,CuCN,0.80116471
1414,DyTlSe2,13.73865094
1415,Ba2CuBrO2,4.060693157
1416,Pr2PbSe4,28.84434634
1417,YbMgNiH4,38.55868629
1418,RbAlF4,4.440118533
1419,Li4TiS4,2.4717864
1420,MoSe2,2.155673727
1421,NdTlSe2,13.61770907
1422,BaB2F8,4.41398902
1423,LiYF4,6.205085607000001
1424,AcBr3,4.395448807
1425,Au2O3,1.07758396
1426,Au7I,3.339751777
1427,BaLiH3,9.90294605
1428,GaBr3,1.255140117
1429,Na2SiO3,2.96350016
1430,BaCl2,4.03170258
1431,AgClO3,8.48287263
1432,H2O2,1.16443405
1433,Zn(InSe2)2,3.69593982
1434,K2SiF6,2.804273717
1435,KTbS2,7.412165292999999
1436,Sr2H6Ru,6.19796551
1437,KH8N3,3.41326872
1438,BCl(OF2)2,3.530471747
1439,HfTeSe4,36.52115322
1440,CaH2(BrO3)2,4.21343046
1441,CaH2(ClO3)2,4.376172477
1442,Rb2Zr2O5,15.98780876
1443,NaTlO2,9.042487933
1444,CaH2,25.45198659
1445,SrBe3O4,5.4758899770000005
1446,ZnCoF4,12.71429086
1447,Er2SO2,8.34711645
1448,HgSO4,9.249530417
1449,NaCaAs,3.842834987
1450,ZnO,23.45728409
1451,SrB4O7,6.221049552999999
1452,Li2TiTeO6,15.69846958
1453,Rb2H6Pt,2.443380093
1454,ZnPS3,9.146012757000001
1455,Ag3SI,6.376478803
1456,PdBr2,0.31667907300000003
1457,Hf(B2H3)2,0.46943791
1458,BiClO,32.12827608
1459,RbSrCO3F,4.535579693
1460,AlCuO2,3.913004787
1461,LiGaO2,12.87828303
1462,Tb3BWO9,10.82935689
1463,KBrO3,3.446968263
1464,BeSiAs2,0.930326813
1465,DyZnPO,10.69096127
1466,NaF,2.9388264530000003
1467,Cd(GaSe2)2,3.502610447
1468,TeRhCl,3.96785017
1469,K2NiF6,2.290508307
1470,NaPrSe2,9.609217987000001
1471,SbIrS,4.97447694
1472,RhCl3,0.5782120629999999
1473,TiCdF6,5.624262033
1474,LiAuF6,2.429381097
1475,IOF3,5.440339373
1476,CdPS3,5.230778207
1477,Cd(InSe2)2,3.951381107
1478,Li2TeO4,5.719553563
1479,Hg(BiS2)2,33.40495057
1480,Li3VO4,3.3786883000000003
1481,BaTe,6.268466687
1482,BaAl4S7,7.08377876
1483,Ca2BrN,8.256257307
1484,Y2Be2SiO7,7.645150782999999
1485,RbSmS2,7.800254382999999
1486,Sr2CdAs2,7.397478283
1487,LiAsF6,3.170454753
1488,BiSeBr,23.71140481
1489,KNiIO6,3.221446227
1490,RbV(CuS2)2,3.076842347
1491,KErS2,7.01585039
1492,LiH,11.79188494
1493,Li2CdGeO4,4.018651397
1494,NaLuS2,7.641515983
1495,Nd5AgS8,14.56090353
1496,KLiTe,3.645494193
1497,HgF,9.983836277
1498,Pd(SeCl3)2,2.256784307
1499,SnF2,14.01698093
1500,BaBeF4,17.357927800000002
1501,H6CNF,1.95886162
1502,Zn4P6N2O,4.64498356
1503,BaSi4O9,5.183112933
1504,Rb2PtS2,3.118365117
1505,BAsO4,3.917761757
1506,LiMnO2,7.425742372999999
1507,KCaSiHO4,6.62424361
1508,AgHgAsS3,10.65366832
1509,Ta(TeBr3)2,8.299845357
1510,BPS4,1.236420383
1511,K3BrO,8.54192074
1512,YBi2IO4,17.1219412
1513,K4CdP2,3.073681853
1514,Sm3CuSiS7,7.564338932999999
1515,GaP,2.1520167000000003
1516,Er2O3,14.53281555
1517,MgPSe3,2.878516693
1518,TcS2,0.321519357
1519,Tl2SnF6,14.45910815
1520,PbCN2,28.79666452
1521,Ca3AsN,26.3640238
1522,Ge2N2O,3.57249278
1523,Li2NiPO4F,5.641667967
1524,K3IO,5.132185517
1525,KSmTe2,7.37675715
1526,SrBrF,5.252929303
1527,NaGe2N3,4.6699162
1528,KPrO2,12.83772185
1529,CaO,5.6533444
1530,Ca2SiB2O7,6.090209663
1531,K2ReF6,3.847985347
1532,SiPbO3,89.13932698
1533,KInO2,6.27612605
1534,NaPN2,5.644573952999999
1535,Be2C,8.553031667
1536,Mg(BeN)2,7.684458273
1537,AgB(CN)4,0.624045823
1538,BrO2F,1.84310723
1539,MgGeO3,19.72793943
1540,Cd(CN)2,2.09998159
1541,Li8TiMn3O2,16.469015
1542,Dy5AgS8,14.89214433
1543,Mg(BeP)2,8.826628363
1544,IrBr3,0.423309243
1545,Sn(WO4)2,4.679347727
1546,Cd2BiAsO6,11.42488587
1547,K2ErF5,4.065879713
1548,CaZnSe2,3.41922087
1549,ScCoTe,7.746870177000001
1550,Mo3(Se2S)2,0.51483989
1551,AsI3,10.21133524
1552,Sr2SbAu,9.482704553
1553,KHoBeF6,4.730204537
1554,Tb3CuSiS7,7.900263963
1555,Dy2PbS4,29.45260396
1556,Na6ZnSe4,4.763415967
1557,Li3CuF4,3.91075972
1558,Ba3Bi2F2,9.608612243
1559,Ho2SeO2,8.279034857000001
1560,HfFeCl6,3.656006133
1561,Pt(SCl3)2,1.773267793
1562,KGeBr3,33.93695903
1563,BaO2,9.638193267
1564,KF,5.943415663
1565,Ca(SbO3)2,9.013807403
1566,NaCrSe2,4.58776325
1567,KC2IN2,2.659380217
1568,Mg(InTe2)2,3.15868044
1569,KYS2,6.805964107
1570,Mg(HO)2,5.98274971
1571,GaAgS2,3.1039342530000003
1572,Ca(NdTe2)2,12.4453545
1573,RbMnF3,6.40195109
1574,CClF3,0.431798427
1575,KZnF3,6.63648203
1576,CdSnF6,3.908691457
1577,Li3Sb,13.06317161
1578,Mg3NF3,5.86866424
1579,HoSI,4.996060003
1580,PtI2,1.362305687
1581,MoW3Se8,0.147899353
1582,KNdS2,8.17643663
1583,H8(NO2)3,4.259244733
1584,PrHSe,6.593377263
1585,TlCl,11.59852296
1586,NaSbO2,12.43687262
1587,NaNbSe2,1.739115203
1588,LiYMo3O8,8.97467031
1589,S2N,0.84145035
1590,LiHF2,7.0637099370000005
1591,Tl2ZnI4,7.355951782999999
1592,AlF3,2.280175543
1593,AlTeI7,4.18131237
1594,BiSI,27.83743686
1595,Na2AgAs,7.846684287
1596,SmAgO2,6.099250353
1597,IBr,9.83781575
1598,LiSbO2,5.55215857
1599,Ca(MgBi)2,7.203076587000001
1600,GeS2,3.165763033
1601,ErTlTe2,12.25848281
1602,KrF2,1.160212377
1603,Ba(MgSb)2,6.32561723
1604,BiBrO,32.10536957
1605,UN2,54.56966881
1606,DyAgTe2,8.460391623
1607,YI3,2.904817007
1608,NdClO,9.56665372
1609,Ba2AsAu,14.9735991
1610,LiMn(CO3)2,3.541318483
1611,AlSCl7,2.663253337
1612,Y2TeO2,22.32770878
1613,K2MnF4,7.44748935
1614,NaH,6.598420299999999
1615,YBrO,4.22548236
1616,Rb4SnO3,5.260943383
1617,BaO,38.79258689
1618,SmTlTe2,12.00670595
1619,TiSiPd,4.862917063
1620,Sr4P2O,33.19377241
1621,NbBiO4,18.65508482
1622,Pr4S3NCl3,9.59965701
1623,HoClO,11.54726674
1624,BiSBr,26.13341694
1625,RbTmS2,6.964325933
1626,CaZrSi2O7,8.326382792999999
1627,SO3,4.047943727
1628,ZrCoBi,9.63407886
1629,NaAlO2,5.4409478170000005
1630,GaCl3,1.5625235030000002
1631,Dy3CuSiS7,8.055146882999999
1632,S(IO3)2,17.53897764
1633,MgMoN2,4.32087822
1634,SrAl2B2O7,2.9180558530000003
1635,Sr2IN,9.252042867
1636,Sr(ZnP)2,8.77747723
1637,LiErO2,20.3698688
1638,K2AgAs,4.372513897
1639,ZrBrN,11.21760177
1640,Rb2ZrF6,5.204539403
1641,Ca2SiO4,12.22794052
1642,CdBiClO2,10.56216621
1643,ZrS3,3.423644983
1644,Y2SeO2,30.452715
1645,Sr2H3I,7.22822505
1646,Ag2HgI4,4.035744347
1647,PbCl4,2.095467697
1648,K6CdTe4,3.33049383
1649,AlSbI6,1.821794247
1650,KPrGeSe4,4.982702277
1651,Li4MnSi2O7,3.585068103
1652,Na2BeF4,2.294432763
1653,BaSiCl,6.143108663
1654,NaErSe2,8.216007627
1655,Sm2PbSe4,28.14776624
1656,TlBr,10.74334539
1657,BaZnCl2,22.01574585
1658,SrH2,20.79151347
1659,YBi2BrO4,16.77264871
1660,Mo3WSe8,1.920590003
1661,TiBrN,42.08224013
1662,Ba(H2O3)2,22.82822913
1663,Na3MoNO3,2.3737029
1664,HgBr2,6.67144905
1665,PtO2,2.075327413
1666,PrBr3,4.359313453
1667,SrCa(CO3)2,5.41615861
1668,TiSnPt,5.489084117000001
1669,TmTlSe2,13.99622062
1670,BiI3,6.585756462999999
1671,NaBr,3.25717667
1672,UCO5,3.664854413
1673,LiCrO2,10.57776682
1674,TaCu3Se4,0.283301527
1675,Bi3BrO4,25.78574102
1676,NaSmS2,9.083655963
1677,BeS,2.071387967
1678,As2Ru,14.15807643
1679,KI,4.46335221
1680,KAuSe2,2.686819903
1681,BaNaH3Pd,8.91636013
1682,NaDyO2,15.91439241
1683,ZnNiF6,3.162470663
1684,LiNbO3,33.274359999999994
1685,KTlO,4.76875292
1686,PdF4,0.7523174429999999
1687,AgCl,6.730242353
1688,LiCrP2O7,10.03171598
1689,CoHgC4(SeN)4,2.07502371
1690,KBi(PS3)2,13.41190743
1691,Na2ThF6,13.50003924
1692,RbBaSiHO4,6.016317503
1693,ScCuS2,9.85618942
1694,Li2H2SeO5,2.0359485
1695,K3Ta3(BO)2,30.58919748
1696,MnH4(BrO)2,5.33686418
1697,LiTa2CuO6,55.18323473
1698,Al5CuS8,4.789103063
1699,Zn(GaS2)2,3.32664626
1700,Ga2S3,4.311262347
1701,ZnGeN2,4.80305776
1702,CdI2,5.573786147000001
1703,KCl,2.33939358
1704,SmTaO4,35.81586912
1705,KErO2,9.91872086
1706,Li2NbOF5,6.527479812999999
1707,CaSnF4,30.19726717
1708,P4PtF2,1.061970853
1709,SNCl,2.574796093
1710,Zr3GeO8,19.09197818
1711,LiC,2.90887466
1712,K2PAu,5.974551693
1713,LiSb3P2,12.95343162
1714,KBaSiHO4,5.96010009
1715,Mg3(HO2)2,6.076093823
1716,NdBi2ClO4,22.20551512
1717,Na4S2O5,4.533237003
1718,Na2CN2,3.5778408
1719,RbTlO2,8.750910023
1720,LiHF2,6.885464582999999
1721,LiLuO2,23.00054245
1722,Ba2BiAu,10.68386232
1723,Li6FeO5F,7.0156209
1724,Ca4Al6O3,12.27169881
1725,UCdO4,16.62577353
1726,KTeHOF4,5.17369805
1727,WSe2,0.159726587
1728,SrCuSeF,7.916313753
1729,Sm3SiAgS7,8.05628553
1730,NaMgSb,8.1889153
1731,Yb(NdS2)2,11.66021121
1732,Nd2Be2SiO7,7.073271747000001
1733,Ga3PO7,6.1728521270000005
1734,ErSF,9.978106803
1735,Rb2LiVO4,4.366319197
1736,LuIO,8.687206387
1737,ClO3,22.1942638
1738,AlH3,6.9167380000000005
1739,NaInO2,6.507476092999999
1740,HgS,8.421214817000001
1741,BaCrF5,5.502460973
1742,NaNiIO6,3.49239973
1743,RbI3,3.61318907
1744,Zn(InTe2)2,3.44330651
1745,Li2ZrTeO6,16.92740398
1746,SmZrF7,5.282051427
1747,LiAuO2,2.6118559130000003
1748,SbAsO5,4.88931376
1749,Al4C3,9.77514493
1750,LiScMo3O8,10.14286099
1751,GeI2,9.9744312
1752,AcTlTe2,45.37225399
1753,AgCl,21.44200862
1754,CdPtF6,2.44698026
1755,Rb3NaBe2F8,6.7145893370000005
1756,TiMn3O8,17.06862687
1757,LiMgH3,7.265509333
1758,LiCuSi2O5,3.84469397
1759,LuTlS2,15.50795733
1760,K2Pb2O3,5.396537357000001
1761,Ca2Ge,7.190383527000001
1762,Yb4As2O,18.80697796
1763,Sm3CuGeS7,8.042107433
1764,GaCuO2,4.480492277
1765,LiInP2O7,3.763970577
1766,RbYbF3,7.266345227
1767,NaHF2,3.310781373
1768,BiSbO3,30.43696589
1769,CdTeMoO6,19.90915883
1770,VCu3Se4,0.531050503
1771,K2GeF6,3.922642193
1772,NaBrO3,3.442221623
1773,Y2SO2,8.746554413
1774,KClO3,2.9024047530000003
1775,CaPtF6,2.430229227
1776,SrClF,5.21744383
1777,Tl3AsS3,12.87410352
1778,TiNCl,50.37279978
1779,Cd(GaS2)2,3.575408007
1780,SrS2,4.3186565
1781,Li2CrP2O7,4.101508877
1782,HoTlS2,15.24358159
1783,GaSeBr7,5.064485033
1784,HgNO2,5.149325683
1785,FeCl2,2.02313632
1786,NaLuO2,15.08685843
1787,ReNCl4,2.144160283
1788,MnAlF5,6.24777587
1789,CSO,0.23799017
1790,KCN,2.21367731
1791,K2PdF4,2.351337743
1792,TiSiPt,5.08388261
1793,PdI2,2.186886233
1794,Zr(MoO4)2,12.9906471
1795,Yb(YS2)2,12.57853807
1796,HoF3,7.99769509
1797,Li2CeN2,18.40111301
1798,PbI2,10.21935035
1799,SiS,0.56880783
1800,Pr2TeO2,13.33822799
1801,KF,3.337626117
1802,Al(IO3)3,4.91212017
1803,Ho2SO2,8.409358887
1804,Li2PNO2,3.447743717
1805,XeO3,9.00426487
1806,PrIO,6.557234093
1807,H5CNO2,2.404636577
1808,RbAuC2,3.884282743
1809,KAcTe2,16.37683489
1810,RbPbBr3,14.54698908
1811,NdTlS2,15.3733799
1812,NiPbF6,7.371542343
1813,TmClO,5.033692047
1814,BeI2,1.05772361
1815,AlAgO2,5.29319592
1816,Zn(SnO2)4,6.840276757000001
1817,Bi2PbSe4,52.81435935
1818,KHO,5.108936413
1819,KYO2,10.08740263
1820,Mg3Si2H4O9,2.98728853
1821,Dy2Be2GeO7,8.832193957000001
1822,RbAgO2,2.393382813
1823,Ba2YF7,9.96920149
1824,Na3ScF6,21.53617607
1825,Ga2PdBr8,1.563327727
1826,Rb2HgO2,3.1977697
1827,AlN,14.57232258
1828,H2C5N2O,1.70180735
1829,LiV3O8,20.21138119
1830,K2CuSb,4.88559343
1831,LiScS2,13.53868704
1832,Cu2SO4,3.22469471
1833,LiNbSe2,3.17009741
1834,Mg5(HO3)2,6.452244117
1835,HoTlO2,53.99707155
1836,NaLi2Sb,7.99766457
1837,Rb2S3,2.817522557
1838,KSmSe2,7.63759437
1839,NdCuTeO,9.86631145
1840,HgBr2,8.014598377
1841,RbErS2,7.134285072999999
1842,PAuS4,1.482929963
1843,SeOF2,2.307507257
1844,K4Br2O,5.422950162999999
1845,Ta(ICl)2,2.382157727
1846,LiI,8.96342671
1847,Li3BrO,8.066784847000001
1848,TbSF,9.687743947000001
1849,AgBrO4,5.191200033
1850,ScIO,12.76506067
1851,LiAlO2,8.7471941
1852,Li2AlVO4,4.79727602
1853,Th2HN3,31.9267407
1854,HfS3,3.402701727
1855,Al3GaN4,4.069198457
1856,Sm3BWO9,10.57659271
1857,ZrSiPd,3.60932038
1858,RbPrSe2,7.817198042999999
1859,Pr5AgSe8,17.27782827
1860,KLiZnS2,5.50291339
1861,Pd(Se3Cl)2,1.962626343
1862,Sr(AlCl4)2,2.08982616
1863,Dy2TeO2,15.28109615
1864,HoBi2IO4,16.89001033
1865,S3(NCl)2,6.746938472999999
1866,NbCl4,3.07889516
1867,Ca(MgSb)2,6.617456313
1868,SnH8(CI)4,0.441618227
1869,ErTlO2,54.94346508
1870,K2Mg2O3,4.465955837
1871,SmBi2IO4,18.92641425
1872,Cd(CN)2,1.30877303
1873,CdCu2SiS4,2.740220423
1874,NaTbSe2,8.583418107
1875,Sr3TaGa3(SiO2)2,11.20610354
1876,MgSe,11.95940631
1877,Nd2TeO2,13.52803074
1878,BaHfN2,19.20089964
1879,BeSnAs2,1.998480767
1880,NbTlBr4O,9.590545
1881,AlAgTe2,2.054165267
1882,YbC2,5.857025307000001
1883,KSmF4,4.84883689
1884,Ca(PrTe2)2,12.3308248
1885,Ca4Mg3H4,9.698043157
1886,SiF4,0.734543113
1887,RbCaSb,4.9972437
1888,KMgH3,5.731144793
1889,Li7SbO6,6.33717855
1890,TlS,42.63581691
1891,MgSiAs2,2.14530048
1892,Tm2SeO2,27.59473113
1893,B4PbO7,11.85266414
1894,ZnCdSe2,3.717438363
1895,TeO2,16.19011387
1896,Ba(BS2)2,4.146030413
1897,RbLuS2,6.71328624
1898,MgSiP2,2.447971003
1899,Nd3SiAgS7,7.780383863
1900,RbAlF4,4.15755624
1901,KH,4.5727539
1902,TlGeF3,16.44874749
1903,Ca2H3Br,9.580616397
1904,MgPdF6,2.29528305
1905,AsF3,2.86951922
1906,BiTeI,15.07101699
1907,TlCd(NO2)3,6.661848142999999
1908,TaCu3Te4,0.43588637
1909,SbF3,10.13233754
1910,CeO2,20.30340121
1911,CaNiF6,3.103745853
1912,Ba2H6Os,6.37394016
