,pretty_comp,min_ir_mode
0,InBrO,49.09817015
1,Mn(GaS2)2,100.7388109
2,SrBrF,103.5230023
3,K2Cu(ClF)2,121.8844118
4,NaV(OF)2,71.87355215
5,Ti3MnO8,93.2944239
6,NaY3SiS7,61.4783238
7,MgH4(ClO)2,155.580318
8,SrS,127.9604149
9,LiAsF6,216.9987452
10,CaH2(ClO3)2,90.563259
11,SiH4,863.830933
12,KHF2,142.11522209999995
13,KHS,120.6287176
14,PrHSe,148.2822374
15,CdSnAs2,129.3761224
16,Li2WS4,426.75113560000005
17,PI3,266.7313991
18,BaAl2B2O7,104.6243861
19,XeF3,146.0734669
20,RbBe2BO3F2,95.4583053
21,LiSiBO4,269.3067861
22,SrSiO3,245.8151795
23,KNbSe2,107.1973719
24,Rb3SbSe3,55.6108582
25,SrBeF4,93.41578455
26,RbErS2,123.9802925
27,TbTlSe2,44.19351905
28,CdSO4,116.7045565
29,Li2AlFeO4,241.7117955
30,Ba(BSe3)2,16.5290604
31,Pr3CuSiS7,55.07422335
32,Pr5AgSe8,15.49884555
33,SmTlO2,30.7585716
34,K2ReF6,113.6911172
35,BaSi3SnO9,64.4723534
36,InI,46.51454565
37,K4HgP2,67.79197905
38,Al5CuSe8,90.8135174
39,Al2Si2H4O9,193.1234802
40,Te3W2Se,173.80649319999995
41,LiMgAs,244.6179145
42,TbTlS2,44.9904173
43,Al2CO,209.1918103
44,YCuSe2,131.6108392
45,Ba2BrN,67.83346645
46,Zn(GaSe2)2,121.0268499
47,TiTl2F6,56.27288905
48,CaCdO2,130.2707362
49,TlInS2,46.09160095
50,Ho2CF2,203.3704011
51,AlSiTe3,188.7353872
52,Pr3AgGeS7,53.72034675
53,Tb2PbS4,56.9263823
54,BaHCl,130.7087884
55,Ba(MgBi)2,75.93604905
56,Rb2Pd3S4,63.63830325
57,Ho2Be2SiO7,177.3852483
58,YbSe,136.2635978
59,Ag2HgO2,105.2669405
60,LiC,363.9086301
61,Pr2PbS4,55.43226895
62,NbTl3Se4,61.14232255
63,Rb2Se3,56.04924395
64,Li2ZrTeO6,169.8144648
65,Li3VS4,436.66709110000005
66,Zn(GaS2)2,100.6014089
67,CaSnF4,68.79841535
68,AgCNO,52.31547800000001
69,RbYO2,77.60101445
70,Ca3TaGa3(SiO2)2,40.19948970000001
71,LiNbO3,144.86933180000003
72,Rb2MgCl4,78.18027059999999
73,BaZrO3,110.9441777
74,Rb2PtS2,75.7339147
75,Na2PdS2,90.5221718
76,K2Pt,98.5676592
77,BBr3,771.1632222999997
78,LiGaS2,140.983023
79,K4I2O,75.45807685
80,K2PAu,48.67489195
81,Ca2BrN,98.3045277
82,RbPbIO6,79.25030535
83,SmSF,203.494263
84,BaSr3O4,86.09405885
85,Bi2PbSe4,48.12641785
86,Al6C3N2,68.09359645
87,PbF2,119.195568
88,NaHS,125.25222820000002
89,BiTeCl,91.98266835
90,Mg(AlC)2,207.9234765
91,RbCaCl3,32.98898625
92,NaScAs2O7,23.32042105
93,PbIF,48.0636865
94,Cd(CN)2,111.8141125
95,TiCoSb,226.1793999
96,AlAgSe2,89.40678105
97,MgI2,167.04498080000005
98,LiY3WO8,89.3115668
99,YbS,197.1170426
100,YbB4O7,83.44453475
101,LiLuO2,120.5018875
102,Ca4Sb2S,48.723749700000006
103,SrCa(CO3)2,92.24633345
104,CuB(CN)4,299.5535019
105,PrClO,110.3742596
106,NdCuO2,111.5067922
107,K2SmF5,59.59848435
108,Al2PbO4,48.55436505
109,Al2Si4O,90.0750817
110,HoAgTe2,36.29957405
111,AcBr3,103.6608379
112,Hg2GeSe4,50.8628854
113,RbBaSiHO4,82.09759495
114,HgSeO4,75.56533045
115,KPF6,108.2873166
116,RbCd(NO2)3,63.75282715
117,NaBeAs,133.5757878
118,TiFeTe,255.1302014
119,Na5SbO5,153.74746869999996
120,BeZnO2,234.101659
121,Tm2O3,221.6407984
122,CdGeAs2,148.3570415
123,Ca2SnN2,97.92096935
124,LiV(PO4)2,60.37440545
125,ScCuO2,133.72606299999998
126,Cd(InTe2)2,72.51067055
127,TaBe2Rh,190.8322018
128,Ca3AsBr3,174.4138634
129,KSmTe2,88.46024135
130,BiAuO2,61.83166705
131,LiNbSe2,224.5625585
132,Li2CdGeO4,135.8633311
133,NaErSe2,107.2055093
134,Hg(AsO3)2,99.67451235
135,TlI,50.43490485
136,Ca2H3Br,104.2492319
137,Ba2Ti3Tl2,28.7515019
138,P2Ru,201.2917956
139,V2MoO8,67.15155899999999
140,Dy3CuSiSe7,38.9852162
141,RbNaS,85.60444749999998
142,CClF3,526.6126414
143,Na3AsO4,196.6999008
144,NaDyS2,117.9874976
145,RbCl,124.706889
146,KCrS2,120.7464431
147,Ga2Os,69.35085809999998
148,Ca(InTe2)2,32.7645074
149,Sm2SeO2,134.394397
150,AsBr3,98.53547645
151,RbSmS2,121.1469099
152,CaAlF5,62.00755495
153,Zn(GaS2)2,104.9378761
154,HoTlSe2,42.6124289
155,AlSCl7,55.96690279999999
156,MgTlF3,102.1971731
157,Na4MnO4,121.1467098
158,GaF3,174.9439283
159,TiMn3O8,208.6306966
160,InAgSe2,39.5633718
161,SrS2,143.3550751
162,LiYbAlF6,92.0532703
163,Nd2TeS2,87.3846038
164,Li5MnO3F,125.5717878
165,Nd3CuSiS7,54.72511555
166,TbTlTe2,42.99351935
167,H(CO)2,242.02778680000003
168,LiCaAlF6,122.3264327
169,SrSe,136.9836243
170,K2H4Pd,114.1422093
171,BaSi4O9,76.56336255
172,Sc2CCl2,175.2641883
173,KNdTe2,88.136713
174,GaCuO2,337.1344163
175,Rb2NiF6,110.79790459999998
176,LiYF4,140.6893095
177,TbNiSb,166.7347924
178,Ca(ZnP)2,150.8339793
179,HfIN,86.38373695
180,RbNdTe2,95.51910235
181,Li2GePbS4,45.50170615
182,HgTe,22.43271075
183,K3Ta3(BO)2,108.0420607
184,TiOF2,71.78921
185,ZnSe,138.28594180000002
186,Sm5AgS8,33.3483325
187,CaGaSiH,147.8071
188,Mg(BeAs)2,171.94242830000005
189,RbCl,111.2749764
190,SiC,746.4816877000003
191,TmCuSe2,69.69546365
192,PbCN2,30.4240044
193,InSe,130.9329004
194,RbH2N,110.2296873
195,Ga2TeS2,50.5477279
196,Ca2YSbO5,98.3178677
197,ScPS4,106.8755111
198,LiCoS2,289.2560224
199,ZnPdF6,167.1712772
200,TaI2O,59.4788579
201,CoSnC4Cl3O4,77.7004975
202,Tl2ZnI4,27.41326645
203,Li2Ge2O5,86.81675335
204,Y2TeO2,68.92741315
205,Al5CuS8,116.7611181
206,CrOF3,66.5631983
207,TmIO,57.8956667
208,LiNd2HO3,184.517546
209,Ba(MgSb)2,83.5258754
210,Li3VO3F2,91.7966087
211,RbYbF3,75.23356465
212,P2Os,240.31102880000003
213,NaDyO2,80.2988627
214,KAuSe2,85.94071555
215,TmBrO,121.0933831
216,K2BaCdSb2,48.75413155
217,KCN,126.9514774
218,Si3As4,308.31034480000005
219,K4Br2O,55.10093670000001
220,SmBi2BrO4,66.34558955
221,Nb3TeI7,132.9798234
222,Bi2Te2Se,72.8211257
223,Cd(HO)2,132.4332169
224,Li2Si2O5,139.8469219
225,Sr7(HBr)2,82.2468362
226,Na5MnO4,91.38543655
227,Ac2O3,177.1334558
228,KSrCO3F,67.0816574
229,Ca(BeP)2,201.6283972
230,WSe2,235.9570196
231,Mo3W(SeS3)2,241.37105860000003
232,RbCaBr3,21.8972098
233,HgNO2,38.5411276
234,LiMnO2,206.7476555
235,SrP,109.64956409999998
236,KYO2,206.5350826
237,LiTaO3,141.1479054
238,HgI2,20.93976465
239,HgBr2,35.2256707
240,ZnCu2SnS4,60.28469395
241,Sr2SnS4,57.05087785
242,Y3CuSnS7,70.4245947
243,Ca(MgSb)2,138.4069689
244,YbSe,134.27703830000002
245,Li7NbO6,185.6763918
246,ErTlSe2,43.74022585
247,NbCu3Te4,94.9350438
248,PdF4,180.9092761
249,BaCl2,132.8145408
250,KPrO2,184.8701222
251,MgSnF6,158.0965421
252,Mg(BeP)2,190.7423235
253,BaLi2Mg(PO4)2,129.001802
254,HgCl2,35.4148986
255,MgBr2,204.4412029
256,Rb2Se,104.2969224
257,TaTlPt,124.0278496
258,Nb2Te6I,14.327960399999998
259,SiAs2,129.4162091
260,YAgSe2,37.5206843
261,Nd3SiAgS7,54.90167045
262,ZnCoF4,48.9682052
263,NaSm3SiS7,52.9441255
264,LiCdBO3,130.695982
265,Na2CdSnS4,70.7346163
266,Al2HgSe4,48.04230915
267,NaSbS2,80.82342485
268,Au2O3,110.7773277
269,TbF3,134.4236116
270,LiTmO2,93.97006155
271,KTlO2,190.474523
272,MoW3Se8,236.0680084
273,ZrSnPd,190.0715216
274,KNa2Sb,92.87924975
275,PbF2,117.46066770000002
276,CuRhO2,561.1734799
277,LiNiBO3,197.7369524
278,HfCl4,54.06928780000001
279,NaInSe2,110.752682
280,PrZr3F5,27.45975635
281,YbS2,98.7832336
282,Na2AgAs,83.29239205
283,CaS,227.7421809
284,KYSn,114.5360061
285,DyTlS2,43.88109625
286,LiZnSb,137.408003
287,NiPbF6,89.47601565
288,Mg2PN3,277.94033410000003
289,ErTlTe2,42.52681945
290,CaC2,123.6053385
291,RbHF2,116.1887654
292,MoSe2,273.7115207
293,NaMgAs,83.50479820000002
294,Mg(AlSe2)2,165.1267888
295,SbI3(BrCl3)2,35.10537725
296,P2Pd3S8,228.0544369
297,Tm2TeO2,104.8033088
298,ScNiSb,194.5849105
299,SnF4,134.22457880000002
300,HgPSe3,32.25061725
301,Ti3TeO8,108.4295877
302,Mn2OF2,98.5719947
303,ErSeI,38.29950685
304,YBi2BrO4,71.28005555
305,Sn(WO4)2,102.7070946
306,ZnCdSe2,160.7766148
307,BaSe,109.5501144
308,CaSiO3,222.03089330000003
309,Zr3GeO8,135.26286430000002
310,ScSbPt,150.3692804
311,ZrCoBi,169.702709
312,Ti(NCl)3,74.3036666
313,ThSnPt,107.8053424
314,CdBr2,108.7656223
315,K4Au6S5,74.49272775
316,MgGeN2,274.9132546
317,KNdS2,99.2564701
318,RbHoSe2,111.3523484
319,BeTe,453.44837760000013
320,Tb3CuSiS7,50.45978395
321,HgPS3,42.85898545
322,NaAlSe2,68.37363640000001
323,LuTlSe2,43.3385251
324,Tm2SO2,205.2265287
325,TiZnSiO5,87.16366005
326,CdSbS2Br,34.2277053
327,LiAgC2,169.3145817
328,Ba2SbAu,45.7045742
329,Yb(HoS2)2,72.00121595
330,Ca(HoSe2)2,91.2574059
331,CdTeMoO6,49.73575545
332,P4PtF2,198.31260680000003
333,Li7SbO6,187.4124261
334,CuBS2,195.6214285
335,SiP,226.22488930000003
336,Ba2AsAu,61.4288991
337,GaB3N4,345.0898921
338,Ag2GeS3,53.5739736
339,RbSb,34.83811035
340,Na2GeO3,169.6748284
341,Al2HgTe4,40.4238018
342,Na3VH6O7,124.5501773
343,K2AgP,80.79567765
344,Ba2NCl,92.12193795
345,Y3CuGeS7,57.64924355
346,DyCl3,116.63969070000002
347,Sr2C(NCl)2,132.7661166
348,Li2CrPO4F,76.5888753
349,RbHF2,115.6368562
350,NaCaTaTiO6,78.0882913
351,LiGaO2,204.58684230000003
352,LiScMo3O8,214.2953942
353,BaZnF4,54.3854458
354,KSmS2,100.5513506
355,InSe,164.2633907
356,BP,780.2599017000001
357,Ba2AsBr,79.83599805
358,SnBrCl,52.72718375
359,Zn2Bi2O5,29.73556035
360,CdSiO3,151.984521
361,NaInS2,123.6085734
362,BeBr2,418.7844543
363,TbCl3,119.6667035
364,DyClO,99.05226805
365,SmCuSeO,88.0271249
366,AgNO2,72.47985515
367,Bi2TeSe2,64.07125295
368,K2AgAs,76.05811005
369,Sr(AsO3)2,129.9675847
370,AlP,419.0510542
371,NaHoO2,82.577935
372,LiTlPHO3,75.5219421
373,LiMgBi,194.2871284
374,H2C,722.3105081
375,BaZnO2,72.78817590000001
376,Yb4Br6O,50.12535015
377,KCrP2S7,8.526994699999998
378,Sr2InI5,12.268131
379,DyNiSb,168.2724275
380,Sb2TeSe2,44.96610515
381,TlP5,20.0544222
382,NdHO2,171.82503630000005
383,LiSiBi3O7,71.294296
384,MgGeAs2,96.36172345
385,TmTlSe2,42.5433944
386,WBr4O,88.51406825
387,Li2Se,282.87643419999995
388,Cu2SiS3,152.35083740000005
389,LiAlSiO4,171.87939680000005
390,TeW2Se3,190.7336859
391,Rb3TaO8,42.68389795
392,TlSbS2,39.7481308
393,Zn(IO3)2,99.8874521
394,Al2ZnTe4,97.7095637
395,Tl2CdTe4,32.84004515
396,Dy2SeO2,60.9970166
397,TiSnO4,97.4889201
398,As2Os,137.3399023
399,LiYMo3O8,152.91265149999995
400,TbBi2BrO4,70.20518505
401,ZnCu2GeS4,100.0585376
402,RbAcTe2,63.92681410000001
403,KBe2BO3F2,115.51096
404,Mn(Sb2O)2,161.5374951
405,BaCaI4,44.2152966
406,Mg(SbO3)2,94.8184522
407,PbF4,100.3913039
408,Zn(InTe2)2,75.575102
409,KMgH3,605.4760868
410,TiZnN2,147.31512080000005
411,TiSiPd,251.3134273
412,BiSBr,39.8611206
413,SrAlSiH,147.1323961
414,Ba2ZrS4,58.04200649999999
415,ZnAgF3,28.0302748
416,BiSI,39.17514445
417,AlGa3N4,406.5655145
418,Rb2O2,185.6793933
419,FeP4,168.13159050000004
420,AlBN2,431.9625734
421,TlAgI2,32.38535125
422,AgBi(PSe3)2,34.27382835
423,CoCuO2,592.1122749
424,ThO2,270.9063855
425,LuTlO2,29.704178
426,In2HgSe4,41.72548565
427,KNa2BN2,90.604613
428,Mg(AlS2)2,79.29052545
429,SnSe2,135.0278802
430,V2ZnO6,111.9800287
431,NdOF,212.4596101
432,ZnI2,76.63709940000003
433,TbSF,200.7058361
434,KAlF4,80.0950275
435,Zn4P6SN2,130.7859937
436,KPrS2,100.0864182
437,Zn(HO)2,235.3305398
438,Mg4H2O5,352.4269254
439,AlBr3,79.10823435
440,Pr3SiAgS7,55.52097995
441,SiGeN2O,183.6640528
442,HgI,36.5095123
443,DyTlSe2,43.86475475
444,Na2MgSiO4,187.7528629
445,AgAsO2,70.96316385
446,ZnSbAsO5,55.93942239999999
447,KPH2SO3,94.48055
448,Te2I,32.8278057
449,Na2Se,161.2006601
450,MgPSe3,105.8068103
451,HgSO4,85.65063725
452,CaThBr6,52.16693710000001
453,NaAuC2,72.55409225
454,SbSeI,44.21639715
455,RbBF4,46.8256678
456,NdTeF,118.60040390000002
457,LiV3O8,90.08225195
458,CdSiAs2,74.63016309999998
459,TaCu3Se4,268.9295309
460,Na6ZnSe4,112.9690563
461,Rb2Pd,68.0484739
462,Li3SbS4,138.5940291
463,TlBrO3,58.68502785
464,Ba2H3I,68.28649285
465,AsCl3,53.46595295
466,ZrSeO,151.9793184
467,Bi2Pb2Se5,65.153227
468,IrI3,58.77834115
469,Te2Mo3WSe6,190.4020868
470,ZrZnN2,93.5563548
471,LiH,571.1366922999998
472,NaPrSe2,105.6580026
473,NaZnP,176.54749630000003
474,KNO3,127.088079
475,Ca2SiB2O7,206.66077880000003
476,BH3OF4,92.2948577
477,LiGaSe2,90.9503858
478,RbLiCrO4,97.05073445
479,Hf(B2H3)2,216.8933258
480,RbSrCl3,27.23964635
481,CO2,133.360647
482,MgMoN2,254.8574317
483,Ta(TeBr3)2,25.34063065
484,ZrSiPd,216.8080499
485,Ho3CuSiS7,48.1730745
486,SbSBr,47.2001216
487,RbYS2,130.1806578
488,Zn(InSe2)2,60.49770039999999
489,DyBi2BrO4,70.9550598
490,BaNaH3Pd,89.229926
491,V2ZnO6,65.40745405
492,Pr3SiAgSe7,44.85458275
493,KHCO3,132.2826083
494,PICl6,63.88769455
495,TmNiSb,156.0551886
496,KH8N3,92.9902719
497,Pt(SCl3)2,64.8809576
498,TaSbRu,155.4331444
499,PrOF,242.8543332
500,LuAgO2,200.321344
501,CaMgNiH4,60.99698325
502,NaHS,115.359551
503,Sr(GaTe2)2,38.277796
504,Na4CrO3,67.1152075
505,LiTeHO4,198.9802404
506,PrTeCl,95.7748635
507,Mg2H2O3,343.73708270000014
508,SCl,32.6886695
509,Rb2SnO3,29.4934727
510,K6Fe2O5,54.23993975
511,K2PdF6,109.70149
512,Rb2Zr2O5,94.92187055
513,SnB4O7,54.39101525
514,Ba2ZnF6,71.2698838
515,BH4O2F3,68.51173875
516,CaAlSiH,165.0438474
517,ErTlO2,28.65385310000001
518,Cd(GaTe2)2,88.05860729999998
519,CBrN,103.9389435
520,BeGeN2,270.3490403
521,RbLuS2,123.9919317
522,SrAl2B2O7,145.4243425
523,ZrC,515.2656374
524,LiInTe2,57.0333691
525,CN2,608.1973801
526,ScBrO,56.47885865
527,CdPbF6,81.88335455
528,SeCl,61.42052825
529,SrCl2,143.1337311
530,SbAsO3,48.15956775
531,HfS2,146.3178224
532,Li2BF5,203.4000826
533,InS,73.17340175
534,CaZnSe2,166.4678257
535,ErSF,194.1950824
536,Li4TiS4,191.8456416
537,PAuS4,207.8916272
538,Bi3BrO4,64.81235665
539,SrO,212.8578758
540,KC2IN2,113.1946024
541,SmBrO,83.49195845
542,LiBr,288.0838366000001
543,Ga2PdI8,30.74159645
544,ZrCl4,52.5596667
545,RbCdF3,68.443538
546,As(S8I)3,88.9369796
547,KGeNO,76.44673759999998
548,BaLiAs,85.76376045
549,KMnPH2O5,71.80198305
550,MgGeO3,122.7744899
551,ZrPdF6,123.9421735
552,Te2Mo,227.9840684
553,Ba(CuS)2,107.5210003
554,Pd(Se4Cl)2,26.3892547
555,Rb2S,150.6612263
556,Ge3Sb2O9,108.0621041
557,Li3As,185.3093417
558,NaCrSe2,130.5683182
559,RbF,165.1933888
560,Ca(BeAs)2,175.0856324
561,K2NiO2,144.08744109999995
562,Rb4SnO3,38.61059565
563,Tl2S5,40.9507318
564,RbTeAu,55.43283589999999
565,NClOF4,91.7900054
566,CuH,877.9502558
567,TiSnPt,176.2767944
568,Sr2IN,67.280957
569,Te2O5,57.18868005
570,K2PtS2,97.66971045
571,NaHO,66.21839265
572,RbBr,94.76519225
573,NbCu3Se4,304.3516998
574,TePbO3,48.28583085
575,Sr2ZnN2,131.40820459999998
576,P2Pd,117.3554151
577,Pb2O3,96.2565709
578,KH2N,128.1565463
579,Ba2ClF3,114.889316
580,MnTlF3,62.9228457
581,CaClF,144.90404919999997
582,AsF3,115.4788773
583,Ca(NdS2)2,88.46617765
584,Ta(TeCl3)2,36.3379599
585,NaLi2Sb,136.9742529
586,GeSe2,50.31731275
587,KLiTe,106.2346908
588,Tb3CuSnS7,62.20305265
589,TbH3(CO2)3,141.9908933
590,AcGaTe2,43.14532855
591,BaBe2Si2O7,99.4324914
592,Ga2Te5,67.73271609999999
593,ZnS,264.43908680000004
594,TlZnF3,81.44386825
595,K2ErF5,115.7718904
596,Rb2PdC2,41.2271366
597,Zn(SnO2)4,78.53574825
598,NaSrAs,98.84363045
599,SmAgO2,78.41322035
600,LiSbTe2WO2,76.4997641
601,MoW2(SeS2)2,241.0200498
602,AgHgAsS3,31.7561368
603,NdOF,244.603574
604,AlH3,321.01662810000005
605,NbOF3,54.2585157
606,MnTeMoO6,64.5376527
607,Sn3As4,168.9983236
608,ZrNCl,84.29239179999998
609,NbBr2O,78.90273165
610,SrO,123.0092072
611,K2MnF6,88.77366465
612,V2Te2O7F2,21.7233896
613,Rb2PdCl4,71.2050514
614,HoBi2ClO4,95.95485345
615,HgCN2,49.49723625
616,LiHSeO3,54.3619674
617,K2PdCl4,95.17993285
618,BaTm2F8,83.15539025
619,ErAgTe2,35.6659574
620,Na3VS3O,76.26521355
621,Rb2CaH4,115.9909332
622,TbBi2ClO4,86.2414992
623,Rb2S5,35.58928575
624,TlHgF3,30.44925035
625,K2Sr(P2O)2,73.73755035
626,BiClO,87.80471375
627,BeS,556.6920069
628,K4CO4,78.33951685
629,Ba3Bi2F2,78.80985190000001
630,SnF2,50.5514631
631,ThSeO,124.79046409999998
632,Cu2SO4,82.63566385
633,Tb2TeO2,68.21765845
634,Sr2H6Ru,149.3905246
635,ScGeAu,160.0957412
636,Rb2SeCl6,71.5777043
637,PBr3,110.6884166
638,YZr5O,76.947788
639,Rb2GeF6,104.1407444
640,Na4SnSe4,64.90817120000001
641,Cu2WS4,431.8072624
642,BeGeP2,197.5051032
643,Na3MoNO3,179.5228166
644,NdH3(CO2)3,127.7589809
645,TlS,12.97405045
646,Rb2LiVO4,61.36750175
647,Li4MoO5,211.5811711
648,NaLi2AsO4,159.6210373
649,TlBr,62.9932809
650,Na2SiO3,165.36284009999997
651,Y3CuSiS7,60.708339
652,SbTe2F6,34.01516575
653,HS7N,203.4517417
654,Cd(HO)2,160.0940404
655,HoIO,61.1089392
656,PrBr3,118.215745
657,MgCN2,191.5460252
658,NbFeSb,199.7653661
659,CaC2,233.4179173
660,UF5,96.99377265
661,Ag3AsS3,17.51792125
662,SiF4,351.7017964
663,K7NbAs4,52.20552305
664,KCaBi,56.64917710000001
665,KSnSb,87.99300785
666,RbSmTe2,96.6308246
667,Sr(CdP)2,145.19442759999995
668,CaSe,207.3472218
669,Yb(NdS2)2,69.29246225
670,CaGeO3,108.9789956
671,PbIBr,30.229774
672,NaNbS2,146.4422845
673,LiBF4,123.0852119
674,PCl3,180.14372690000005
675,CaPdF6,172.82613659999996
676,AlAgO2,96.36785985
677,TiSnPd,184.0958353
678,K2MgH4,187.6339368
679,Li5V(SiO4)2,99.17179445
680,Pr2TeO2,72.09239485
681,YBi2ClO4,94.5153007
682,Ca(MgBi)2,129.1108232
683,Sr2H3I,74.99911415
684,MgSiP2,311.7449946000001
685,Al3GaN4,244.42205
686,NaBF4,105.9063934
687,LiAlO2,270.4261122
688,Na2BeF4,138.3747195
689,SnPSe3,35.7708098
690,Ga2HgSe4,46.1706738
691,RbAuS,38.0097287
692,NaHF2,120.3736568
693,Cd(AgI2)2,48.5161126
694,KMgSb,99.69879115
695,BiI,38.93202295
696,Mg2PbO4,69.67945565
697,H4CN5Cl,74.68572420000002
698,Te2Mo(WSe2)2,190.1524621
699,Ta3SBr7,69.8361673
700,YTlTe2,45.928286
701,HoBi2IO4,59.7153094
702,BaMnF4,55.254947
703,Dy2Be2GeO7,87.89902755
704,Na4WO4,155.6627925
705,CaGaGeH,138.4166404
706,MgSiO3,196.755662
707,HoSI,36.38548365
708,Be2C,620.2511039
709,SnC,540.7574103
710,CdBiS2Br,34.85558575
711,SrSnO3,71.42856309999998
712,NaSmS2,119.48464579999998
713,GaCl3,88.01842055
714,Sm3CuGeS7,49.2630859
715,KV3(SeO)2,46.5243839
716,In2HgTe4,36.26415635
717,NaTmS2,122.1373715
718,NaAlO2,184.0555485
719,InPS4,83.30749959999999
720,LiSbO3,156.346901
721,KTeHOF4,52.941791
722,PrGeBO5,89.5035294
723,NaTlO2,226.4714458
724,Na2PtS2,85.43779755
725,Bi(BO2)3,132.0969155
726,Tl4GeS4,16.933129
727,LuIO,55.65954920000001
728,SiS2,178.6527151
729,ScTlO2,39.0243691
730,Re3Se4Cl,197.8971658
731,Y2Be2SiO7,113.51452890000002
732,Ba(AgS)2,64.88402579999999
733,HfSe2,95.36822695
734,Nd4S3NCl3,68.77640435
735,Na3BiO4,70.67745440000002
736,NdIO,70.84870665
737,RbLiS,129.3956655
738,MgSnAs2,80.0359313
739,Li4V2OF7,157.31691919999997
740,Li3CrPCO7,74.79587925
741,NaYSe2,122.7452753
742,PbI2,61.45738000000001
743,TbH2Br,116.1662208
744,KCuC2,100.1298733
745,Na7NbO6,75.3895426
746,Li2GeO3,256.2097409
747,K6MgO4,127.1791245
748,ZnCl2,78.8404672
749,KAgSe,62.39421485
750,GaCuS2,245.20804280000004
751,NdBi2ClO4,79.96139405
752,Li3Bi,157.6205376
753,H4NCl,195.71964430000003
754,Na2PdC2,89.7126339
755,PSe,126.25753059999998
756,NaSi2N3,206.2846241
757,Ge3N4,143.92609380000005
758,Rb2TeBr6,53.09903625
759,Zn3(PS4)2,74.87671965
760,K2O2,116.8839795
761,NaHoSe2,107.4852158
762,FePH5CO4,151.64298359999995
763,Li5P(S2Cl)2,84.510901
764,AlICl6,55.01656120000001
765,HfBrN,98.41514965
766,Nd2Be2SiO7,188.0127594
767,IrCl3,117.4505293
768,Er2TeO2,104.7478144
769,YCl3,65.2517429
770,GeS2,100.9144987
771,Hg(BiS2)2,15.7281935
772,SrMgH4,83.3149033
773,Mg2ZnAs2,28.1345269
774,Bi4O3F7,27.43027495
775,LiErSe2,118.0829787
776,KNa(BH4)2,142.26536380000005
777,SbSI,39.4012908
778,NbTlBr4O,44.0799623
779,SrClF,133.9730864
780,Cu2O,616.3182385
781,HoTlTe2,43.37464315
782,NaAlTe2,53.32021345
783,Tl3AsS3,43.96340405
784,Li2CrP2O7,79.40298165
785,VSbRu,184.1243495
786,KCl,150.99719419999997
787,P3N5,252.1227984
788,CeTh2O6,113.968189
789,TiFeSe,236.4122137
790,ScAuO2,107.5259695
791,MoO3,185.0495452
792,NaNO2,153.9399649
793,KHO,163.6632574
794,SmBi2IO4,56.40215365
795,NaBe4SbO7,132.7927966
796,NaInO2,148.61123519999995
797,ZrBrN,110.1371077
798,In5AgSe8,42.95663425
799,RbLiSe,95.43405985
800,Pr2SeO2,131.7045861
801,SmOF,248.3482454
802,Ba2BiBr,54.97270595
803,IO2F,68.96863375
804,TmAgTe2,50.37420785
805,Li7SbO6,154.3019458
806,MoCl4O,129.4474581
807,Li3N,355.6590407
808,K2AgAs,76.04730465
809,FeBr2,119.759083
810,Tb2SO2,203.11497340000003
811,Pr3CuSnS7,47.4513138
812,LiZnPO4,91.5278077
813,ThTe3,31.4073625
814,LiYF4,152.4641273
815,NaHo2F7,83.59250870000002
816,CaTi2,34.2827328
817,K4BeAs2,73.71690670000002
818,Li8MnO5F,102.2283887
819,Pd(SeBr3)2,41.337325
820,SiSn,332.4873273
821,KTe,85.08808945
822,Ag2HgI4,97.83786115
823,ZrFeCl6,92.66967835
824,TiMn2O6,90.0604077
825,Na2NiO2,150.8038976
826,TiF2,308.9760442
827,SrThBr6,67.57226925
828,DyBi2ClO4,94.07718175
829,Li3PO4,341.8257275
830,Pr2Be2GeO7,97.4495004
831,Sm3BWO9,96.42195355
832,KBi2F7,35.50080820000001
833,H8(NO2)3,89.9662273
834,LiDySe2,116.6930841
835,BeSnAs2,114.3129279
836,BaB2F8,66.50206775
837,KAgC2,63.76570025
838,TcS2,242.994103
839,Be4TeO7,311.2552499
840,K2PdBr4,80.0650125
841,Li4WO5,177.25531669999995
842,AcInTe2,53.89483395
843,Na6MnS4,101.2455641
844,TlCl,84.05413940000003
845,SmBr3,76.0315968
846,Ga2Te3,37.42793795
847,Na3Sb,77.8312295
848,MgGeP2,131.0045029
849,Li3AsO4,330.1277481
850,PbO,57.4208961
851,LiV(PO3)3,137.0307145
852,K3AsSe3,45.03033725
853,ReTeS,122.13657109999998
854,Na3Sr3GaP4,74.59818045
855,LiSmS2,105.9442123
856,CdSnP2,68.23786855
857,Bi2SO2,47.93478875
858,BI3,666.4566618
859,Ca7(HCl)2,106.41144579999998
860,Hg3(TeCl)2,23.36891195
861,K2NaAlF6,135.3498745
862,SrH2,223.617653
863,K2SiF6,140.99039330000005
864,TmTaO4,102.3884353
865,Sr2HN,249.7068911
866,Li2MgBr4,169.3509332
867,SrCeN2,98.18530145
868,Mo2Se3S,276.5156888
869,P4S5,115.3952355
870,MnTlCl3,29.833576
871,K2Te2Pt,72.37280165
872,BrCl,59.58140915
873,Al4C3,171.80455940000004
874,Bi2Te2S,79.90703355
875,AlBiO3,84.36462790000002
876,RbGeIO6,76.29572879999998
877,InPbCl3,34.8065946
878,AlSbO4,227.5167682
879,CoHgC4(SeN)4,50.30490655
880,KBiO2,117.3815614
881,RbAlF4,85.52657525
882,Li(CN)2,175.0893009
883,BaSnF6,99.76128905
884,K2NiF6,135.9501078
885,SmTlSe2,44.7172141
886,SrS,185.6152613
887,SeBr,54.41396005
888,KCaBr3,11.3177227
889,TiMnO3,159.74023019999996
890,Ca(SbO3)2,112.8534652
891,Hg3(TeBr)2,40.005993
892,TlNO2,32.3342257
893,Li2V(CO3)2,108.837625
894,AcCl3,137.2306477
895,BaH4O3,103.430356
896,CaAlH5,95.00511215
897,RbLuSe2,112.8660715
898,Mo2SeS3,281.06773030000005
899,Lu3AlO6,98.2248212
900,NiP2,114.8416922
901,RbNdO2,138.9579776
902,BaBAsO5,64.9760718
903,Sm2CdS4,24.98365225
904,Cd2BiAsO6,56.4163274
905,ThSbRh,117.3819617
906,K2Se,127.783093
907,Ca2AlBiO5,72.9112374
908,TiBrN,89.17012945
909,HgB4O7,90.51967055
910,Al2CdTe4,51.1371558
911,Li2ZnGeO4,170.64511330000005
912,TlBSe3,28.67276255
913,BaP3,115.7063576
914,SrCuSeF,96.5110981
915,KI,84.88605515
916,NdTlTe2,44.05471635
917,Rb3BiSe3,64.07405435
918,MgSiN2,431.7142159
919,TiCdF6,114.1945688
920,Ce2Dy2O7,128.55714650000002
921,KAcTe2,71.64883985
922,Ba2BiAu,39.5002736
923,Ag2HgI4,38.94162775
924,Na2ZnSiO4,192.1548961
925,LiErO2,151.3845878
926,BNCl2,594.3205451
927,HBr,83.11196855
928,KUO3,119.314861
929,Ca4P2O,101.9233029
930,IOF3,43.209594
931,LuSBr,50.88199495
932,CaBr2,50.0069243
933,ZrIN,100.3972736
934,NdBrO,89.29589229999998
935,ZrS2,150.6254418
936,Th(TeI)2,59.03323520000001
937,KPrTe2,88.0270582
938,PbBrF,59.46381705
939,ScCl3,135.3305648
940,MgAgF3,72.82952990000003
941,KTmO2,206.8007821
942,ErBi2IO4,60.23340165
943,PrCuSO,102.0222523
944,BiTeI,60.2951325
945,Sr4P2O,54.67869235
946,Fe(HO)2,458.0075227
947,GeS,100.971027
948,SiS,63.61162325
949,SrAlGeH,118.4879811
950,BaS,149.9535727
951,TiZnF6,144.8262436
952,KBrO3,101.0943553
953,KInO2,214.4456693
954,Er2SeO2,135.4834746
955,BeSiN2,504.928905
956,Ca2Ge,159.9341605
957,AgBrO4,59.66838595
958,InBi2S4Cl,56.817728
959,KF,165.16193969999995
960,Rb4I2O,48.2011552
961,CdCl2,49.07502525
962,HoTlS2,44.4231338
963,TeO2,84.97930175
964,Rb2Hf2O5,108.3851322
965,BaNaP,128.2549621
966,BaBrCl,23.9694454
967,GeI2,78.4317963
968,SmTlS2,46.1215159
969,BaAl2O4,69.4096875
970,FeCl2,242.7489805
971,Sm3SiAgS7,53.3627347
972,YCuO2,122.9105246
973,Lu2CCl2,137.7117215
974,SbTeI,49.33945739999999
975,Nd3CuSnS7,45.8737921
976,BeCl2,479.6158881
977,GaP,346.3162383
978,YbO,260.9591144
979,Na4SnS4,92.30042715
980,BaSe3,57.96193315
981,RbHoO2,148.0033981
982,Rb3NbO8,42.56076975
983,CaF2,202.9915451
984,SbAsO5,125.9032202
985,MoW3(SeS)4,240.8728096
986,SbO2F,149.9928256
987,CF4,588.6199629
988,KCl,126.8303835
989,MnH4(ClO)2,103.175562
990,K2Te,110.472442
991,KTlO,92.85870615
992,B2AsP,735.7195426
993,BH3,371.9361752
994,Tl2O,140.8697664
995,ErSbPd,138.23888490000002
996,CdF2,219.6359631
997,Ca4Cl6O,90.9617915
998,ZnCl2,84.95348885
999,Zn3CdS4,253.1725564
1000,Li2GeF6,138.21997549999998
1001,ZnSeO4,107.4011071
1002,CaH2,226.0669103
1003,ZnCdS2,240.1166317
1004,Ni(PS3)2,95.1674933
1005,CuCl,60.10427045
1006,Te(HO2)2,126.3887628
1007,InI3,45.8165635
1008,AcClO,111.4874826
1009,SrCaO2,145.7503054
1010,HoTlO2,29.21843525
1011,KTeOF3,55.39545055
1012,KZnSb,86.0383977
1013,UTl2O4,44.40162305
1014,RbDyS2,122.9944332
1015,SmSnAu,122.6390556
1016,BaS2,85.32714225
1017,Li2H2SeO5,213.6949941
1018,FeSeCl7,69.33975255
1019,NaYS2,185.7095084
1020,Ca2IN,85.9752328
1021,ZnB2(CN)8,112.53237140000002
1022,SnC2(SN)2,61.2516772
1023,Sm2AlNO3,99.35715375
1024,PrSF,201.0049856
1025,Ba3BPO7,35.79972425
1026,BaLiH3,275.9701495
1027,CIN,142.942769
1028,RbNO2,85.06351049999998
1029,ZnGeP2,193.3455578
1030,Sr(NdS2)2,85.5378809
1031,Zn(InS2)2,128.3057875
1032,BiSeI,37.0944046
1033,ZnC2S2(OF)6,149.6032309
1034,Cu2HgI4,112.2792116
1035,SrHgO2,88.33407829999999
1036,Sr(ZnP)2,166.284334
1037,Al(IO3)3,130.60970559999998
1038,B2O3,292.2567887
1039,Ge2S3I2,170.89100280000005
1040,Sm2SO2,200.6915957
1041,RbSrCO3F,91.89775925
1042,B2S2O9,184.3055067
1043,LiAlSe2,109.738742
1044,RbN3,116.8309863
1045,Ba3Si6N4O9,88.0582071
1046,RbAuO2,68.9241115
1047,BiIO,49.4002878
1048,Ta2ZnO6,91.10042745
1049,LiAlO2,243.993269
1050,LuNiSb,154.8952423
1051,KHoO2,203.3319485
1052,PaTlO3,56.7557637
1053,Yb4As2O,60.3649007
1054,NaGe2N3,184.5487283
1055,TaCl4,88.31263425
1056,Ca2YSnO5,72.6899935
1057,Tl4SiS4,19.3066485
1058,ScCoTe,190.8316348
1059,Rb2PtCl6,71.3164404
1060,SrC2,152.9038137
1061,DyAgTe2,36.93142315
1062,Te4Mo2WSe2,191.0887967
1063,Na3VO4,166.2796983
1064,Sr(MgAs)2,112.8521979
1065,Pd(SeCl3)2,41.17374325
1066,Ca2Sn,146.4190063
1067,RbTa(GeO3)3,52.8310023
1068,Al2Si2H4O9,193.0174272
1069,K3ClO,18.8773673
1070,NdClO,109.0390923
1071,RbBiS2,53.6070568
1072,Rb2ThF6,121.936838
1073,BaAuO2,42.29170195
1074,RbTmO2,149.87910209999995
1075,BaCrF5,80.6546405
1076,SCl2O,261.694115
1077,SrH2O3,154.4505534
1078,Rb2H6Pt,89.66661090000002
1079,KLiSe,121.3559143
1080,K2CuP,95.0536364
1081,SrGaSiH,122.7130259
1082,LiScS2,225.4923565
1083,Na6MnTe4,94.79107185
1084,PI2,78.60318195
1085,BaHgO2,74.71363815
1086,Ca2MgSi2O7,70.33745115
1087,Yb4Sb2O,63.08455985
1088,Ca3AsCl3,132.6792398
1089,NaScO2,276.7851901
1090,Li4FeSi2O7,124.9114912
1091,CrBiO3,94.4333264
1092,K2S5,44.37994555
1093,K3BiTe3,92.5513859
1094,FeCl2,149.56761310000005
1095,ErNiSb,156.5123838
1096,LiCaAs,211.8595102
1097,DyTlO2,29.37464665
1098,H5CNO2,164.693539
1099,HgF2,191.5734055
1100,SrHCl,141.93453180000003
1101,AlN,189.7971178
1102,Sm2PbSe4,52.26748735
1103,Li4CO4,213.0269936
1104,W2Se3S,238.3850663
1105,Sr(MgSb)2,102.0713435
1106,NdZnPO,84.69932850000002
1107,BaCO3,152.0975775
1108,LuTlTe2,41.65218235
1109,TiMnO4,154.1645104
1110,ErBi2BrO4,72.47288499999998
1111,PHF2,87.60768195
1112,Na2NiO2,139.07617
1113,Tl3PO4,33.25331835
1114,DySI,35.22343625
1115,LiGaO2,197.8256968
1116,NbCu3S4,415.6124024
1117,Ba(BS2)2,62.40108495
1118,ZnSiP2,177.4155635
1119,Ag2HgSI2,23.9322268
1120,NaP,51.54319205
1121,ZnSbF5,47.46842235
1122,CaBiAsO6,68.5774716
1123,InGeCl3,30.93275865
1124,BeSiAs2,154.0227396
1125,KCaCl3,12.6045658
1126,S5N6,123.3110247
1127,Cd(GaSe2)2,61.1633664
1128,Li4MnSb2WO2,91.5795002
1129,PdI2,35.85315095
1130,ErClO,36.72245205
1131,SmClO,107.4459962
1132,Yb(SmS2)2,71.5087365
1133,BaNa2O2,52.2210975
1134,IrBr3,76.82969565
1135,Ba2CuClO2,107.0979889
1136,Cu3TeS3Cl,49.33755645
1137,Nd2SeO2,132.672203
1138,Li3Mn3OF7,120.3691545
1139,Zn(SbO3)2,45.35123095
1140,BAs,670.2074363
1141,Na4CO4,140.07863769999997
1142,Na2CeO3,180.330687
1143,SiPbO3,126.1167269
1144,Ca(PrTe2)2,64.92701395
1145,AgH,647.8843803
1146,Tl3VS4,81.80471525
1147,CrF3,196.5421553
1148,Ca2AsI,64.5916797
1149,Zn(InSe2)2,95.5942399
1150,K6HgS4,59.1661683
1151,HgC2(SN)2,27.65705495
1152,KAlSiO4,114.645194
1153,RbBr,83.2320619
1154,HfSO,129.9112899
1155,CdI2,81.03739845
1156,Si4P4Ru,192.6140256
1157,BCl2,89.86674425
1158,DySBr,42.347029600000006
1159,Dy3CuSnS7,74.0884257
1160,NaHoS2,120.5134933
1161,Nd3BWO9,83.28725615
1162,SrCuSF,66.44263805
1163,P2S7,118.4644693
1164,MgMnF4,124.3323351
1165,Hg3AsS4Cl,28.42830705
1166,Rb2MgF4,138.3542759
1167,Tm2SeO2,55.8455088
1168,LiCoO2,238.15895330000004
1169,CdCl2,149.5230909
1170,KrF2,213.1534568
1171,RbAgSe4,24.66299200000001
1172,Li2NiPO4F,59.6827598
1173,Ga(IO3)3,122.3615169
1174,Li2MnSi3O8,99.71826755
1175,Mo3(Se2S)2,278.1645128
1176,PrBi2BrO4,61.37073670000001
1177,Li2MnBr4,101.8004748
1178,Nb(PS4)2,77.6895587
1179,CaPtF6,173.99168569999995
1180,Ag3P,52.6719895
1181,Li2CrO4,61.2957659
1182,Bi2Te4Pb,45.6083261
1183,Ba2PCl,98.86564145
1184,Ca3PN,103.6037093
1185,PdBr2,232.9394782
1186,KCaSiHO4,95.51029795
1187,K2LiBO3,74.34452035
1188,InCl,57.98274355
1189,Li4CoO3F,109.9276697
1190,Th3Bi4,86.88892275
1191,LiN3,207.5526245
1192,CdSe,160.93606119999995
1193,TbBi5O9,47.50984305
1194,Pr2SO2,195.4947986
1195,ZnNiF6,170.1134476
1196,IBr,56.74569200000001
1197,SrHfO3,34.60639455
1198,S3(NCl)2,81.08102025
1199,S(IO3)2,69.83346595
1200,RbPbBr3,31.71274845
1201,ZrNiSn,220.0687794
1202,KTbS2,101.2408952
1203,LiTa2CuO6,80.18363845
1204,Rb2PbO3,68.4193259
1205,Li3BrO,166.8236368
1206,Tl2SnF6,48.43717315
1207,Ag6Mo2ClO7F3,101.5775301
1208,RuO2,530.0120736
1209,LiNi(CO3)2,159.1230885
1210,AgAuCl4,45.7760099
1211,PtO2,519.8504954
1212,Sr2SbAu,49.91164335
1213,NaSmO2,121.718162
1214,Li2BeSiO4,205.3782378
1215,InBr,47.81359485
1216,Mg5(HO3)2,303.9415282
1217,MgCl2O,84.3664955
1218,CaHfN2,129.4509932
1219,Y(HO)3,148.25138869999995
1220,NaLi3(H2N)4,172.61673190000005
1221,FeN3ClO3,102.1467145
1222,K2PtF6,112.9445107
1223,AlB3N4,462.9100727
1224,K2ZnF4,116.40824170000002
1225,Ca4Al6O3,96.797708
1226,PrBi2IO4,53.24290815
1227,NbBiO4,91.7041625
1228,RbTmS2,124.3990018
1229,PtI2,46.8514807
1230,K2PdF4,128.4025025
1231,SrF2,219.3426832
1232,LiCoO2,210.3140378
1233,LiVPO4,75.49035965
1234,Na2ThF6,48.64644439999999
1235,Ca(NdTe2)2,67.32407855
1236,MoWSe4,236.6428957
1237,NaMgF3,129.23471840000002
1238,YOF,263.6154752
1239,Lu2(CN2)3,58.0799588
1240,BaHI,71.84853965
1241,LiMgH3,244.2791119
1242,HfFeCl6,89.28271905
1243,H6CNF,124.8399888
1244,Ti(CuS)4,191.7480928
1245,CaHClO,150.9508044
1246,LiCl,194.7933814
1247,Ba2H6Ru,131.6517597
1248,LiSbO2,136.09848190000002
1249,SO3,262.9402044
1250,YbI2,95.84593235
1251,Sr(BiO2)2,64.04710755
1252,KAg2PS4,27.86035655
1253,AlCuO2,151.4305775
1254,NaGaO2,190.9769408
1255,NaTmO2,86.32477415
1256,Ho3CuSnS7,68.96403145
1257,PrIO,72.15292509999998
1258,ZnSiN2,242.6359907
1259,BaAl2(SiO4)2,90.63486145
1260,Tl2Sn(AsS3)2,42.66202035
1261,NaCdF3,125.4599653
1262,Mg2Sb2O5,63.71267375
1263,K2O,214.2607435
1264,HfTeSe4,83.8866557
1265,LiMn(PO3)3,113.61611299999998
1266,BiI3,50.2602509
1267,NaMgSb,86.42135575
1268,CaHBr,134.4755042
1269,VCu3Se4,126.9548457
1270,BaBeF4,30.49153815
1271,MgBi2O5,69.7098375
1272,KrF2,204.8316647
1273,NaLuO2,86.5450509
1274,AlN,439.77861280000013
1275,MnZnF6,161.5522691
1276,K4CO4,102.6235195
1277,KPrGeSe4,53.77977645
1278,LiHF2,270.0819735
1279,ErSCl,64.01855995
1280,AlAgS2,112.6577341
1281,BaSr2Mg(SiO4)2,74.53108025
1282,ErTlS2,44.1341894
1283,GaS,279.0385496
1284,HgN3,39.1476974
1285,MgO,385.9174957
1286,Al3BN4,432.3784145
1287,SnS2,68.1637982
1288,SBr,56.38547865
1289,Ba3NbGa3(SiO2)2,81.73581415
1290,VCu3Te4,87.0071485
1291,PtS2,296.83110810000005
1292,CaZnSO,196.5810414
1293,LiMn(CO3)2,104.153951
1294,InClO,73.78267290000002
1295,Ca2SiO4,228.36492540000003
1296,ZrSO,201.1482572
1297,ScCuS2,98.4731453
1298,Nd2SO2,197.4091886
1299,NaLuS2,121.0832781
1300,WSeS,240.7955376
1301,SrAuO2,59.89456565
1302,Mn(SbS2)2,13.8826045
1303,Na3ClO,76.32130825
1304,PrCl3,159.11375049999995
1305,MgTiSiO5,97.06807645
1306,CdBiO3,87.83692985
1307,BaHgS2,21.44508385
1308,Ca2BiAsO6,76.7852401
1309,KSnAs,95.54184705
1310,Bi2Se3,22.4576899
1311,Mn(AlTe2)2,179.16547130000004
1312,KInTe2,77.74762105
1313,RbSnF3,51.2130604
1314,NaSmSe2,107.3211338
1315,GaCuI4,58.80468765
1316,GeRu,123.3884301
1317,ErCuSe2,71.94412075
1318,BH3NF4,99.68418385
1319,K2Mg2Si2O7,137.7301306
1320,TeWSe,191.5694035
1321,HfZrO4,197.01625890000003
1322,TmTlO2,28.1482671
1323,AlTeI7,32.94289655
1324,K6MnSe4,89.90643075
1325,FeI2,84.88245335
1326,AuCN,223.32277230000003
1327,TiNCl,115.3964027
1328,ThI4,55.2882303
1329,BCl3,431.9760134
1330,ZnWO4,104.4800139
1331,Sr4I6O,49.0392407
1332,RbF,132.07720559999998
1333,Na3AlF6,104.3667907
1334,Li2AlVO4,226.112333
1335,Hf2SN2,167.7197847
1336,MgPdF6,201.7936131
1337,ThBrN,73.9514906
1338,CaCN2,253.6507287
1339,AgHgSI,20.5934249
1340,BaI2,35.7115802
1341,Na2Te,139.5298634
1342,K3TaF8,89.6917568
1343,CaMg2N2,183.0587503
1344,Y3GaO6,127.1076554
1345,Li6FeO5F,136.7900609
1346,RbI,69.78017265
1347,CaHI,120.15484740000002
1348,AlPS4,136.2305146
1349,CaF2,257.2858453
1350,NaS2,42.11287925
1351,P2Se5,16.25829175
1352,GaAgS2,152.7032135
1353,AlClO,161.42100349999996
1354,AgCl,73.77763705
1355,KZnAs,95.56705965
1356,DyZnPO,86.7147357
1357,Nb3SBr7,153.5665449
1358,Zn(CN)2,169.57491169999997
1359,Na6BeO4,177.2591186
1360,NaH,342.705834
1361,AlF3,233.3114308
1362,Ca(SmS2)2,88.0950255
1363,Mg(CO2)2,183.6277013
1364,AgI,63.7935475
1365,RbMgF3,152.7449343
1366,Sr2BrN,83.42205685
1367,HgBr2,80.96132709999998
1368,KTbGeS4,70.1164407
1369,CdPS3,100.2039436
1370,HgS,32.52728885
1371,LiSb3P2,78.65547475
1372,RbAuC2,31.19342225
1373,H4IN,128.05339469999998
1374,HgPb2(ClO)2,38.7861834
1375,K4CdP2,72.93645
1376,Nb3TeCl7,110.6982548
1377,NaNiIO6,170.41036259999996
1378,Dy5AgS8,39.1581026
1379,Ca(HO)2,188.1391559
1380,TlInS2,49.2964359
1381,Tl2SiF6,74.56176225
1382,YbMgSn,93.87948295
1383,Na5Li3Ti5O4,83.86227685
1384,AlHO2,243.7298374
1385,Na4CoO3,43.2105945
1386,AlAgTe2,115.9322038
1387,As2Ru,144.1117866
1388,NaRhO2,180.7559328
1389,NaClO3,71.80251665
1390,HfS3,204.5052682
1391,CuCN,187.4718224
1392,H2SeO3,89.93931385
1393,GaTe,169.868125
1394,KTa(GeO3)3,67.17927285
1395,Sr3PN,54.96343465
1396,KNdGeS4,70.35666075
1397,YOF,133.7527763
1398,TaTl(GeO3)3,34.95750335
1399,Na3ScF6,26.94690005
1400,Cd(InSe2)2,64.63126615
1401,BH6CN3F4,122.395067
1402,SrBiBrO2,64.715675
1403,KAsSe2,53.1024713
1404,SmH3(CO2)3,134.5170249
1405,H2SeO4,110.7197655
1406,Zr2SN2,179.55870119999997
1407,As2PbO6,85.24796935
1408,Ba3Ga2(GeO)4,90.14795145
1409,DyNiBi,130.2075046
1410,CaP,185.9242157
1411,Ca2PI,72.30876965
1412,YHSe,182.7908164
1413,ZrSiPt,202.6660157
1414,YAgTe2,106.4457963
1415,Ba2HfO4,112.1224332
1416,Na2PtO2,130.5528105
1417,VCu3S4,202.8979983
1418,CaNiF6,168.8674582
1419,Y2SO2,206.2865251
1420,BaClF,125.9873289
1421,RbIO3,85.3140357
1422,Nd5AgS8,30.12995745
1423,RbUO3,112.0664386
1424,Nd2PbSe4,49.75209695
1425,Rb2HgO2,75.73174695
1426,Ba3Ti2O7,130.1184267
1427,BaLiF3,141.4795711
1428,SrHBr,96.2449651
1429,Ga2TeSe2,42.4682902
1430,GaS,276.8248099
1431,RbAgO2,67.26925115
1432,KScO2,237.0699758
1433,BiSeBr,40.3464298
1434,NdSF,201.8244618
1435,BeSO4,491.3578228
1436,XeF2,179.5564
1437,Th2SeN2,123.7553134
1438,BeSiP2,248.329336
1439,PbI2,60.1349858
1440,Ge3As4,205.1223099
1441,Dy2TeO2,67.11177245
1442,NaN3,184.786347
1443,GaP,344.3264772
1444,HoNiSb,156.68567040000005
1445,TlGeF3,36.4384768
1446,BaO,220.834362
1447,SrTiN2,131.5446061
1448,SeOF2,100.4343254
1449,LuTlS2,43.3520652
1450,KH3F4,72.75979505
1451,Rb2ZrCl6,65.7643324
1452,GaBN2,336.8595456000001
1453,NaCN,121.8225142
1454,Li5CuSO2,223.5298758
1455,In2S3,69.16523199999999
1456,YN,435.56410660000006
1457,Na2PtSe2,59.304837600000006
1458,YCuO2,121.3544136
1459,MoWSeS3,242.0243517
1460,BaGaSiH,109.2733094
1461,SnHgF6,83.10756635
1462,TlInSe2,20.47006325
1463,RbCaH3,104.9859334
1464,FeSiW,247.7194979
1465,CaH2(BrO3)2,70.65250859999998
1466,K4HgAs2,67.7491243
1467,KHoS2,101.9892358
1468,P4S3,214.08458880000003
1469,MgTa2O6,71.9887764
1470,Li2TeO4,91.91903655
1471,Ca(MgAs)2,150.81537
1472,ScSbPd,164.5541693
1473,Rb2Te,86.535246
1474,AlSeBr7,39.65585135
1475,RbSrSiHO4,80.5079672
1476,AlPNCl5,66.7658329
1477,NaAlO2,201.271919
1478,Sr4Sb2O,19.5807855
1479,Rb3NaBe2F8,36.28163175
1480,K2Se3,65.7333169
1481,SnH4(NF)2,128.6184438
1482,TaCu3S4,239.53294
1483,TiGeO3,190.6967341
1484,Dy3BWO9,90.09179005
1485,LiAlSi,338.4591117
1486,NdTlSe2,45.13895820000001
1487,B4CCl6O,274.6608618
1488,NdTeCl,95.44880055
1489,RbErSe2,112.2200487
1490,AgBr,86.490557
1491,MgSiAs2,262.2186105
1492,WCl4O,127.8594311
1493,NaPrS2,104.3648897
1494,NaCaAs,177.2255685
1495,Na3BrO,91.9522198
1496,HgF,102.9708931
1497,Er2Be2GeO7,84.67334885
1498,LiSi2N3,260.6814756
1499,RbTlO2,137.5898939
1500,GaPO4,139.6069019
1501,Li2MnPO4F,54.1113755
1502,KLiZnS2,87.02872595
1503,Li2SnTeO6,84.66641205
1504,Hg3(SCl)2,24.6195036
1505,AsI3,64.52474625
1506,Li2CaHfF8,120.63818899999998
1507,NbCl2O,93.7556544
1508,Dy2PbS4,55.69886885
1509,TbCl2F,100.1704936
1510,NdSeF,147.34917109999995
1511,KF,197.5094387
1512,K3SbSe4,67.88462535
1513,AgCl,115.516963
1514,UO3,229.5276398
1515,LiCuF2,139.14473759999998
1516,BaBeSiO4,61.4998679
1517,Sr2CdAs2,65.29966685
1518,BAsO4,134.7513754
1519,PrBS3,94.063008
1520,RbCaSb,49.4605179
1521,TlN3,64.91460775
1522,Tl2O,140.6913439
1523,K2HgO2,98.6150829
1524,NaNdSe2,106.111029
1525,HfNCl,145.2040324
1526,TeOF2,50.733354
1527,SmIO,89.62328925
1528,ClF,70.6612463
1529,MoSBr,133.5321994
1530,BeGeAs2,140.8133382
1531,LiCrP2O7,61.0341018
1532,LuSF,130.6040361
1533,Mg(InTe2)2,145.6297785
1534,Mg(ReO4)2,275.62797850000004
1535,BH5CN2,75.01692305
1536,AlAsO4,192.6763567
1537,Na3Ca3AlAs4,81.04653635
1538,Li3NbO4,182.435839
1539,Te4W3Se2,190.7508945
1540,Pm2O3,208.5120373
1541,Li3Sb(PO4)2,65.1008675
1542,YAuO2,92.1229051
1543,RbClO3,88.11683640000004
1544,NaAgO2,141.5572433
1545,CdHClO,108.0156142
1546,CaGaBO4,92.71636835
1547,KErTe2,88.73721309999998
1548,TmBi2ClO4,99.1539522
1549,AcBrO,87.20608125
1550,KPrSiSe4,56.59811825
1551,ZnSnF6,136.405502
1552,TlClO3,62.5818753
1553,ZnTeMoO6,96.6470327
1554,UN2,302.3185504
1555,RbMgBO3,131.45862979999998
1556,U(BiO3)2,56.60378775
1557,KSbS2,58.4296669
1558,BCl(OF2)2,95.9788321
1559,BeSnP2,160.94553259999995
1560,Na3PO4,195.5713368
1561,BrO2F,53.2501451
1562,BrF3,78.4335305
1563,TbBS3,89.73761305
1564,CdP2,118.9341707
1565,ScZnMo3O8,157.2834358
1566,AgB(CN)4,85.99671020000002
1567,K2AgSb,60.37073695
1568,K2Se5,42.72124995
1569,Ca2Si,220.1857379
1570,HfBrN,103.5502159
1571,HgIBr,28.37788185
1572,TiS3,201.2328995
1573,BPS4,346.89652830000006
1574,HoSF,196.7825421
1575,Nb(SeCl)2,137.07173500000002
1576,BaAl4S7,44.49693735
1577,K2O2,104.787701
1578,LiMn5O3F5,135.9109215
1579,BiSbO3,77.77363405
1580,BaAlSiH,137.14026919999998
1581,NaDySe2,106.9032583
1582,Nd5AgSe8,19.35017025
1583,NdBrO2,81.63529725
1584,K2Pb2O3,83.365662
1585,SnO,249.0479617
1586,Ag5P(S2Cl)2,26.3239554
1587,LiMn3OF5,79.55455740000002
1588,HfSnPd,145.9136204
1589,GaSeBr7,20.87946785
1590,Ni(AsO3)2,178.8234004
1591,ThSO,172.69490430000005
1592,RbErO2,148.71715480000003
1593,Li2NbOF5,166.04851609999997
1594,RbPbCl3,32.8575539
1595,Yb4Cl6O,95.39103835
1596,KAuC2,54.0989693
1597,NaSrP,105.8388597
1598,UCdO4,90.64079775
1599,MoWS4,341.8884588
1600,NaC,239.2243191
1601,TlI,35.11755
1602,NaF,255.4829443
1603,LiI,149.619339
1604,U3H2,92.45150265
1605,BaZnSO,103.2728106
1606,YH3(CO2)3,150.7754167
1607,HCN,211.0919933
1608,H7NF4,57.15272875
1609,KPrS2,99.69385535
1610,K2PbO3,75.36716475
1611,Zr(MoO4)2,133.2317826
1612,NaZnAs,111.9583512
1613,Al2Te3,52.0471439
1614,Ca3AsN,96.8340595
1615,HoCuO2,109.3496142
1616,ZrFeTe,192.494766
1617,BiBrO,63.53118305
1618,KMgF3,159.83517769999997
1619,Ba7(ClF)2,80.05897615
1620,BaSe,83.12204025
1621,GeH3Cl,89.76035775
1622,Ag3SI,51.85794935
1623,Ga2HgS4,55.0956007
1624,Li3Sb,167.67659640000005
1625,FePb2(CN)6,94.09118875
1626,RbMnF3,109.5625539
1627,LiVF6,206.2797217
1628,AgClO3,31.3427969
1629,ZnPS3,100.4883191
1630,TeMo2Se3,229.8030775
1631,K2TiF6,114.6324876
1632,Li7BiO6,142.6857406
1633,YbGeO3,62.40662105
1634,Ba2H6Os,110.053566
1635,Fe(SiP)4,200.6542437
1636,LiNbS2,232.1458483
1637,Zn4P6N2O,152.1251913
1638,K6CdTe4,75.87335105
1639,Ba(MgP)2,103.4324571
1640,ZrSiO4,154.2485524
1641,Li3MnSi2O7,87.6449339
1642,NaNbSe2,134.7360343
1643,KMgBi,94.05010155
1644,LiH2N,224.9924067
1645,B4PbO7,82.38800675
1646,Na2ZnGeO4,203.4277631
1647,RbHoS2,123.4366542
1648,H4NF,274.3180905
1649,UCO5,203.5755703
1650,H3ClO,183.2237328
1651,RbNaO,83.8939927
1652,KErO2,205.46027880000003
1653,CuBi(WO4)2,44.32385085
1654,Na2H6Pt,135.53346619999996
1655,LiZnN,328.8891958
1656,Te8MoW3,188.4788924
1657,Si3NiP4,133.6148407
1658,SrC2,198.43386730000003
1659,MoF4,246.1701903
1660,MgTeH2O9,130.1281316
1661,BaMgO2,169.9378932
1662,KYS2,171.2024251
1663,LiCoP2O7,103.2074446
1664,ScNiP,243.6222169
1665,Sc4C3,151.2337791
1666,Te3MoWSe,190.1666358
1667,NaTbSe2,107.5168316
1668,SrCa3O4,149.6786686
1669,NaLi2Bi,122.80390459999998
1670,NaSb(PS3)2,57.42186325
1671,Li2MnP2HO8,62.8151252
1672,GeBi2O5,69.0312317
1673,WSe2,237.54538
1674,KBi(PS3)2,33.17487915
1675,CaZrSi2O7,81.70559905
1676,Nd3SiAgSe7,44.18651555
1677,LiCrS2,191.9340191
1678,KCN,120.9669866
1679,TlCd(NO2)3,44.4917014
1680,K3BrO,62.4876282
1681,RbH,449.7055404
1682,Li2Si2NiO6,102.0889523
1683,LiPF6,265.3312994
1684,NaBr,141.9271948
1685,KNaO,92.6825848
1686,YI3,58.16043235
1687,FeSi,222.7264076
1688,TaBi3O7,32.242713300000005
1689,Al2ZnSe4,81.050505
1690,Li8VO5F,151.2490868
1691,BiTeBr,71.6612127
1692,GaTeCl,75.743186
1693,Zr(MoO4)2,145.2427851
1694,KMgAs,102.9316068
1695,BaNa2(SiO3)2,53.29026515
1696,Ca4As2O,107.5998731
1697,GaI3,58.528983200000006
1698,NbBi3O7,34.5790809
1699,BiF5,113.6524312
1700,LiTbSe2,116.5676547
1701,KNdO2,183.6500125
1702,K3SbSe3,88.05770685
1703,BaLiP,115.2887155
1704,SNF,122.2600662
1705,Zn4B6SeO2,178.7920514
1706,YOF,227.4618074
1707,RbAs,39.4341739
1708,HIO3,77.37423445
1709,ClO3,47.7310536
1710,SrBe3O4,168.43437509999995
1711,Mo3WS8,367.7558194
1712,Li2PdO2,219.4355963
1713,Sm2PbS4,58.60725565
1714,Yb(PrS2)2,67.6712187
1715,CdGeP2,117.115195
1716,Ca2Pb,129.26396640000002
1717,HgBr,48.5279852
1718,MoH2Cl2O3,136.9680165
1719,Zn2W3O8,149.3060824
1720,LiNbWO6,55.29720145
1721,Nb3Sb2Te5,106.9396098
1722,TmH3(CO2)3,145.6663301
1723,Zn(GaTe2)2,95.30212725
1724,KLiBeF4,125.6806089
1725,MoBr3,113.812878
1726,TlIO3,50.69003235
1727,SrO2,160.70234440000004
1728,Si3H,474.520375
1729,RbScO2,182.9150118
1730,AlGaN2,253.2188795
1731,H2O2,263.86703430000006
1732,LiDyS2,121.55398
1733,DyCuSe2,70.8097872
1734,NbI2O,54.6255658
1735,Yb(YS2)2,78.9525232
1736,Te6Mo3WSe2,191.5697704
1737,Nd2TeO2,71.57366895
1738,Li2VBO4,175.6357073
1739,Rb2BeF4,76.41075295
1740,LiCuSi2O5,67.413023
1741,Mg2SnO4,123.4305845
1742,BaTe,71.25470955
1743,Mg(HO)2,211.69326040000004
1744,Na3Mo(OF)3,126.0925481
1745,NaBrO3,77.21191999999998
1746,Tl9SbTe6,21.7548053
1747,Li2CeP2,181.5204149
1748,SNCl,62.1549953
1749,Hg2P2S7,44.78995045
1750,NaTbS2,118.5208642
1751,BSb,583.8882649
1752,NbIO2,74.27932109999998
1753,LiVSiO4,197.9014346
1754,SrTa4O,96.2807163
1755,CaZrN2,129.19012949999998
1756,AlSbI6,68.00435185
1757,MgAs4,76.9653968
1758,Ca2NCl,133.66886770000002
1759,ScAgSe2,57.46688575
1760,SrLiAlF6,92.87051205
1761,NaCrS2,141.77751999999995
1762,Sb2S2O,28.9981585
1763,Ga2PdBr8,37.36190495
1764,Mg(CN)2,166.14429730000003
1765,CS2NF5,475.3331812
1766,Br2O,70.76219675
1767,RbBiO2,96.47011095
1768,KYSiS4,77.57373415
1769,RbCaAs,49.3664042
1770,AlCuO2,151.49397580000004
1771,VFeSb,209.2983969
1772,Er2SO2,204.041203
1773,Mg(BiO3)2,59.37784075
1774,RbCaF3,70.4121218
1775,TaCu3Te4,215.2863894
1776,InSnCl3,62.1025691
1777,Sr(AlCl4)2,75.97193365
1778,YBrO,122.1642516
1779,Dy3CuSiS7,49.1011383
1780,HoNiBi,129.77255390000002
1781,SiH8,406.8163732
1782,NbI5,23.97628215
1783,LiAlAs2O7,77.12957885
1784,Y2SeO2,58.34425755
1785,K3IO,75.560428
1786,RbNa2Sb,76.19027609999998
1787,KLiS,152.03547980000005
1788,Li4Si2NiO7,200.4189928
1789,BaS3,42.9059756
1790,PrCuO2,114.5955692
1791,SrHClO,130.0316167
1792,Sr2H5Rh,122.1009533
1793,Li4V2SiGe,89.1691623
1794,Sm3CuSiS7,52.8063233
1795,Au7I,38.33205645
1796,YbMgNiH4,28.72859045
1797,AcOF,225.8850194
1798,ZnPtF6,164.25602030000005
1799,Bi2Te3,63.1770394
1800,ZrS3,210.3763356
1801,NaAuO2,118.2052731
1802,KH4O2F,109.94164340000002
1803,Al2Se3,52.2584495
1804,Sr(YS2)2,87.2635433
1805,GeC,646.712428
1806,Ba2CuBrO2,75.59791340000002
1807,Na2CN2,218.4575409
1808,SmCuO2,104.70909509999998
1809,NaCN,68.7291474
1810,NaPrO2,74.10866915
1811,Tl3SbS3,46.7362898
1812,ZnH8(N2Cl)2,93.5792996
1813,Li2VGa3O8,170.3662406
1814,Ca2CoSi2O7,114.9558826
1815,Ag3SnP7,81.6175884
1816,BaHfN2,76.22992925
1817,BaGaGeH,98.49799105
1818,Tl3AsSe3,40.4636884
1819,SrMg2N2,136.0394524
1820,NaBeSb,205.854776
1821,NaPN2,153.1785177
1822,DyTlTe2,44.25915185
1823,Na4CO4,140.8054009
1824,Yb(ZnP)2,98.7444142
1825,Ba(MgAs)2,91.0477011
1826,BaTe3,58.98811265
1827,IrF3,534.5500081
1828,Cd(CN)2,101.7528177
1829,GaTeI7,40.54933120000001
1830,HoClO,97.00704595
1831,MgSiN2,298.5734788000001
1832,NdCl3,158.2774992
1833,Ba(H2O3)2,42.35473345
1834,LiZnAs,174.17691159999995
1835,LiAuF6,205.5241441
1836,Ba(NdSe2)2,67.73221585
1837,MnAlF5,111.8955198
1838,TiF4,99.58966995
1839,K3AuO,52.5175123
1840,CdSnF6,107.6083773
1841,Rb2S3,76.87371765
1842,Ba(CdP)2,122.1065228
1843,SrCN2,204.2605459
1844,BaF2,190.9101741
1845,ScNiBi,169.9801476
1846,Sm3CuSnS7,65.85334355
1847,HoF3,127.9220291
1848,KYGeS4,72.88952655
1849,NaCuO2,153.87806730000003
1850,Ho2SO2,203.9376512
1851,K2HgSe,54.37867575
1852,Te6MoW3Se2,190.716544
1853,Ca4Mg3H4,150.06095969999996
1854,Ca(DyS2)2,79.9222745
1855,RbInTe2,60.08422710000001
1856,KZnP,107.7981055
1857,MgSe,181.031804
1858,KNiIO6,114.0250174
1859,BaHBr,94.58083345
1860,CuBr,133.25656170000002
1861,K2RbSb,57.80045245
1862,Sr4As2O,56.0918986
1863,AgRhO2,244.8382913
1864,RbSmO2,140.95747690000005
1865,B2S3,319.85308
1866,LiErS2,153.2027298
1867,Li2CuSb,118.784696
1868,PNO,218.5278427
1869,LiHoSe2,76.75185675
1870,HoBrO,120.2941837
1871,H3NO,174.27749519999998
1872,Ga3BN4,262.6915135
1873,Cd3AsI3,85.39450925
1874,AuBrF6,179.1412926
1875,GaAgSe2,49.12978595
1876,Ga3PO7,135.4441883
1877,Ge2N2O,140.27370180000003
1878,KNaThF6,78.72284175
1879,Li3BePCO7,37.1887184
1880,NdCuTeO,78.83002865
1881,MgNiF4,169.16477350000005
1882,VF5,276.919624
1883,SmTaO4,75.90336605
1884,Tb3GaO6,97.92550495
1885,ZnCN2,121.7539466
1886,BeCN2,699.3990581
1887,Li8TiMn3O2,127.6989509
1888,ZnO,218.159025
1889,BaSiCl,96.89438965
1890,KSmSe2,96.2691772
1891,NbRhO4,125.0471924
1892,ZrInAu,149.6512549
1893,NdBr3,90.3049299
1894,NaPH3NO3,179.9020061
1895,Zn2GeSe4,70.63666735
1896,Ba2HfS4,60.35893105
1897,YAlO3,164.8835673
1898,K2Mg2O3,94.4024443
1899,Sr4CaCr2(SO3)2,79.61782235
1900,Rb2SiF6,115.7279017
1901,RbCaI3,5.12959685
1902,HgSe,27.96627615
1903,BrN3,22.2408482
1904,KH,488.5326109
1905,Zn4(B2O)3,174.94286110000004
1906,NaSnN,129.5043865
1907,CrCuO2,357.3124003
1908,K2GeF6,105.6824815
1909,ErZnAsO,48.512911
1910,Na4FeO3,61.62616435
1911,Mg(BeN)2,316.8902326000001
1912,Ga2PbO4,25.74770075
1913,KNbS2,114.9437432
1914,Sr(NdSe2)2,76.91013585
1915,HfZnN2,85.0037473
1916,BN,395.63858710000005
1917,Rb2HfF6,84.10119625
1918,LiInP2O7,100.8559361
1919,LiBeP,221.7307767
1920,Sb2S3,45.88529785
1921,NaCoO2,191.3363537
1922,Sm2Be2GeO7,94.2365614
1923,PrTlSe2,44.89747085
1924,Th2HN3,93.61441715
1925,MgSnP2,114.7236332
1926,SrAl2O4,80.1012306
1927,MoWSe3S,238.2089116
1928,Ba4Cl6O,95.9102645
1929,Mg3NF3,196.0656839
1930,KMgP,114.4595679
1931,Ba(PrS2)2,77.5697655
1932,TlCdF3,14.5123192
1933,PbCl4,77.826227
1934,TlI3,27.48076685
1935,KAgO2,94.82388825
1936,BaIF,74.41482215
1937,XeO3,99.19013695
1938,SnH8(CI)4,133.4775388
1939,HoAgSe2,49.51597895
1940,Zn2Sb2O5,41.62296775
1941,CdPdF6,128.9314002
1942,Li2CaSiO4,190.9477262
1943,Rb2LiAsO4,62.98077465
1944,K2CuSb,31.28530150000001
1945,RbH3O2,95.46093995
1946,LiBiB2O5,59.70300325
1947,KZnF3,128.0843102
1948,YNiP,178.60939340000004
1949,Te2Br,37.16780795
1950,YbBr2,42.46985765
1951,HgPbF6,63.1651001
1952,HgHOF,126.4563633
1953,LiMnSiO4,125.8094066
1954,CdCu2SiS4,56.0524789
1955,AlF3,233.4060114
1956,Dy3Sb4Au3,46.0732251
1957,BaZnCl2,58.31997875
1958,CrHO2,421.535996
1959,SnI4,192.1372206
1960,RbTbSe2,110.5412764
1961,Pd(Se3Br)2,54.43567090000001
1962,Sr(Si3N4)2,81.7765345
1963,BaSi6N8O,74.27265109999998
1964,AlTlSe2,22.50407975
1965,PrTlTe2,43.9683065
1966,Tl3VO4,48.06125195
1967,Sr3TaGa3(SiO2)2,61.35349475
1968,CS2,369.7133643
1969,Mg3Si2H4O9,228.4734463
1970,TmClO,40.55610125
1971,PrOF,211.09729590000003
1972,ScCuO2,129.6424889
1973,Yb(DyS2)2,72.57456915
1974,CdBiClO2,71.11940859999999
1975,Mg2Al2Se5,93.63949635
1976,Na2HgO2,206.0894265
1977,MgMnF6,204.7201756
1978,RhCl3,119.4274506
1979,TmTlS2,43.85548345
1980,BaHfO3,116.5737578
1981,CeO2,273.8964131
1982,NdTlS2,46.0294032
1983,KGeBr3,26.2366451
1984,Hg2IO,27.91878575
1985,Mo2H2O7,66.122378
1986,Rb2ZnF4,113.1708572
1987,CaTlCl3,16.431811800000002
1988,LiAuC2,124.32203
1989,Li2Te,254.4182122
1990,BiSeCl,28.12235415
1991,Hg(ClO3)2,63.9385533
1992,Li5Cu(PO4)2,110.0474963
1993,Li2PNO2,246.5464116
1994,BaTe,95.9367444
1995,S2N,174.2079938
1996,CeZrO4,86.35422220000002
1997,H4BrN,168.3894193
1998,MgS,329.8226956000001
1999,Ho2SeO2,135.5653488
2000,Er2O3,219.9018627
2001,Li4MnSi2O7,122.8500277
2002,Li2CeN2,228.4845519
2003,ScIO,29.8263057
2004,NaSmTe2,93.74268125
2005,Be(CN)2,293.5137502
2006,AcTlTe2,55.2539465
2007,H4NClO2,117.3027221
2008,Be2NbRh,202.0770881
2009,AlTlF4,36.35713615
2010,CrAuO2,488.01722
2011,LiBC,348.7626942
2012,SrB4O7,136.6260456
2013,Ba(InTe2)2,80.32344165
2014,Te4Mo3WSe4,190.9156101
2015,RbNdSe2,107.0377255
2016,Ga2HgTe4,39.2017911
2017,Hg3(SeCl)2,54.08539585
2018,Pr2AlNO3,109.8869494
2019,GeF2,51.91130935
2020,Ge2N2O,137.0495906
2021,CuBiO2,87.4795846
2022,Sr7(HCl)2,105.396572
2023,ErF3,120.0821111
2024,SmZrF7,116.2793106
2025,VCuO3,197.4184933
2026,TeAuCl7,50.08979905
2027,GaCuO2,336.277388
2028,NdO2,208.4553089
2029,Na2H4Pd,140.00486750000002
2030,ThIN,60.26455055
2031,KAuO2,103.8560021
2032,Li2O,453.579343
2033,LiSiNO,224.3744979
2034,CS2NClO2,86.50086215
2035,RhBr3,75.75765990000002
2036,CdSiP2,104.0054768
2037,Pr4S3NCl3,69.707503
2038,Y2Be2GeO7,108.7161309
2039,Ca(PrS2)2,88.50606425
2040,K4ZnP2,74.5736015
