,pretty_comp,dfpt_piezo_max_dielectric
0,K2O2,5.685649287
1,HgTe,34.20230335
2,H4NF,3.93022131
3,TaTlPt,34.38279817
4,TmAgTe2,26.38523813
5,Fe(HO)2,7.1058035870000005
6,Na7NbO6,12.94589059
7,Sm2SeO2,14.01094526
8,Al6Cd4SO2,6.9633191729999995
9,NaSmO2,16.21474699
10,Rb2NiF6,4.457916063
11,KHS,5.79665273
12,Na5MnO4,9.471204087
13,SiP,10.25548426
14,SrLiAlF6,6.705629887000001
15,K4CO4,9.546147203
16,AlGaN2,9.38718699
17,CaMg2N2,17.31495895
18,Yb(DyS2)2,20.00713625
19,WCl4O,7.0546579970000005
20,KNa2Sb,17.44290667
21,BaBAsO5,8.999141352999999
22,H4BrN,6.359458943
23,SmBr3,8.69269551
24,AlI3,5.003794663
25,SrH2O3,6.792961599999999
26,Sm2Be2GeO7,11.8521436
27,V2MoO8,42.18096121
28,MoWSeS3,9.067533973
29,RbSrSiHO4,8.767620792999999
30,Li7BiO6,11.39932195
31,BiTeCl,24.40025168
32,BPO4,4.974315217
33,ZrSeO,25.77216875
34,CaCN2,7.88735093
35,Mg2Al2Se5,10.53301944
36,TaCl4,6.7619955329999994
37,NaBe4SbO7,10.22881961
38,BaAl2B2O7,5.796413827
39,RuO2,20.75199582
40,Na2H6Pt,6.91469367
41,ZrSiO4,18.40617711
42,UTl2O4,30.01592814
43,KAg2PS4,10.75053128
44,KInTe2,12.31345171
45,LuTlO2,54.50732863
46,KTa(GeO3)3,10.159841400000001
47,InBrO,8.544352047
48,SrAlGeH,20.23990953
49,Li3Sb(PO4)2,30.34844309
50,InBi2S4Cl,43.59042625
51,TaI2O,19.0693921
52,DyBi2ClO4,23.36444663
53,Na2H4Pd,7.07692275
54,Li2Si2O5,5.092525193
55,NaSmTe2,16.84497982
56,ZnSeO4,10.1992785
57,YAgO2,10.3614785
58,Dy2SeO2,32.75541843
59,Rb2Se3,9.52460427
60,BaIF,8.767204153
61,Li3AsO4,5.671497433
62,TlIO3,20.53318393
63,LiNbO3,38.57069749
64,BBr3,3.340694103
65,ScOF,43.82167570000001
66,CaZrN2,87.42431865
67,BAs,9.750581097000001
68,Na3BrO,9.083087523
69,Na3VO4,5.167246523
70,HoTlTe2,22.162466199999997
71,TlSbSe2,93.71568725
72,TmTaO4,26.38778786
73,V2O5,19.7038872
74,ZnCl2,5.652986492999999
75,LiMnSiO4,7.957674757
76,Mg2Sb2O5,15.49736724
77,NaN3,4.72573684
78,Ta2ZnO6,74.91369323
79,Te8Mo3W,19.39990867
80,Ba2Sc2O5,24.39069587
81,RbTbSe2,12.76341456
82,RbF,9.370616683
83,Sm3CuSnS7,16.09066975
84,Nb3SBr7,8.807465622999999
85,CuCl,42.73258638
86,CdCl2,6.9935178
87,GaBN2,11.06707945
88,ScCuO2,13.22570626
89,BiTeBr,25.33521812
90,ThO2,20.3123047
91,Na4SnSe4,9.26101967
92,BrCl,33.42959399
93,RbAgSe4,11.44613871
94,SiAs,12.06881595
95,TlZnF3,18.25125066
96,U(BiO3)2,41.25155097
97,BaS,13.50850752
98,BaZrO3,50.5703686
99,NaBeAs,12.299613800000001
100,Pr2SO2,14.13763697
101,NaClO3,5.374201377
102,Hg3(TeBr)2,20.16016382
103,SbBr3,8.624325977
104,HoIO,12.470512199999998
105,Ca2IN,14.29516689
106,RbCaBr3,25.40054517
107,KMnPH2O5,8.101623533
108,Sr4CaCr2(SO3)2,16.75041297
109,K2PdBr4,5.311901927
110,BrN3,25.92332591
111,Ba(BSe3)2,15.99786923
112,CuRhO2,12.76164097
113,Te2W,16.49082447
114,NaAuC2,7.589662427
115,K2Te,5.769511053
116,Zr2SN2,25.67877288
117,K6MnSe4,7.338504173
118,Li(CN)2,6.14258165
119,TlAgI2,18.472399300000006
120,Na4CoO3,12.52642038
121,NaTlO,18.24225694
122,Tm2SO2,13.27713375
123,CaC2,28.67399754
124,Li4MoO5,17.301553100000003
125,MgSiN2,16.57138048
126,H3BrO,5.085367743
127,Sr(MgSb)2,15.83552606
128,RbCaAs,11.9106088
129,CaAlF5,6.163754892999999
130,CrF3,6.833740007
131,K6MgO4,8.894464877
132,Y3GaO6,13.96342687
133,RbNdSe2,13.3087511
134,GeS,21.29236758
135,Na3ClO,15.83411469
136,CoCuO2,15.43971959
137,BH3,2.513369993
138,V2O5,34.002615500000005
139,NaLi2AsO4,5.97810133
140,ErCuSe2,17.23004933
141,CaF2,9.584523613
142,FeCl2,8.833007837
143,YAuO2,11.52648581
144,InSe,20.31347821
145,Rb3TaO8,7.766351512999999
146,CaHBr,8.44348066
147,NbBi3O7,62.826463399999994
148,Ca2Pb,17.9739298
149,TaCu3S4,6.52014851
150,ZrIN,13.04600537
151,Ca2CoSi2O7,11.79139277
152,Tl2SiF6,10.28765938
153,Na2NiO2,8.380769847
154,H2SeO3,6.7349523829999995
155,Ca2YSnO5,18.22882513
156,DyTlS2,22.58458254
157,KCaBr3,41.67086197
158,KTeOF3,7.90041503
159,BaH4O3,9.314363177
160,PrOF,12.70395888
161,DySBr,11.045531
162,K2TiF6,7.3679690970000005
163,PbBrF,37.8786321
164,K3TaF8,5.740685012999999
165,K2AgSb,11.75076165
166,Sr2NCl,14.28848396
167,MoSBr,8.990991272999999
168,Ca2Al2SiO7,9.291554
169,KTbGeS4,9.997159743
170,SrS,25.25483709
171,Dy3BWO9,15.31953546
172,YOF,13.92977581
173,Al2ZnSe4,9.220375253
174,Ba2HfO4,25.18271268
175,GaPO4,4.8052892069999995
176,NaHg2IO2,10.41308948
177,ErF3,10.98872091
178,RbNaO,12.16000682
179,YNiP,19.6601957
180,Ba2AsBr,26.94294986
181,KZnP,12.8303295
182,H7NF4,4.8345074530000005
183,MoSe2,14.37332401
184,LiAlAs2O7,10.99570477
185,Hg2IO,17.80841491
186,Ba(MgP)2,15.988648399999999
187,Ta(TeCl3)2,13.98759885
188,BeSnP2,13.30560423
189,NdCl3,8.440780432999999
190,Na4WO4,8.687460597000001
191,ZrFeTe,36.40219442
192,KMgSb,12.48408312
193,YAgTe2,19.64831908
194,SiH,6.96645488
195,SrSnO3,56.68577362
196,K2H6Pt,5.355898267
197,RbNa2Sb,20.15451606
198,Rb3SbSe3,7.830963443
199,AgBiO2,42.33708262
200,BaS2,9.522749893
201,KAuS,10.23061833
202,ScCuO2,13.25499399
203,Ca(BeP)2,15.54361177
204,RbNaS,7.962096687000001
205,CaF2,7.414179033
206,CdCN2,12.41958427
207,RbF,5.85586378
208,Sr(NdSe2)2,20.46904291
209,Ca(DyS2)2,21.16772267
210,MoWSe4,7.58303643
211,Ag3PS4,10.74040851
212,PICl6,5.77656124
213,Na3BiO4,14.03032766
214,LiCoO2,15.24196958
215,HoBrO,10.57925631
216,CuSe2Br,43.48872911
217,AlTlSe2,28.72786247
218,ZrSO,22.15107282
219,Ca(MgAs)2,15.804999800000004
220,H4NCl,6.285486457
221,Ti(NCl)3,6.31456272
222,CaGaGeH,26.86686275
223,Tl2O,28.46726633
224,ZnCdS2,10.01709024
225,Nd2SeO2,14.24197884
226,LiBeP,15.35101686
227,AlBiO3,53.74271093
228,PrBS3,13.75298068
229,Zn(GaS2)2,9.664400887000001
230,InGeCl3,38.92729318
231,Y3CuSiS7,15.74587725
232,SmTlO2,62.38936358
233,AcClO,13.17402827
234,RbTmO2,14.12984657
235,NdTeF,18.91046423
236,ZnSiAs2,15.79526707
237,SrO2,13.13065085
238,Al2Te5,23.09466752
239,TiFeTe,38.99395435
240,BiF5,7.433009283
241,SrThBr6,10.38026804
242,Tb2PbS4,38.32416405
243,TlI,39.91920758
244,Li2MgBr4,9.373846437000001
245,CrHO2,9.957976417000001
246,HIO3,10.36284713
247,Hg3AsS4Cl,16.91879864
248,BCl2,3.53551788
249,Ba(AgS)2,17.07510804
250,WSeS,6.872206677
251,ZnBr2,11.77560267
252,Rb2PtF6,5.295840173
253,SiGeN2O,6.931339283
254,KMgAs,11.88118348
255,Na2CeO3,23.67841182
256,Nd3SiAgSe7,16.44860901
257,Ca7(HCl)2,10.61146778
258,Hg3(SCl)2,14.01125243
259,Au2S,7.411602867
260,Li4CuSi2O7,7.501892422999999
261,LiVSiO4,8.331967737000001
262,RbLuSe2,12.08280892
263,Zn4P6SN2,8.528000613
264,PBr3,4.732928757
265,Mg(SbO3)2,14.10077386
266,Ba3Si6N4O9,8.65812368
267,ErSCl,11.21346065
268,TmCuSe2,17.1335871
269,XeF2,4.215354893
270,Li3VO3F2,33.844372
271,LiCoO2,15.8871232
272,NaSi2BH2O7,4.87006835
273,AlGa3N4,9.95978489
274,Rb2CaH4,8.622288247
275,LiSiBi3O7,31.26173326
276,AlSeBr7,8.218572992999999
277,Hg(AsO3)2,13.74305183
278,AsBr3,5.30666049
279,TlI,20.49419379
280,RbClO3,5.197195933
281,HgI2,17.57991279
282,ZrNCl,13.72358059
283,Te2Mo3WSe6,11.00896626
284,Ga2Te3,17.52283686
285,In2S3,11.54926805
286,Mg(CN)2,2.9284653769999998
287,LiBC,16.26050158
288,ZnAgF3,92.26010992
289,ZrCl2,9.705045793
290,ZnSnP2,17.98603654
291,TmH3(CO2)3,7.514099963
292,RbBiS2,37.21346
293,Na6P4W,10.45030315
294,ZnWO4,13.83556855
295,UO3,41.07701266
296,HgC2(SN)2,11.42983744
297,SrF2,6.67712491
298,BH5CN2,4.486122793
299,RbScO2,18.52240732
300,SrCl2,7.372219707
301,InPS4,9.521950457
302,PdCl2,6.352067493
303,AlClO,6.874603957000001
304,B4CCl6O,3.22024496
305,NbTl3Se4,18.95523603
306,Mg2PbO4,18.18985212
307,Ba2PCl,15.41187154
308,K2RbSb,15.36511522
309,RbTa(GeO3)3,9.706226317
310,GaP,13.22263016
311,Nd3CuSiS7,14.70526433
312,Cu2SiS3,10.64737051
313,HBr,3.953491787
314,RbScO2,17.90343626
315,MgNiF4,6.5937128529999995
316,KScO2,16.55001742
317,ThI4,10.00772211
318,Al2HgTe4,13.74825415
319,CaTlCl3,42.91647836
320,TlInSe2,30.91850106
321,BaHgS2,15.74738605
322,ThCN,19.77703861
323,Sr(CdP)2,22.68275517
324,BaSe,27.13621435
325,Li2SnTeO6,13.72843358
326,Na4CO4,10.16272827
327,U3H2,17.44041655
328,Na2Te,7.449179707000001
329,NaBeSb,14.11016728
330,Rb2SiF6,4.4979084
331,Mg4H2O5,9.324134713
332,Li3VS4,4.203711103
333,Nd2PbSe4,40.02794974
334,SBr,6.845094127
335,KV3(SeO)2,16.91886083
336,TbBS3,13.70761735
337,TaTl(GeO3)3,12.93074259
338,Li2Se,7.80110755
339,ZnH8(N2Cl)2,7.11806919
340,MnZnF6,7.760582117
341,CuH,13.70412216
342,KrF2,3.471179353
343,LiH2N,6.228778912999999
344,Rb2Pd,11.11721481
345,Ag5P(S2Cl)2,12.13458244
346,SrS,11.08302926
347,CSO,2.83607337
348,Te2Mo,7.118348413
349,RbCaH3,10.07301165
350,LiNiBO3,8.244552677
351,K7NbAs4,12.08300192
352,Zn2GeSe4,11.94292217
353,HCN,3.274008127
354,Li3CrPCO7,7.721993437
355,Ca2BiAsO6,12.52510384
356,ZrFeCl6,9.280179293
357,Pd(SeBr3)2,12.06030934
358,LiHSeO3,6.362604663
359,ZrSnPt,21.7928673
360,SrBiBrO2,13.08856429
361,BeGeN2,9.630861343
362,Li4CoO3F,7.32513907
363,Li3Bi,27.25561427
364,Li2CaHfF8,7.55474533
365,AgBiSCl2,39.75434497
366,Na3Sr3GaP4,16.36262657
367,LiAuC2,8.022217073
368,K6Fe2O5,9.743564357
369,ErClO,8.61777545
370,KYSiS4,9.43200293
371,Al5CuSe8,13.66373831
372,Ba2ClF3,9.570043347
373,TaSbRu,33.29132236
374,Tl2Sn(AsS3)2,18.02868147
375,Li5MnO3F,8.560670573
376,NaNdSe2,15.72492113
377,IrCl3,5.5349690570000005
378,RbSmO2,16.24018668
379,KHoS2,12.04165041
380,RbN3,5.4923907729999994
381,TiOF2,24.2398756
382,MgH4(ClO)2,5.718260623
383,Li2O,7.173231197000001
384,Ca4Cl6O,9.87235403
385,Sr(PrS2)2,19.17504049
386,Li3MnSi2O7,8.64540002
387,LiMgAs,12.6589719
388,KP,10.24088681
389,Na4CO4,10.12780719
390,GaCuI4,7.079788817000001
391,Ho3CuSiS7,15.70367662
392,RbSnF3,25.69599741
393,CaAlH5,15.68810015
394,Ca2Sn,17.51310395
395,CN2,4.839857193
396,CaHfN2,64.65207681
397,Be(CN)2,2.908023907
398,AlAgS2,8.309869903
399,Li2MnBr4,10.66606633
400,CaHCl,10.01646748
401,Pm2O3,20.23969819
402,PbI2,15.44560398
403,Ba2H3I,10.90879564
404,Ba3BPO7,13.60382412
405,CaHI,8.386277267
406,HgPS3,13.83775617
407,Sn(CO2)2,11.48563503
408,SnF4,8.802984183
409,Ba2Ti3Tl2,28.36812432
410,Li2BeSiO4,6.520936132999999
411,RbYO2,14.58026705
412,Li2CuSb,29.33242214
413,CaPdF6,5.509022272999999
414,TlP5,25.36537496
415,GeC,11.20222726
416,PrOF,14.01827005
417,PrBi2BrO4,27.51793387
418,Ca(SmS2)2,20.30562963
419,Rb2TeBr6,7.927065
420,SCl,4.71634314
421,Ce2Dy2O7,21.21080458
422,KLiS,7.864801562999999
423,NdSeF,16.08883827
424,Nd3CuSnS7,16.72726702
425,InCl,32.83837727
426,LiCoS2,14.42818589
427,Na2PtO2,8.701493977
428,SiC,10.39990618
429,LiAlO2,6.115481437000001
430,Ba(MgBi)2,21.42760821
431,KNO3,4.42358116
432,NaSi2N3,8.445976883
433,Al2HgS4,10.631513400000001
434,BH3NF4,5.319445363
435,NaC,5.58799877
436,Ca2NCl,12.95723586
437,Ga2HgS4,12.31628695
438,Mo(WS3)2,10.80724646
439,Sm2AlNO3,30.84074067
440,MoWS4,8.53911325
441,Re3Se4Cl,11.10632573
442,PrCuSO,21.25374664
443,NdSF,15.26382008
444,Ca2YSbO5,22.05844975
445,LiBiB2O5,42.43683598
446,HoAgTe2,19.934496600000006
447,VNCl4,6.087945677
448,Cu3TeS3Cl,13.45807891
449,Li2Ge2O5,6.176450777
450,ZrCl4,6.2245173529999995
451,Li2WS4,4.31442157
452,NbCl2O,14.70999704
453,HgBr,16.28289969
454,NaHoSe2,14.4393978
455,YbClF,8.184904223
456,Te6MoW2,16.49678032
457,Na4FeO3,9.955817202999999
458,NaHoS2,13.42948072
459,TaGaO4,26.90751279
460,ErAgTe2,19.97377683
461,Ga2Os,66.62661460000001
462,AlN,31.81940866
463,CdP2,11.92438137
464,Li2GeO3,6.663804112999999
465,ZnCl2,5.670936083
466,HgPSe3,15.70198313
467,Ca3UN4,63.79110511
468,NaYSe2,13.89329859
469,KMg(PO3)3,5.30834602
470,BeZnO2,8.873068217
471,YbS2,11.18309714
472,K2PdF6,5.90471207
473,RbHF2,5.730743107
474,TbH2Br,10.32539664
475,Y3CuGeS7,16.30503818
476,NbI2O,41.10206786
477,Al2CdTe4,10.86339683
478,K2HgSe,15.54148489
479,SrSe,11.06643638
480,TmIO,12.90473189
481,SbAsO4,20.05950367
482,Rb2MgF4,5.667195317000001
483,PHF2,4.0398111000000005
484,Hf3SnO8,19.04338459
485,Li2AlFeO4,7.334198282999999
486,SrCa3O4,19.25798918
487,LiGaO2,6.959237663
488,NaMgAs,17.62104417
489,RbAuS,8.688545173
490,MnTlCl3,42.95598920000001
491,K2MgH4,7.6998620429999995
492,NaHO,16.33881568
493,K2O2,6.25124021
494,XeF3,4.245646837
495,Al2CdCl8,5.066484967
496,LuTlSe2,21.96446283
497,BeCl2,3.771689307
498,SNF,4.34763313
499,BaSe3,15.22087463
500,LiCrS2,16.87381055
501,Sr(PrSe2)2,20.12560935
502,Na2LiAlF6,7.131528777000001
503,Ho2TeO2,15.05351563
504,Ba2BrN,25.64128728
505,YbSe,11.99600455
506,NdHO2,12.24835857
507,CdBiO3,21.96627704
508,FeP4,26.45836486
509,Ag2HgI4,10.08608595
510,BaClF,7.791899799999999
511,Ag2HgSI2,10.38308068
512,LiTaO3,39.91912701
513,TiFeSe,39.19161486
514,RbAuO2,6.005843987
515,NaZnP,19.54270932
516,W3(SeS2)2,24.52317772
517,BaZnO2,13.35215739
518,Na3AsO4,4.722302273
519,Mo3WS8,8.99915299
520,MgTeH2O9,5.69696482
521,BaLi2Mg(PO4)2,8.487695777
522,BaP3,15.2489514
523,Na6MnS4,8.612093713
524,Ca(InTe2)2,30.44221709
525,BP,8.995918803
526,LiZnPO4,5.760901287
527,Li2PdO2,11.5781524
528,PbF4,11.27946043
529,Ca(BeAs)2,16.12787073
530,InI,32.52390567
531,Al5HO8,10.37703898
532,RbCdF3,12.83006291
533,CuBi(WO4)2,31.39330431
534,MgGeAs2,16.1426645
535,ZnI2,16.94952082
536,Nd3BWO9,15.112082800000001
537,Li2MnP2HO8,11.63768813
538,KH3F4,5.076866003
539,Li3As,11.96284822
540,ZnSiP2,12.44278278
541,LiCoP2O7,8.955760083
542,Ca3PN,49.5536323
543,Tl3SbS3,21.87836543
544,MoH2Cl2O3,6.29347771
545,RbBe2BO3F2,4.821349233
546,Al3BN4,10.00397928
547,Ca2Si,19.83019891
548,LiY3WO8,14.27795467
549,MgGeP2,12.65193761
550,DyBi2BrO4,22.70382324
551,GaTeCl,10.33804656
552,Ca(HO)2,8.969502077000001
553,NdZnAsO,24.95825421
554,RbErSe2,12.34941472
555,AgCNO,5.92578674
556,Na3VS3O,8.358051442999999
557,RbGeIO6,7.36038455
558,NaP,14.801546599999998
559,LiNd2HO3,24.50650407
560,CaZnSO,11.02465362
561,SrCaO2,25.36965589
562,KH4O2F,4.133029743
563,K4BeAs2,8.136160553
564,Na5SbO5,8.3089386
565,NaHS,7.693887827
566,LiPF6,5.102729357
567,K4ZnP2,8.2412095
568,Ba7(ClF)2,9.006477582999999
569,GaCuO2,10.15015302
570,MgTiSiO5,27.14251235
571,Sr2BrN,14.12866073
572,KCaCl3,68.35816325
573,RbCaCl3,18.318630499999998
574,TeW2Se3,9.754365067
575,SrO,57.41527339
576,Ca4Sb2S,29.97524015
577,ThSO,24.74766629
578,ThBrN,21.59878513
579,Ba2SbBr,41.5579395
580,Li2V(CO3)2,6.2379913270000005
581,NaInSe2,18.19952872
582,Rb2S5,6.784617882999999
583,SmCuO2,11.38597193
584,GaCuS2,11.943213
585,Sr2SnS4,11.68891029
586,PSe,7.850517067
587,Ge3N4,12.35220472
588,NbIO2,17.3046313
589,CdSbS2Br,40.82920429
590,K2Sr(P2O)2,5.84256134
591,K2Mg2Si2O7,8.069750547
592,TbTlTe2,22.28071655
593,Rb2S,5.986873377
594,MnH4(ClO)2,7.947886187000001
595,Na2SnO2,11.0630658
596,BaLiF3,12.32487653
597,Ba2H6Ru,10.93687745
598,V2ZnO6,23.89338475
599,KH2N,10.6922041
600,Zn(GaTe2)2,14.36810772
601,MoBr3,10.07085587
602,Al2Te3,9.062943593
603,Li2ZnGeO4,6.944437073
604,NdO2,13.43642944
605,TlNO2,35.46752907
606,H3NO,7.26274617
607,AlBN2,10.68356973
608,SrIF,7.63122248
609,P2Ru,32.10065368
610,Mo2SeS3,9.106637777000001
611,RbAu3Se2,9.942945207000001
612,ScTlO2,83.93975117
613,Tl2S5,15.85771636
614,RbCaF3,11.72097231
615,RbH,7.681688587000001
616,BaF2,7.22005153
617,RbTeAu,9.648174583
618,KLiSe,7.984366343
619,NaTmS2,13.0580569
620,Li2CeP2,23.77350456
621,KPrS2,13.19539131
622,KLuS2,11.48531992
623,LiErSe2,18.89708455
624,Sr2CuBrO2,7.401763882999999
625,Cu2O,9.19375583
626,Na2HgO2,6.671180507000001
627,LiVF6,6.31027471
628,LiAlSiO4,5.261271583
629,NbCu3Te4,10.68585783
630,K3BiTe3,9.965569533
631,NaMgF3,6.193238627
632,Ba(CuS)2,27.53840779
633,BaSnF6,8.24285949
634,LiBr,4.638719467
635,InS,18.39186845
636,TeMo2Se3,11.95245214
637,CaAlSiH,23.33807931
638,Li5P(S2Cl)2,12.23838674
639,ZnSiN2,9.886397407
640,NdOF,12.70220532
641,TePbO3,22.74772482
642,Tb3CuSnS7,16.15706378
643,USeO5,12.10782797
644,K2PtCl4,4.889174047
645,Li2Te,8.323368262999999
646,HfCl4,5.778626817
647,KBr,7.159719847000001
648,NaCl,13.77879713
649,PI2,6.792218137000001
650,K5ThF9,7.564855237000001
651,BN,7.006462673
652,BaAgTeF,13.73203097
653,YZr5O,48.50692642
654,AlPNCl5,3.81555169
655,Zn(IO3)2,10.11086712
656,AcOF,13.02187133
657,Be2NbRh,61.15370161
658,SnC2(SN)2,15.62927589
659,Te8MoW3,11.56480569
660,MgH2SO9,4.9175856
661,MoF4,6.99971968
662,Ge3Sb2O9,9.25179491
663,K2AgAs,11.48292738
664,LiYS2,21.652939399999998
665,K2O,8.08059158
666,HoSF,15.59224335
667,Sr(AsO3)2,10.15052797
668,CaThBr6,10.94334738
669,PrTlSe2,21.71783772
670,Ba3NbGa3(SiO2)2,13.17900665
671,AuCN,6.40721838
672,NaScAs2O7,21.3895449
673,K2H4Pd,5.631459167
674,SnBrCl,21.39563249
675,Ca4Bi2O,29.01081894
676,AgAuCl4,7.742611553
677,TbBi5O9,41.63539829999999
678,RbNdTe2,14.05766026
679,LiBeBO3,5.99513271
680,ThIN,17.85597895
681,K3SbSe3,8.162299587
682,Dy3Sb4Au3,35.71329566
683,Rb2PdCl4,4.53405583
684,CdF2,8.123331743
685,Rb2SeCl6,7.262809887
686,Cd(HO)2,8.102447052999999
687,CO,1.802216147
688,GeF4,3.229330927
689,BaS3,12.37018007
690,Er2SeO2,13.71868589
691,Ga3BN4,11.07052364
692,BiSeI,34.81473784
693,RhF3,8.43298576
694,SmCuSeO,19.64928488
695,Pb2O3,77.91852385
696,AlB3N4,8.84559633
697,Li3PO4,5.409592083
698,BiI3,14.01311193
699,CdCl2,8.46177335
700,Ca2MgSi2O7,11.04738847
701,Sr4As2O,37.59153433
702,PrCl3,8.33144691
703,BCl3,2.88563207
704,DySI,10.11169146
705,ZnCN2,7.1502291929999995
706,Ta3SBr7,8.130144963
707,LiMn3OF5,10.60466897
708,MgSiN2,8.903354483
709,BaC2,16.26942961
710,K4ZnAs2,8.497382847
711,K6HgS4,8.010879763
712,Bi2TeSe2,80.65823226
713,BaMnF4,11.83518075
714,P2Os,30.86695557
715,KNdTe2,14.51979169
716,Sc2O3,26.47895293
717,Ba(CdP)2,24.89391126
718,HfIN,11.60695764
719,SmClO,14.22635567
720,Al2Se3,9.41687332
721,Pr3CuSnS7,16.68378924
722,PbIF,37.10185778
723,CrAuO2,14.558231099999999
724,Ag6Mo2ClO7F3,11.97794347
725,RbPbIO6,8.715409823
726,As2Os,35.41219327
727,HoAgSe2,18.520487300000006
728,HgPb2(ClO)2,34.92579913
729,Zn2Bi2O5,54.84936017
730,PI3,7.183864773
731,Li5V(SiO4)2,7.571659207000001
732,Hg3(SeCl)2,15.66760845
733,SbI3(BrCl3)2,9.001770807
734,K3SbSe4,8.18303983
735,TiZnN2,15.79224642
736,CBrN,3.2116880869999997
737,PtS2,19.23524803
738,Nd4S3NCl3,15.41890424
739,KNaO,11.32159015
740,Ni(AsO3)2,11.74700508
741,Ti3TeO8,10.99314354
742,NaV(OF)2,13.24001213
743,ZnGeP2,14.92834271
744,GaS,8.987274973
745,LiSiBO4,5.99645716
746,Sm5AgS8,22.82202613
747,NbRhO4,35.53652595
748,SrHCl,8.59046262
749,YH3(CO2)3,7.47921523
750,IrF3,7.226740147
751,TaAlO4,44.03198983
752,WBr4O,13.73849596
753,BaNa2O2,21.73087731
754,As2Se3,15.29887048
755,KLi2As,11.11110237
756,CeTh2O6,23.390541
757,BaCO3,7.75315017
758,CrOF3,7.16103539
759,TmTlS2,22.54719977
760,KPrS2,13.21265269
761,B2AsP,9.509083817
762,RbSb,11.90878141
763,SrCeN2,57.01584922
764,Ca3TaGa3(SiO2)2,27.81386735
765,SeCl,7.05321332
766,NaH,20.68123517
767,K2PtS2,8.784518432999999
768,Ga2HgSe4,15.13153719
769,SrHgO2,7.122259382999999
770,CuBiO2,21.75683889
771,YbGeO3,80.78741427
772,BaZnF4,11.89793162
773,NaHo2F7,7.42649926
774,NaCoO2,10.44881906
775,Na3VH6O7,6.884551983
776,RbH2N,10.76383
777,AlP,10.39697712
778,BaBeSiO4,8.85070742
779,BaNa2(SiO3)2,8.074435977
780,PrSF,15.26131547
781,ScSbPt,23.11856014
782,Rb2ZnF4,6.6703428570000005
783,MgCl2O,5.680519237
784,SrBeF4,7.2149714629999995
785,TbAgTe2,20.00664325
786,Mg2TiO4,16.17274267
787,Ca(PrS2)2,20.31367147
788,CaTlF3,90.23204407
789,KBe2BO3F2,5.123926203
790,CaI2,5.9782157929999995
791,CS2NF5,3.314425603
792,Mo(WSe3)2,16.15737356
793,YbS,11.630089100000001
794,Al2Si2H4O9,5.731934933
795,RbBF4,4.770605403
796,Hg3(TeCl)2,21.09264579
797,K2Se3,11.13997248
798,RbCl,6.6225983170000005
799,CaSe,6.228922623
800,YOF,13.80388023
801,NaTmO2,18.5855364
802,KPrSiSe4,10.40716607
803,NaTbS2,13.83120046
804,HfZnN2,35.61493756
805,SrP,12.28233101
806,P2Pd,22.66963047
807,RbNdO2,16.99068084
808,KCuC2,6.935049117
809,BaSr2Mg(SiO4)2,15.55232011
810,Dy3CuSiSe7,17.19159032
811,KMgF3,6.17711273
812,NdTlTe2,22.1706787
813,VCu3Te4,13.50045481
814,LiCuF2,7.058088767
815,PaTlO3,32.9442922
816,FeTeCl7,6.555509777
817,Mg(AlC)2,22.95513924
818,SnHgF6,7.823408562999999
819,Al2PbO4,16.38597946
820,Sr2InI5,57.57815028
821,Ca2PI,11.95144728
822,Y(HO)3,24.21739299
823,TbCl2F,10.06426274
824,Ho2Be2SiO7,11.13752301
825,RbGeBr3,13.84664985
826,LiSbO3,12.43789246
827,PrGeBO5,11.00730951
828,BaBrCl,10.2971332
829,NaAlO2,5.668079217000001
830,NaYS2,13.06621976
831,Xe(OF)2,5.77042269
832,K4HgP2,8.172382067000001
833,ZnTeMoO6,17.14937225
834,Na3Ca3AlAs4,15.98223254
835,LiZnN,18.59925042
836,K2CuP,10.87778172
837,KNa2BN2,9.163976337000001
838,KPF6,4.64381169
839,InBr3,7.801514403
840,SmBi2BrO4,24.63826771
841,SrTa4O,39.8433104
842,KAgO2,6.363347462999999
843,LiTbSe2,19.61180501
844,Tb3GaO6,13.8623671
845,AcCl3,7.9957694429999995
846,ScAgSe2,26.75728830000001
847,Rb2PtCl6,5.651588382999999
848,Pr3SiAgS7,14.98434066
849,Th(TeI)2,9.726187083
850,RbSrCl3,14.90049074
851,TlBrO3,14.79265147
852,Li4MnSb2WO2,25.96234331
853,NdB2H,5.87657383
854,Zn(InSe2)2,12.7233669
855,Li5CuSO2,8.941135003
856,NdCuO2,11.73986469
857,BaAl2(SiO4)2,7.10425046
858,GeBi2O5,30.65774369
859,LiMgBi,20.93782136
860,Li2VGa3O8,7.353961493
861,DyCuSe2,17.42576155
862,ZnSbAsO5,12.7223011
863,LiYF4,7.913230017
864,BaSi6N8O,12.20607426
865,AcBrO,13.07097959
866,Mg(CO2)2,6.24215556
867,Ho2CF2,27.89793748
868,PNO,6.396486143
869,Pr2Be2GeO7,11.56548599
870,NaRhO2,10.11157053
871,MgAs4,17.45232181
872,As(S8I)3,5.645886953
873,KCaBi,13.02767672
874,SrHI,8.491686137
875,LuSF,13.90936017
876,LiNi(CO3)2,6.365892917
877,Te(HO2)2,9.346978202999999
878,Ca3AsCl3,10.30361783
879,Mg(AlSe2)2,8.918138697
880,Al2HgSe4,12.02573221
881,AlICl6,5.79322373
882,NaSnN,13.37060991
883,Si4P4Ru,17.91133787
884,BeBr2,4.19414208
885,SbSBr,56.27760513
886,RbMgBO3,6.026426047
887,Li4WO5,18.92782332
888,Ba2HfS4,31.46334992
889,LiBF4,3.779771237
890,YbBr2,6.938217967000001
891,YN,11.9391752
892,ScPS4,9.285049707
893,NdH3(CO2)3,6.94064564
894,Tl4SiS4,25.62650847
895,NdBr3,8.645358697
896,KBiO2,13.17245823
897,RbCuC2,6.857553492999999
898,KAuC2,6.93689065
899,SmIO,8.903495647
900,Rb2Hf2O5,14.35444577
901,ZrMnO3,29.82941124
902,NaS2,8.552503427000001
903,HgCN2,11.78426307
904,MoCl4O,6.196375043
905,LiB6C,8.59562794
906,TiF4,5.913634943
907,Mn(GaS2)2,9.67227736
908,NaSb(PS3)2,16.0738399
909,BC2N,6.6549552929999995
910,Sm2CdS4,45.2206266
911,ZnS,9.390830687000001
912,KNbSe2,13.01107937
913,CaGeO3,57.44882116
914,ZrC,39.42266695
915,ZrS2,37.88395526
916,KBi2F7,25.17137926
917,BaAuO2,15.70515345
918,SbAsO3,11.01817384
919,CdSiP2,13.55064608
920,KHF2,5.706554092999999
921,Ba(MgAs)2,16.44047932
922,YAgSe2,22.14500034
923,Er2Be2GeO7,13.02543321
924,NaMnCrF6,6.283810022999999
925,LuTlTe2,22.38042246
926,Nd5AgSe8,26.04775307
927,NdIO,11.438552900000001
928,Zn2W3O8,16.22995249
929,SbSeI,48.90396119
930,RbBiO2,11.93834758
931,TmTlO2,60.58201773
932,Tm2O3,18.51745331
933,Na2PdS2,11.67987078
934,NaPH3NO3,5.3710202
935,Na2PdC2,11.13007142
936,NaCrS2,13.09836617
937,Ge2S3I2,5.758997383
938,Th2SeN2,21.82466196
939,Sr(Si3N4)2,13.40824207
940,KCN,6.32415417
941,H3ClO,5.18065024
942,KCl,6.943310143
943,K2LiBO3,8.378579363
944,CeZrO4,43.44649839
945,Li2CeAs2,24.09434255
946,Lu3AlO6,13.06018762
947,HfS2,30.79463633
948,SmSF,15.26074311
949,KAsSe2,9.014979542999999
950,InI3,7.00076326
951,Ba2BiBr,30.93321063
952,NbCu3Se4,7.896995477000001
953,BeCN2,7.14643942
954,NaNO2,4.642000727
955,SiAs2,13.32308132
956,NbOF3,7.69336416
957,TeOF2,14.95652024
958,Yb4Cl6O,8.6163559
959,LiErS2,18.4468277
960,Li5GaO4,7.988423967
961,Li3SbS4,4.57774471
962,SrAl2O4,9.986865123
963,K2Te2Pt,10.68612734
964,TmTlTe2,22.26679498
965,K2S,5.829797162999999
966,PrCuO2,11.82000228
967,Yb(ZnP)2,20.672992800000006
968,BaHBr,8.60541212
969,Lu2CCl2,24.03365594
970,HfBrN,10.87077454
971,Tl2O,27.88264657
972,FePH5CO4,5.462577583
973,Zn4(B2O)3,7.603901957000001
974,Li2BF5,5.45918853
975,CaTi2,10.85179323
976,MoO3,17.64833082
977,BaHgO2,7.67428692
978,Rb3NbO8,8.170341017
979,PbClF,18.38709916
980,CdPbF6,7.992956657000001
981,GaS,8.910812917000001
982,LiTeHO4,11.10643665
983,NiP2,25.85458991
984,AgBi(PSe3)2,21.03345082
985,InSe,10.97119651
986,RbCl,4.735996677
987,BaLiP,25.24557745
988,AlSiTe3,15.75410163
989,SrO,17.53468324
990,MgTlF3,13.31319024
991,Hg3(SF)2,20.21802392
992,SbSI,58.82036228
993,Li4CO4,7.492424152999999
994,NaBF4,4.20554065
995,YBi2ClO4,23.26941727
996,NaDySe2,14.64507794
997,Sb2S3,69.84859293
998,TbBi2BrO4,23.04447229
999,NaCN,5.38128959
1000,MgMnF6,5.9394279270000006
1001,AlCuO2,9.287770933
1002,Y3CuSnS7,16.43698827
1003,HgSe,24.40985334
1004,TlHgF3,48.11507418
1005,Ba3Ti2O7,39.21059122
1006,Pr2PbS4,37.89744436
1007,CS2,3.601430883
1008,Sr2HN,19.66662624
1009,NdOF,13.95504129
1010,Na6BeO4,8.05748319
1011,SiS2,5.476784667
1012,RbH3O2,6.28671246
1013,P2Se5,11.04949231
1014,GaF3,6.582492922999999
1015,ScCl3,7.13125175
1016,Ba(NdSe2)2,22.14153364
1017,AlAgSe2,9.70974285
1018,Ga2PdI8,7.71522067
1019,Cd(HO)2,11.43919169
1020,SmOF,13.76559055
1021,BaTe,27.60746365
1022,V2Te2O7F2,46.440578
1023,MgMnF4,8.770130542999999
1024,SiH8,2.197924827
1025,GeH3Cl,4.521068293
1026,CaB4O7,11.50043188
1027,CaC2,9.685037917
1028,MgTa2O6,65.64340961
1029,RbLiSe,8.125694023
1030,P2S7,6.999982312999999
1031,K4HgAs2,8.543301363
1032,AlAsO4,5.350469503
1033,Ba(InTe2)2,14.40892049
1034,BiAuO2,25.29046501
1035,K2PdCl4,4.771676867
1036,HgCl2,7.723416137
1037,Mg2SnO4,10.96122478
1038,AuI,8.002218417
1039,Hg(ClO3)2,6.101516767000001
1040,NbCoSn,38.40064233
1041,Mn(Sb2O)2,14.08160699
1042,NbFeSb,45.3462256
1043,ScBrO,27.75850123
1044,Li8MnO5F,10.70074613
1045,ThSbRh,28.17726967
1046,Li7SbO6,10.22940308
1047,Ca(ZnP)2,20.7838572
1048,Ga2HgTe4,18.32520964
1049,PCl3,3.782397673
1050,KHoO2,13.79589968
1051,HgI,21.62726375
1052,K2SmF5,6.49501409
1053,Zn(CN)2,3.0370827830000002
1054,NaAgO2,9.576265027
1055,TbTlSe2,21.89592631
1056,DyClO,15.57730815
1057,VF5,3.35670504
1058,K2MnF6,5.835887562999999
1059,Ho3CuSnS7,16.419809400000002
1060,K2NaAlF6,6.087428967
1061,KYTe2,12.90888016
1062,PbO,85.43720004
1063,TbH3(CO2)3,7.253275537
1064,CuBS2,9.511289733
1065,Zn(GaSe2)2,11.44250091
1066,K2Se,5.8189858
1067,Na2MgSiO4,5.402159807
1068,CdBr2,8.144473137
1069,ZnSbF5,14.20740623
1070,YHSe,14.326342499999999
1071,SCl2O,4.04850316
1072,Te2Mo(WSe2)2,9.599084597000001
1073,Rb2NiO2,6.56721686
1074,NaPrS2,17.15087658
1075,CaS,11.53249075
1076,DyTlO2,61.45094938
1077,RbYS2,11.69717154
1078,P4S3,5.343440613
1079,TmBi2ClO4,22.16156365
1080,BaTm2F8,9.347806807000001
1081,Na2ZnGeO4,6.424585877
1082,BaBrF,8.03949071
1083,S5N6,4.85223028
1084,LiTlPHO3,11.19400893
1085,NbCu3S4,6.846643917000001
1086,Ca2AlBiO5,19.59758259
1087,Be4TeO7,7.487163852999999
1088,ZrSiPt,20.70624535
1089,Ba2NCl,27.61395998
1090,HOF,3.422215393
1091,MgS,6.622112123
1092,Zn2GeS4,9.308064023
1093,NaHS,7.602590782999999
1094,HgB4O7,13.86098216
1095,TiCoSb,32.04487921
1096,Zn(HO)2,8.865433587
1097,Rb2LiAsO4,7.123190457000001
1098,TlInS2,34.65795039
1099,RbLiCrO4,5.632870593
1100,MnTlF3,25.6479693
1101,ZrPdF6,7.492536397
1102,SrAuO2,14.13093739
1103,Rb3BiSe3,8.048054263
1104,KAlSiO4,6.161489992999999
1105,Cd3AsI3,10.48423525
1106,Li2VBO4,10.40243449
1107,CdSO4,8.927404433
1108,CoSnC4Cl3O4,4.0638759030000005
1109,SiBi2O5,31.37414088
1110,Al2ZnTe4,11.05856045
1111,CdBiS2Br,34.89426695
1112,ErTlS2,22.46168876
1113,RbAs,11.59916346
1114,LiYbAlF6,6.26009753
1115,Mo2H2O7,16.56522712
1116,Pd(Se3Br)2,12.14060531
1117,Li2GeF6,6.43143116
1118,Tl3PO4,13.37303678
1119,Yb(PrS2)2,19.42625103
1120,SrTiN2,28.81204014
1121,KYGeS4,10.01037788
1122,LiV(PO4)2,17.28117636
1123,YCuO2,10.64886448
1124,AuBrF6,4.745545267
1125,Na2ZnSiO4,6.02834599
1126,VCuO3,10.50094796
1127,Mo3W(SeS3)2,8.878197157
1128,LiCdBO3,7.524535377
1129,KPrTe2,14.53694685
1130,H4IN,6.864023697
1131,H4CN5Cl,4.43581415
1132,LuAgO2,10.19554528
1133,SnPSe3,37.42582079
1134,CaMgNiH4,33.80039795
1135,YbTe,12.39396733
1136,TbTlS2,22.31619722
1137,TiTl2F6,17.85816868
1138,B2O3,6.40166319
1139,K3ClO,22.64397761
1140,Y2Be2GeO7,12.78160651
1141,RbInTe2,10.96523992
1142,Hf2SN2,23.55012066
1143,GaI3,6.102561947000001
1144,ZnPtF6,5.99506889
1145,MgSiO3,15.23737469
1146,NaLiS,9.28360014
1147,Rb2PbO3,9.469340537
1148,TmBi2BrO4,21.78374486
1149,Li3N,12.97144944
1150,NbI5,28.58966259
1151,BSb,12.06803679
1152,Lu2(CN2)3,9.13843718
1153,HgN3,13.78438153
1154,Ca(HoSe2)2,15.51852648
1155,KAlF4,8.455712923
1156,Ga2Te5,25.66945447
1157,K4CO4,9.441520767
1158,HfNCl,10.92464794
1159,Li3NbO4,17.38146656
1160,GaTeI7,11.19972429
1161,Rb2HfF6,7.017541317
1162,KNa(BH4)2,4.62348052
1163,BaHI,9.438144263
1164,UF5,5.74349108
1165,SmOF,12.45879123
1166,Yb4Sb2O,30.08105473
1167,ErTlSe2,21.91978892
1168,Na4SnS4,8.403716142999999
1169,Ca3CdO4,15.45727419
1170,K2ZnF4,7.51400807
1171,ScAuO2,14.49010209
1172,Mg2H2O3,8.26440198
1173,Rb2BeF4,5.977042772999999
1174,CdHClO,8.468006547
1175,IrI3,8.393084193
1176,LiGaS2,7.768115527000001
1177,ThSeO,24.96586965
1178,K2HgO2,6.09547149
1179,Ga2PbO4,20.20564954
1180,K2PbO3,8.83007989
1181,AsCl3,4.4855147230000005
1182,TbF3,10.37454918
1183,PbIBr,37.25454598
1184,Si3H,9.249153327
1185,KTmO2,13.09974497
1186,Li2MnPO4F,11.2944325
1187,Nb3Sb2Te5,26.959521000000002
1188,H(CO)2,7.597760813
1189,Rb2O2,5.69304104
1190,CuB(CN)4,3.33623616
1191,Ca3AsBr3,10.70150225
1192,Hg2P2S7,13.50287561
1193,HfZrO4,30.76805217
1194,Er2TeO2,14.98751248
1195,Mg(ReO4)2,4.634651437
1196,TaBe2Rh,53.07936492
1197,Sm2SO2,13.76637989
1198,B2S2O9,5.27265586
1199,CdS,9.082461277
1200,Na4CrO3,13.14048952
1201,Cu2WS4,6.39016867
1202,Ag3P,12.26241393
1203,LiTmO2,35.78219521
1204,RhBr3,7.6721981470000005
1205,Rb2Se,5.867829072999999
1206,Ga2TeSe2,10.24301272
1207,TiZnF6,9.385845807
1208,LiGaSe2,8.70514665
1209,YbSe,7.682771702999999
1210,BiI,18.24201314
1211,SnC,18.86370068
1212,K4Au6S5,7.927855
1213,RbCaCO3F,7.49873483
1214,TbCl3,8.378738223
1215,SmH3(CO2)3,7.028901042999999
1216,B2S3,7.526876722999999
1217,Mg(BeAs)2,19.87082783
1218,K4I2O,6.51598409
1219,Na6MnTe4,10.10331798
1220,RbSmTe2,13.89030549
1221,TlN3,17.55038436
1222,HgHOF,8.960491583
1223,Bi2Se3,71.85511212
1224,Mg2PN3,9.52957279
1225,SrHBr,9.14181288
1226,TbBi2ClO4,24.41884865
1227,W3(Se2S)2,12.47484202
1228,Zn2Sb2O5,23.3863586
1229,LiZnPS4,7.7645116970000005
1230,MnTeMoO6,19.14946754
1231,NaSbS2,27.32413729
1232,Rb2ZrCl6,6.954445437
1233,LiSbTe2WO2,25.8860882
1234,Zr(MoO4)2,12.43962973
1235,KSbS2,17.17154496
1236,AgH,12.49922984
1237,CrBiO3,36.40369247
1238,HgPbF6,10.12830641
1239,MgI2,7.8126482170000005
1240,Rb2Te,5.704429287000001
1241,AlF3,4.974540037
1242,ZnC2S2(OF)6,4.169075397
1243,MgGeN2,9.296313753
1244,YCl3,5.80258396
1245,BaAl2O4,11.63411995
1246,Nd2SO2,14.04345114
1247,BH6CN3F4,4.31699685
1248,Rb2GeF6,4.717518473
1249,Sm2PbS4,36.84663398
1250,NaNbS2,12.67498431
1251,TmBrO,8.8060622
1252,Ti3MnO8,44.17577236
1253,YbI2,5.95331434
1254,TmAg(PSe3)2,13.14505135
1255,Zn3CdS4,9.707550633
1256,NaAuO2,8.174796057
1257,LiInTe2,10.39650087
1258,MgO,10.28395886
1259,LuSBr,10.28437924
1260,K2Se5,12.27983559
1261,HgSeO4,13.85494106
1262,Ca2SnN2,19.85457365
1263,HS7N,4.654287343
1264,BaSr3O4,32.00546082
1265,AgNO2,8.074438642999999
1266,SrGaSiH,21.2042703
1267,Sr(MgAs)2,14.963215
1268,TiSnO4,56.42953065
1269,ZnPdF6,6.923479102999999
1270,Pr3AgGeS7,15.53591276
1271,HfBrN,15.21109721
1272,Zn4B6SeO2,7.99053673
1273,BiSeCl,33.26210446
1274,SnS2,11.08031439
1275,LiYSe2,21.13414658
1276,VCu3S4,7.73878981
1277,Sr(BiO2)2,15.61220905
1278,K3AsSe3,7.7491184429999995
1279,NaSrP,17.66163706
1280,Zn3(PS4)2,9.112843983
1281,LiZnP,16.94261021
1282,BNCl2,3.295715173
1283,SrAlSiH,19.360356200000002
1284,RbAcTe2,29.37432327
1285,NaLi3(H2N)4,5.511186837
1286,SrC2,9.264086467
1287,WOF4,4.661674503
1288,Ca4P2O,27.78239711
1289,LiAlSe2,7.345551697
1290,Na2Se,7.015214267
1291,Nb3TeCl7,8.155889853
1292,InGaS3,11.84413064
1293,DyCl3,8.42314201
1294,KGeNO,8.020194542999999
1295,TiZnSiO5,14.88492673
1296,NdZnPO,19.8049837
1297,KUO3,18.20930337
1298,InPbCl3,16.1642125
1299,YTlTe2,21.36153645
1300,IO2F,12.65833563
1301,Tb2YbS4,19.81191176
1302,Pr2SeO2,14.31887083
1303,FeN3ClO3,3.851043633
1304,RbI,6.864221153
1305,Rb2Pd3S4,9.990683423
1306,NdBi2BrO4,26.38893268
1307,RbDyS2,12.21271506
1308,MgSnP2,12.32189586
1309,SiSe2,6.71755444
1310,Zn(SbO3)2,26.91424239
1311,ErBi2IO4,23.146668899999998
1312,DyTlTe2,22.22781405
1313,BaHCl,8.282014687
1314,KNbS2,12.01320738
1315,Bi(BO2)3,9.38024513
1316,HoTlSe2,22.16787558
1317,RbLiS,8.165107197000001
1318,AlSbO4,11.15977978
1319,LiNbS2,15.17258847
1320,Na2GeO3,6.045799923
1321,P2Pd3S8,7.83841517
1322,TeWSe,8.239134647
1323,LiCaAlF6,6.324763167
1324,BH3OF4,4.560118237
1325,ErZnAsO,27.49991481
1326,RbHoO2,14.78859529
1327,YbB4O7,11.58743941
1328,SnB4O7,19.47328281
1329,Ba2SbAu,30.96343603
1330,Ge2N2O,8.271815617
1331,Pr2AlNO3,29.13951311
1332,FePb2(CN)6,11.61782732
1333,Rb2O,9.343733027
1334,NaScS2,15.81649874
1335,KPH2SO3,6.041055737000001
1336,BaLiAs,23.77655311
1337,LiAgC2,5.948216907000001
1338,MoW2(SeS2)2,11.73028069
1339,KNdGeS4,10.09425487
1340,BaZnSO,14.83947863
1341,LiVPO4,10.91170452
1342,NaGaO2,6.479481252999999
1343,KSrCO3F,10.90975562
1344,Mg2ZnAs2,26.250516100000002
1345,NaInS2,15.33811522
1346,GeSe2,12.46266074
1347,BaHfO3,34.37437392
1348,BaAlSiH,19.72368278
1349,BaSe,12.93553811
1350,SbTeI,39.12560559
1351,Li3BePCO7,8.32395203
1352,ZrZnN2,40.14137277
1353,Li2Si3NiO8,8.698809763
1354,P4S5,6.577460792999999
1355,BaMgO2,11.38578872
1356,Li2GePbS4,43.18203277
1357,Sr7(HCl)2,9.384166637
1358,As2PbO6,17.14099649
1359,VO2F,7.184457983
1360,NbBr2O,16.70984772
1361,SrSiO3,22.66490922
1362,KErTe2,13.49956449
1363,RbHF2,5.7392505929999995
1364,Cd(GaTe2)2,14.00759954
1365,BaI2,11.47992024
1366,Rb2SnO3,25.29118482
1367,TiGeO3,33.11063307
1368,NaSrAs,17.92271941
1369,LiDySe2,19.31958004
1370,CS2NClO2,4.187058113
1371,AgI,17.93332337
1372,BaGa4S7,13.140264800000002
1373,Ca2AsI,12.2304541
1374,Ag3AsS3,16.32828262
1375,KAgC2,5.5266853
1376,FeSeCl7,7.1323492029999995
1377,K2S5,7.518846673
1378,W2Se3S,8.77684882
1379,KSmS2,12.81398316
1380,CuSe2Cl,61.79307053
1381,As2SO6,12.68369762
1382,TlI3,21.49467331
1383,RbErO2,14.488408300000001
1384,BiIO,44.04984544
1385,Tl3VO4,20.7419412
1386,SmTlSe2,21.87878772
1387,Li2CrO4,8.104254947000001
1388,RbPbCl3,16.98457945
1389,Ga2TeS2,9.568186500000001
1390,NaDyS2,13.67948092
1391,K2Cu(ClF)2,6.58013883
1392,Al2Si2H4O9,5.73220006
1393,MgBr2,6.301647827
1394,KNaThF6,7.581865367000001
1395,Cd(InTe2)2,14.68417968
1396,SnICl,43.02801564
1397,Tl2Sn2S3,74.97810296
1398,K2NiO2,6.3239129929999995
1399,BaBe2Si2O7,9.0276864
1400,KNdO2,15.796728400000001
1401,Sc2CCl2,24.30812643
1402,YCuO2,10.64649139
1403,Br2O,13.92284279
1404,KCrS2,11.31338057
1405,CoCuO2,15.44788686
1406,RbMgF3,5.931642233
1407,InBr,31.79081174
1408,MgAgF3,16.42455889
1409,InClO,7.90380082
1410,NaCdF3,5.907417013
1411,NdBrO2,13.48366826
1412,BaCaI4,13.27460054
1413,CuCN,4.665180463
1414,DyTlSe2,21.91973437
1415,Ba2CuBrO2,7.81574806
1416,Pr2PbSe4,40.29584594
1417,YbMgNiH4,45.94947588
1418,RbAlF4,6.485016432999999
1419,Li4TiS4,6.71363792
1420,MoSe2,9.75331545
1421,NdTlSe2,21.80147588
1422,BaB2F8,6.464655183
1423,LiYF4,8.540113817
1424,AcBr3,8.40627273
1425,Au2O3,10.41153942
1426,Au7I,18.81689856
1427,BaLiH3,14.67460041
1428,GaBr3,4.849691383
1429,Na2SiO3,5.381892167
1430,BaCl2,6.94656705
1431,AgClO3,11.92985436
1432,H2O2,3.70294508
1433,Zn(InSe2)2,12.37789253
1434,K2SiF6,4.726654917
1435,KTbS2,12.35287089
1436,Sr2H6Ru,10.46852853
1437,KH8N3,6.0007568
1438,BCl(OF2)2,5.999822127000001
1439,HfTeSe4,52.74297634
1440,CaH2(BrO3)2,6.89459413
1441,CaH2(ClO3)2,6.8983138429999995
1442,Rb2Zr2O5,20.04110317
1443,NaTlO2,14.49525103
1444,CaH2,30.62367973
1445,SrBe3O4,8.58982188
1446,ZnCoF4,15.76415606
1447,Er2SO2,13.4023581
1448,HgSO4,13.16547199
1449,NaCaAs,10.29981316
1450,ZnO,28.823672499999997
1451,SrB4O7,9.35566496
1452,Li2TiTeO6,20.34016171
1453,Rb2H6Pt,5.196651313
1454,ZnPS3,15.87972092
1455,Ag3SI,15.52268797
1456,PdBr2,7.2987993829999995
1457,Hf(B2H3)2,3.13320959
1458,BiClO,38.18585871
1459,RbSrCO3F,6.926787462999999
1460,AlCuO2,9.28293579
1461,LiGaO2,16.57965896
1462,Tb3BWO9,15.243229300000001
1463,KBrO3,6.48581625
1464,BeSiAs2,11.77608812
1465,DyZnPO,19.214550699999997
1466,NaF,4.789475273
1467,Cd(GaSe2)2,11.465290699999999
1468,TeRhCl,15.74063326
1469,K2NiF6,4.748847077
1470,NaPrSe2,15.88218408
1471,SbIrS,21.82249657
1472,RhCl3,6.23493563
1473,TiCdF6,8.316549363
1474,LiAuF6,5.54765263
1475,IOF3,8.576254273
1476,CdPS3,11.42220869
1477,Cd(InSe2)2,12.07783652
1478,Li2TeO4,9.181754032999999
1479,Hg(BiS2)2,44.83889437
1480,Li3VO4,6.60308073
1481,BaTe,12.37058757
1482,BaAl4S7,12.07415659
1483,Ca2BrN,13.21443208
1484,Y2Be2SiO7,11.20003757
1485,RbSmS2,12.7440425
1486,Sr2CdAs2,19.04268766
1487,LiAsF6,5.281243213
1488,BiSeBr,32.80212771
1489,KNiIO6,8.36797913
1490,RbV(CuS2)2,9.078660693
1491,KErS2,11.88430902
1492,LiH,16.09133873
1493,Li2CdGeO4,7.5799073329999995
1494,NaLuS2,12.782775599999999
1495,Nd5AgS8,23.22741925
1496,KLiTe,8.1179141
1497,HgF,14.83790391
1498,Pd(SeCl3)2,7.057740857000001
1499,SnF2,17.52394904
1500,BaBeF4,19.60410202
1501,H6CNF,4.00862545
1502,Zn4P6N2O,9.01585663
1503,BaSi4O9,8.04228705
1504,Rb2PtS2,8.470586887
1505,BAsO4,7.26120294
1506,LiMnO2,12.5370909
1507,KCaSiHO4,9.4114463
1508,AgHgAsS3,20.47178739
1509,Ta(TeBr3)2,15.11547846
1510,BPS4,5.920284082999999
1511,K3BrO,11.64874921
1512,YBi2IO4,23.67618466
1513,K4CdP2,8.118066512999999
1514,Sm3CuSiS7,15.06113196
1515,GaP,12.79608896
1516,Er2O3,18.8800557
1517,MgPSe3,9.847166403
1518,TcS2,14.76174387
1519,Tl2SnF6,17.41704342
1520,PbCN2,34.8965271
1521,Ca3AsN,36.00067049
1522,Ge2N2O,7.7992797629999995
1523,Li2NiPO4F,8.941787193
1524,K3IO,8.414794237
1525,KSmTe2,14.24375316
1526,SrBrF,8.459242307
1527,NaGe2N3,9.824491317
1528,KPrO2,16.55684829
1529,CaO,8.976461223
1530,Ca2SiB2O7,9.207972032999999
1531,K2ReF6,6.19200355
1532,SiPbO3,94.92273669
1533,KInO2,10.17987668
1534,NaPN2,9.609452357
1535,Be2C,15.4193905
1536,Mg(BeN)2,12.26960824
1537,AgB(CN)4,3.1758860230000003
1538,BrO2F,4.84486043
1539,MgGeO3,23.72366138
1540,Cd(CN)2,4.4260406869999995
1541,Li8TiMn3O2,23.06049382
1542,Dy5AgS8,23.51429378
1543,Mg(BeP)2,18.27088926
1544,IrBr3,6.631030572999999
1545,Sn(WO4)2,8.69942303
1546,Cd2BiAsO6,16.13244939
1547,K2ErF5,6.230280913
1548,CaZnSe2,9.02764933
1549,ScCoTe,26.0985553
1550,Mo3(Se2S)2,13.40783254
1551,AsI3,18.51287726
1552,Sr2SbAu,28.63163375
1553,KHoBeF6,6.916576663
1554,Tb3CuSiS7,15.45370034
1555,Dy2PbS4,39.01402314
1556,Na6ZnSe4,9.290805667
1557,Li3CuF4,6.22836043
1558,Ba3Bi2F2,12.33224277
1559,Ho2SeO2,13.77648436
1560,HfFeCl6,7.9535385629999995
1561,Pt(SCl3)2,6.50892826
1562,KGeBr3,39.70546803
1563,BaO2,13.114394
1564,KF,8.107269663
1565,Ca(SbO3)2,13.75697875
1566,NaCrSe2,14.95738703
1567,KC2IN2,5.3868228270000005
1568,Mg(InTe2)2,13.43607783
1569,KYS2,11.65894383
1570,Mg(HO)2,8.5497309
1571,GaAgS2,10.68426174
1572,Ca(NdTe2)2,24.22088674
1573,RbMnF3,8.89062425
1574,CClF3,2.487496293
1575,KZnF3,8.97834631
1576,CdSnF6,6.286820252999999
1577,Li3Sb,22.78738926
1578,Mg3NF3,8.63349688
1579,HoSI,9.997424853
1580,PtI2,12.66190291
1581,MoW3Se8,9.01493119
1582,KNdS2,13.15567714
1583,H8(NO2)3,6.97121736
1584,PrHSe,14.78104252
1585,TlCl,16.06653309
1586,NaSbO2,17.02162068
1587,NaNbSe2,14.09472147
1588,LiYMo3O8,15.47916765
1589,S2N,5.39063789
1590,LiHF2,8.98312816
1591,Tl2ZnI4,12.64678828
1592,AlF3,4.112203223
1593,AlTeI7,9.960249753
1594,BiSI,37.66259687
1595,Na2AgAs,19.46289443
1596,SmAgO2,10.92671321
1597,IBr,17.40738524
1598,LiSbO2,9.75080701
1599,Ca(MgBi)2,21.61586272
1600,GeS2,9.443610967
1601,ErTlTe2,22.24302801
1602,KrF2,4.175121807
1603,Ba(MgSb)2,16.76867551
1604,BiBrO,38.71160951
1605,UN2,76.75502814
1606,DyAgTe2,19.9562044
1607,YI3,7.396074583
1608,NdClO,13.87993984
1609,Ba2AsAu,34.76169025
1610,LiMn(CO3)2,6.824971907
1611,AlSCl7,6.107119493
1612,Y2TeO2,30.58377711
1613,K2MnF4,9.648506147
1614,NaH,9.58532777
1615,YBrO,8.163694337
1616,Rb4SnO3,8.945281762999999
1617,BaO,43.04076591
1618,SmTlTe2,22.07999162
1619,TiSiPd,27.06540942
1620,Sr4P2O,40.49527008
1621,NbBiO4,24.25211049
1622,Pr4S3NCl3,15.32856255
1623,HoClO,15.83427668
1624,BiSBr,34.58291019
1625,RbTmS2,11.85894115
1626,CaZrSi2O7,11.66405486
1627,SO3,6.59062735
1628,ZrCoBi,30.74445283
1629,NaAlO2,8.35203379
1630,GaCl3,4.40642843
1631,Dy3CuSiS7,15.61065582
1632,S(IO3)2,22.79511609
1633,MgMoN2,16.04115138
1634,SrAl2B2O7,5.373421962999999
1635,Sr2IN,14.79243497
1636,Sr(ZnP)2,20.08094973
1637,LiErO2,24.1007435
1638,K2AgAs,11.48194873
1639,ZrBrN,16.9589575
1640,Rb2ZrF6,7.431305297000001
1641,Ca2SiO4,15.92179128
1642,CdBiClO2,15.3458598
1643,ZrS3,11.07007842
1644,Y2SeO2,36.93257242
1645,Sr2H3I,11.69332519
1646,Ag2HgI4,10.1768728
1647,PbCl4,6.14026589
1648,K6CdTe4,7.717683937
1649,AlSbI6,6.814922967
1650,KPrGeSe4,11.09493718
1651,Li4MnSi2O7,6.602798182999999
1652,Na2BeF4,4.067304023
1653,BaSiCl,10.47515483
1654,NaErSe2,14.28903209
1655,Sm2PbSe4,39.72078743
1656,TlBr,15.95867958
1657,BaZnCl2,27.60249987
1658,SrH2,25.35576848
1659,YBi2BrO4,22.63971433
1660,Mo3WSe8,11.28484442
1661,TiBrN,52.1144348
1662,Ba(H2O3)2,25.58437324
1663,Na3MoNO3,5.201163793
1664,HgBr2,12.34510952
1665,PtO2,10.62724012
1666,PrBr3,8.945519073
1667,SrCa(CO3)2,8.221667303
1668,TiSnPt,27.02382756
1669,TmTlSe2,22.16347489
1670,BiI3,13.322247899999999
1671,NaBr,6.12595257
1672,UCO5,7.2529806070000005
1673,LiCrO2,15.78970913
1674,TaCu3Se4,7.404286267000001
1675,Bi3BrO4,32.40885072
1676,NaSmS2,14.43969422
1677,BeS,7.262600077
1678,As2Ru,38.08019867
1679,KI,7.77328256
1680,KAuSe2,11.34711103
1681,BaNaH3Pd,14.86427534
1682,NaDyO2,19.64501855
1683,ZnNiF6,8.239157573
1684,LiNbO3,38.83529179999999
1685,KTlO,9.798876147
1686,PdF4,6.13590157
1687,AgCl,11.77912256
1688,LiCrP2O7,13.601598699999998
1689,CoHgC4(SeN)4,8.115630017
1690,KBi(PS3)2,19.89944166
1691,Na2ThF6,15.85176825
1692,RbBaSiHO4,8.857937207
1693,ScCuS2,20.35073179
1694,Li2H2SeO5,4.40725648
1695,K3Ta3(BO)2,34.768600299999996
1696,MnH4(BrO)2,8.784183373
1697,LiTa2CuO6,62.04039381
1698,Al5CuS8,11.45092482
1699,Zn(GaS2)2,9.484544063
1700,Ga2S3,10.51376838
1701,ZnGeN2,10.92260617
1702,CdI2,10.9824448
1703,KCl,4.69523077
1704,SmTaO4,40.75592079
1705,KErO2,13.446516399999998
1706,Li2NbOF5,9.180851533
1707,CaSnF4,33.18502182
1708,P4PtF2,3.459717173
1709,SNCl,6.46464208
1710,Zr3GeO8,24.24994596
1711,LiC,6.201937997000001
1712,K2PAu,12.84551126
1713,LiSb3P2,16.95177555
1714,KBaSiHO4,8.744401822999999
1715,Mg3(HO2)2,8.969744853
1716,NdBi2ClO4,27.85971682
1717,Na4S2O5,7.310502483
1718,Na2CN2,6.298395693
1719,RbTlO2,14.10716325
1720,LiHF2,8.871342643
1721,LiLuO2,26.71583934
1722,Ba2BiAu,29.5626838
1723,Li6FeO5F,11.85876144
1724,Ca4Al6O3,15.30320504
1725,UCdO4,23.91138217
1726,KTeHOF4,7.57160455
1727,WSe2,12.74869378
1728,SrCuSeF,13.76987002
1729,Sm3SiAgS7,15.5689604
1730,NaMgSb,17.39816117
1731,Yb(NdS2)2,19.39341759
1732,Nd2Be2SiO7,10.72104689
1733,Ga3PO7,9.58527949
1734,ErSF,15.74069247
1735,Rb2LiVO4,7.270184587
1736,LuIO,13.50026234
1737,ClO3,26.5813521
1738,AlH3,11.19454073
1739,NaInO2,10.40098558
1740,HgS,16.54241747
1741,BaCrF5,8.211602087000001
1742,NaNiIO6,9.277591787
1743,RbI3,8.580395223
1744,Zn(InTe2)2,14.92163323
1745,Li2ZrTeO6,21.26254994
1746,SmZrF7,7.5982303170000005
1747,LiAuO2,8.137167433
1748,SbAsO5,8.413675317000001
1749,Al4C3,17.64895946
1750,LiScMo3O8,17.12904897
1751,GeI2,16.52474428
1752,AcTlTe2,61.97123039
1753,AgCl,27.29208898
1754,CdPtF6,5.54962624
1755,Rb3NaBe2F8,8.718393153
1756,TiMn3O8,25.56660019
1757,LiMgH3,11.03791897
1758,LiCuSi2O5,6.85844081
1759,LuTlS2,22.6817535
1760,K2Pb2O3,10.64838843
1761,Ca2Ge,19.61368043
1762,Yb4As2O,27.86350523
1763,Sm3CuGeS7,15.92256181
1764,GaCuO2,10.1735538
1765,LiInP2O7,6.5006621529999995
1766,RbYbF3,9.457399727
1767,NaHF2,5.08352885
1768,BiSbO3,36.85398548
1769,CdTeMoO6,24.73932198
1770,VCu3Se4,9.086313393
1771,K2GeF6,6.02380869
1772,NaBrO3,6.319251832999999
1773,Y2SO2,13.796965400000001
1774,KClO3,5.411215917000001
1775,CaPtF6,5.021252377
1776,SrClF,8.102268177000001
1777,Tl3AsS3,22.52137638
1778,TiNCl,59.67102917
1779,Cd(GaS2)2,9.726307712999999
1780,SrS2,9.696951877
1781,Li2CrP2O7,7.13046542
1782,HoTlS2,22.405473699999998
1783,GaSeBr7,9.896126037
1784,HgNO2,9.540006083
1785,FeCl2,9.751804923
1786,NaLuO2,18.69309633
1787,ReNCl4,8.65643482
1788,MnAlF5,8.440538343
1789,CSO,2.842325527
1790,KCN,4.303168617
1791,K2PdF4,4.724357503
1792,TiSiPt,24.08956342
1793,PdI2,18.88050485
1794,Zr(MoO4)2,17.63869234
1795,Yb(YS2)2,20.18713968
1796,HoF3,10.66306599
1797,Li2CeN2,27.20442755
1798,PbI2,16.35753487
1799,SiS,3.07402884
1800,Pr2TeO2,20.19301031
1801,KF,5.326645997
1802,Al(IO3)3,9.214961792999999
1803,Ho2SO2,13.48343422
1804,Li2PNO2,6.41406697
1805,XeO3,15.80859506
1806,PrIO,11.34516571
1807,H5CNO2,4.68325187
1808,RbAuC2,7.78674068
1809,KAcTe2,25.33405067
1810,RbPbBr3,18.91706936
1811,NdTlS2,22.53596311
1812,NiPbF6,12.38314833
1813,TmClO,8.29258839
1814,BeI2,4.92848058
1815,AlAgO2,9.510939833
1816,Zn(SnO2)4,11.64577894
1817,Bi2PbSe4,72.64734441
1818,KHO,7.587922637
1819,KYO2,13.61595174
1820,Mg3Si2H4O9,5.530118107000001
1821,Dy2Be2GeO7,12.58162113
1822,RbAgO2,6.296708967000001
1823,Ba2YF7,12.564817300000001
1824,Na3ScF6,23.5746761
1825,Ga2PdBr8,5.874481482999999
1826,Rb2HgO2,6.334228467000001
1827,AlN,19.60535719
1828,H2C5N2O,4.1695893669999995
1829,LiV3O8,26.23595658
1830,K2CuSb,11.93569873
1831,LiScS2,20.48829889
1832,Cu2SO4,7.014544127000001
1833,LiNbSe2,16.65865226
1834,Mg5(HO3)2,9.421073032999999
1835,HoTlO2,60.44803881
1836,NaLi2Sb,16.79963095
1837,Rb2S3,6.782886992999999
1838,KSmSe2,13.29950811
1839,NdCuTeO,18.61082114
1840,HgBr2,12.52271342
1841,RbErS2,12.03259288
1842,PAuS4,7.7432554829999996
1843,SeOF2,5.126514387
1844,K4Br2O,8.223391337
1845,Ta(ICl)2,8.158932453
1846,LiI,13.12212758
1847,Li3BrO,11.61926683
1848,TbSF,15.47936033
1849,AgBrO4,10.13123663
1850,ScIO,17.93777778
1851,LiAlO2,11.7814599
1852,Li2AlVO4,8.577180373
1853,Th2HN3,39.85421006
1854,HfS3,10.82650653
1855,Al3GaN4,8.881148297000001
1856,Sm3BWO9,15.00144459
1857,ZrSiPd,23.06604009
1858,RbPrSe2,13.38296939
1859,Pr5AgSe8,27.64564248
1860,KLiZnS2,9.97673657
1861,Pd(Se3Cl)2,10.34318225
1862,Sr(AlCl4)2,4.804276933
1863,Dy2TeO2,22.368822199999997
1864,HoBi2IO4,23.43411575
1865,S3(NCl)2,12.02455234
1866,NbCl4,7.701924667
1867,Ca(MgSb)2,17.01480248
1868,SnH8(CI)4,3.98250553
1869,ErTlO2,61.44856927
1870,K2Mg2O3,7.415713767000001
1871,SmBi2IO4,25.57157405
1872,Cd(CN)2,3.38847737
1873,CdCu2SiS4,10.2566435
1874,NaTbSe2,14.742213000000001
1875,Sr3TaGa3(SiO2)2,14.62413016
1876,MgSe,18.43250749
1877,Nd2TeO2,20.43342483
1878,BaHfN2,26.49184018
1879,BeSnAs2,16.8556198
1880,NbTlBr4O,15.44005229
1881,AlAgTe2,11.15420854
1882,YbC2,10.05293767
1883,KSmF4,7.23678556
1884,Ca(PrTe2)2,24.0468781
1885,Ca4Mg3H4,13.896863
1886,SiF4,2.488460073
1887,RbCaSb,11.14415595
1888,KMgH3,9.163363193
1889,Li7SbO6,9.498937817
1890,TlS,52.11718522
1891,MgSiAs2,12.44483108
1892,Tm2SeO2,33.81128366
1893,B4PbO7,15.7027925
1894,ZnCdSe2,12.76562517
1895,TeO2,21.78084096
1896,Ba(BS2)2,9.077241077
1897,RbLuS2,11.55948021
1898,MgSiP2,11.07896261
1899,Nd3SiAgS7,15.20534411
1900,RbAlF4,6.231222002999999
1901,KH,7.26146385
1902,TlGeF3,19.76992555
1903,Ca2H3Br,14.27487131
1904,MgPdF6,5.38583679
1905,AsF3,5.36943926
1906,BiTeI,27.15547019
1907,TlCd(NO2)3,10.14432385
1908,TaCu3Te4,9.74702009
1909,SbF3,13.25159094
1910,CeO2,28.25864167
1911,CaNiF6,6.177606127000001
1912,Ba2H6Os,10.78847512
