,pretty_comp,gap expt
0,SrLaMn2O6,0.0
1,PbO2,1.4
2,YbCe2CuS5,1.37
3,Zn0.15Ga0.85As0.85Se0.15,1.47
4,Si0.98Ge0.02,1.08
5,CdCu2SnS4,1.37
6,Ba2FeReO6,0.0
7,Sn0.35Te0.35Pb0.65Se0.65,0.09
8,SrSiPd,0.0
9,Lu2Mo2C3,0.0
10,Cd4Sb2I3,1.83
11,Cs3Bi,0.55
12,Ba6In2NF,0.0
13,Fe(PdSe)2,0.0
14,Sn0.1Pb0.9Se1,0.08
15,KBr,7.6
16,ZnAs2,0.9
17,Bi2SI2O11,3.74
18,Rb2Hg(PSe3)2,2.32
19,Ni2Ge,0.0
20,CdSnO3,3.0
21,Sm(SiNi)2,0.0
22,Ce2S2O,0.0
23,Ba4Ga5Si18,0.31
24,Cd5Ga2(Te3S)2,1.29
25,Cd4As2Br3,1.78
26,Sn0.001Te1Pb0.999,0.18
27,CoSbS,0.11
28,UP2S7,1.41
29,BeSiRu2,0.0
30,ZrTaN3,1.72
31,Ba7(SnS3)5,2.29
32,LiBePt2,0.0
33,ZnSnAs2,0.6
34,Ta3P,0.0
35,Zr2Al,0.0
36,MgSiN2,4.05
37,Li2Mo2Se2O11,3.3
38,Mn2GaW,0.0
39,Pd(IO3)2,1.31
40,BiSeBr,1.5
41,Tm2Ga10Os3,0.0
42,Cu8O,0.0
43,B3Pb10Br3O13,3.25
44,Li2SiHgS4,2.68
45,Pm2PtAu,0.0
46,In3CuS5,1.2
47,La16Mn15O48,0.0
48,Ba2ZnTe3,2.1
49,RbPSe6,2.18
50,Te0.6Se0.4,0.7
51,In1Sb0.99As0.01,0.35
52,Li2In2SiSe6,2.54
53,Mg3Sb2,0.8
54,Pr4Sb3,0.0
55,AsRuS,1.2
56,Ce1.3Lu0.7S3,1.25
57,Eu3Sb4S9,1.2
58,BRh2,0.0
59,Tb(InS2)3,1.2
60,U2AlCo3,0.0
61,Cd0.04In0.96Te0.04As0.96,0.69
62,La2Ge5Ir3,0.0
63,Li2ZnSnS4,2.87
64,BaGa4Se7,2.64
65,NdSnRh,0.0
66,Sm2CuAs3O,0.0
67,Sb2Ru,0.3
68,Ba3InS4Cl,3.42
69,LiGeRh2,0.0
70,SrZr2Nb,0.0
71,Al2(CuSe2)3,0.0
72,Hf5Sb3,0.0
73,CsMnSb,0.0
74,ZnIrO3,0.0
75,Cs4BiAs3Se7,1.02
76,Sr5Sn3,0.0
77,CsBi3Se5,0.43
78,Zr5Al3C,0.0
79,Rb3Li4(BO2)7,6.53
80,YbPr2CuS5,1.25
81,Ho3AlC,0.0
82,Tb(GeRh)2,0.0
83,CaZn3,0.0
84,Cr2S3,0.9
85,LaBeB3O7,5.65
86,Ge0.05Te0.95Pb0.95S0.05,0.4
87,Li3Dy,0.0
88,ThU8O18,0.0
89,Cr4As3,0.0
90,Ca2SmTaO6,3.45
91,BaReH9,3.44
92,Zn0.01Ga0.99P0.99S0.01,2.25
93,Cu(NO3)2,0.0
94,NdBi,0.0
95,Al0.3Ga0.7As1,1.81
96,Ag3RuO4,0.0
97,Rb2Ti(AgS2)2,2.33
98,Ca(BIr)2,0.0
99,Cd1Hg6.5As4Cl6,1.86
100,Ga4Cu2Te7,1.08
101,Bi2I4O13,3.3
102,DyAgGe,0.0
103,HoMgAu2,0.0
104,PmSnRh2,0.0
105,Dy2ZnIn,0.0
106,Tl3Cr,0.0
107,Ba3La3(Cu3O7)2,1.8
108,CeOs2,0.0
109,Mg3P2,1.4
110,Tm3GaC,0.0
111,CsZn4In5Se12,1.61
112,KUClO3,2.37
113,KCu2SbS3,1.53
114,Sb2PbSe4,1.8
115,SiP2,1.89
116,CrCoGe,0.0
117,Sm2IO2,0.0
118,PrZn,0.0
119,Li2Fe3SnO8,0.0
120,Y3(Fe31B7)2,0.0
121,Dy2TlCd,0.0
122,Zn(CuO2)2,0.0
123,B4C,1.64
124,Mg2Zr14O5,0.0
125,CaGe2,0.0
126,Li3V4FeO12,0.0
127,AlAgS2,3.13
128,Co3Se4,0.0
129,Bi2Te0.9Se2.1,0.28
130,Ho5Si4,0.0
131,Y2Mo2O7,0.0
132,Ga2HgSe4,1.95
133,PrTaN2O,2.0
134,In4Te3,0.42
135,TmTl,0.0
136,Y(Al5Fe)2,0.0
137,CaInAu,0.0
138,SbTeI,1.25
139,Ca2Bi2O5,3.34
140,Er2SnAu2,0.0
141,Sc2S3,2.0
142,Ca2SnS4,2.32
143,Li3AlTe4O11,3.63
144,K2Mn(SnSe3)2,2.0
145,Ga1As0.9P0.1,1.5
146,BaV2SeO8,2.13
147,PrF3,5.3
148,YbB2Rh3,0.0
149,KSc(SeO3)2,5.4
150,LiLu2Ru,0.0
151,TaGaPt,0.0
152,EuCu2SnS4,1.85
153,Ca2CdAs2,0.95
154,HgCl,2.84
155,Ce3NbS3O4,0.0
156,Li23(MnAs)20,0.0
157,CeIr5,0.0
158,Pr(BiO3)2,0.0
159,Nd3Zr,0.0
160,Li2CdGe,0.99
161,Zn0.7Ga0.3P0.3S0.7,2.4
162,Y3Ge4,0.0
163,BaPd(IO3)4,1.97
164,CeGaO3,0.0
165,Ba5Bi3,0.0
166,ZrGeRu,0.0
167,Ba3CrS5,0.0
168,Si0.8Ge0.2,1.1
169,Li2U(MoO5)2,0.0
170,Tm2ZnOs,0.0
171,Zr1.33Ta0.67N2.61O0.42,1.93
172,BaUSe3,1.0
173,Gd6Ge2.5S14,2.2
174,Sn0.03Te1Pb0.97,0.21
175,GaAgO2,2.2
176,Al2Cu,0.0
177,MgCr,0.0
178,Te4Mo(WS)2,0.0
179,CdP2,2.02
180,Ca3Sb2,1.4
181,Nd2(SnSe3)3,0.5
182,Re5(NiAs6)2,0.0
183,Ag2S,0.87
184,Ca2Os2O7,0.0
185,La2MoO5,0.49
186,Sc11(AlGe4)2,0.0
187,ErSnAu,0.0
188,AsSeI,1.76
189,Zr5Sn3,0.0
190,CdSiP2,1.8
191,MnPSe3,2.5
192,As2Ru,0.8
193,TlInHgS3,1.74
194,Rb3Sm,0.0
195,InBi2S4Br,1.5
196,CaPrZn2,0.0
197,TiGaIr2,0.0
198,LaGa,0.0
199,Pr10Se14O,1.89
200,La2Sn5Rh3,0.0
201,MnSe,2.5
202,Ba5In4Bi5,0.0
203,SrMnGe,0.0
204,CoAsS,0.6
205,Li5(BiO3)4,0.0
206,CsSb(SO4)2,4.68
207,Ga2O3,4.4
208,LiCa2In,0.0
209,Na2Zn(SnS3)2,2.93
210,TaGaSe2,1.65
211,NiCO4,0.0
212,MgSbPt,0.0
213,LaZnAu2,0.0
214,Bi2Te2.1Se0.9,0.29
215,Ba3Nb2Se9,1.3
216,Li3(CoO2)4,0.0
217,TaAl3,0.0
218,NdLuSe3,1.61
219,KCu3S2,1.46
220,Ho2Ge5Rh3,0.0
221,LuAu,0.0
222,GaSiAgSe4,2.63
223,YbSnRh,0.0
224,Ga2Si(AgS3)2,2.35
225,K6Ta1.03Nb2.97S25,2.01
226,Mg2RhAu,0.0
227,PrTe2,1.02
228,NaInS2,1.9
229,CsIr,0.0
230,In3CuTe5,1.01
231,TmMg2Sc,0.0
232,PrErMg2,0.0
233,Sm4InSbS9,2.13
234,Zn3Sb2,0.11
235,Cs2SiB4O9,6.53
236,Ba4Ga4SnSe12,2.16
237,SmNiAs,0.0
238,Sr2Pr2Pt1O7.07,3.05
239,Cs2Al2B2O7,4.13
240,Li4Mn5Nb3O16,0.0
241,Sr2YReO6,0.0
242,Zn0.25Ga0.75P0.75Se0.25,2.18
243,Nd5Ge3,0.0
244,SmBiW2O9,3.39
245,Sm(ErSe2)3,2.0
246,Li4.5Ga0.5Te1O6,4.99
247,Zr6O,0.18
248,KH3(SeO3)2,4.88
249,Ce4(GeS4)3,2.3
250,Al0.6In0.4P1,2.3
251,Ga1.8Cu0.2Se2.8,1.86
252,DyAgHg2,0.0
253,ZrCd,0.0
254,Na3Sb,1.0
255,V2O5,2.3
256,CaZn3Ni2,0.0
257,Hf7P4,0.0
258,Ho(MnSn)6,0.0
259,Ti2ZnS4,0.0
260,Sc3PbC,0.0
261,Ce2S3,1.12
262,Zr2Ni12P7,0.0
263,Pr4InSbSe9,1.89
264,K2Ho4Cu4S9,2.43
265,DyMn2,0.0
266,U2Re2C3,0.0
267,Li2Co4O7F,0.0
268,Ta11(CuO15)2,2.59
269,Sm2TlHg,0.0
270,Pb1Se0.95S0.05,0.26
271,YAs,0.0
272,Th(SiRu)2,0.0
273,La4Co3O10,0.0
274,EuTiO3,0.0
275,EuCd11,0.0
276,MnSbRh2,0.0
277,KPPbO4,4.44
278,AlB12,1.9
279,IrS2,0.9
280,ThAsSe,0.0
281,Li4.5Cr0.5Te1O6,1.79
282,TlCr5(Se3S)2,0.75
283,Ga1.8Cu0.2S2.8,2.65
284,MnGaPt,0.0
285,PdO,0.8
286,Li3Ti2(PO4)3,0.0
287,NiI,0.0
288,Sr10Al4Si6O,0.0
289,Ce2Se3,1.75
290,Cd13I28,0.0
291,Li6Fe3Co7O20,0.0
292,Cs2ZnGe3Te8,1.07
293,Nd(Al4Co)2,0.0
294,Na8NbO6,0.0
295,YbIn4Ni,0.0
296,Mg5B3O9F,5.63
297,Cr3Ni(PO4)6,0.0
298,SrTl2,0.0
299,Ce4Te7,0.5
300,Mn3NiN,0.0
301,Ba2ErGaSe5,1.95
302,NaAsSe2,1.46
303,CsGeB3O7,5.76
304,LiHoO3,0.0
305,CsPPbO4,4.39
306,GaBi25O39,2.99
307,YbZnPt,0.0
308,Sn3WO6,2.49
309,TiTlSe2,0.56
310,Zr5Al3,0.0
311,AlCuTe2,2.06
312,Fe10O9F11,0.0
313,BaAl2,0.0
314,Cs2Cd0.25Hg5.75S7,1.66
315,CsYTe3O8,3.4
316,HoSiRu2C,0.0
317,Bi12Rh12O41,0.0
318,Re3P4,0.0
319,EuAgSb,0.0
320,CsTiF4,0.0
321,Ti2Sb(PO4)3,0.0
322,Al2CrS4,0.0
323,In4Cu2Te7,1.1
324,SrCd,0.0
325,Zn0.95Ga0.05P0.05Se0.95,2.4
326,HgOsPb2,0.0
327,K2Ta15O32,0.33
328,Sm3Al0.33Si1S7,2.26
329,EuB(SbO4)2,3.46
330,Ho4C7,0.0
331,Hf5Sb9,0.0
332,Pr2InPd2,0.0
333,Li7(Mo3S4)4,0.0
334,AsAu3,0.0
335,ErFeC2,0.0
336,U2Cr30P19,0.0
337,ScCdAg2,0.0
338,TmScHg2,0.0
339,Tl2Hg3S4,2.05
340,Hf2S,0.0
341,La10Mn9O30,0.0
342,Li4Mn5NbO12,0.0
343,MgSbF6,0.0
344,K(GeSe2)2,1.8
345,CsNi2F6,0.0
346,Dy3Al0.5Si1S7,2.22
347,La3(BN2)2,0.0
348,B6P,3.3
349,BaYbSn3,0.0
350,Mg3Al9FeSi5,0.0
351,Dy2Sn5,0.0
352,LiZn(Fe5O8)2,0.0
353,Sb2Se3,1.0
354,SnSe2,1.62
355,KPSe3,2.08
356,CsEuF3,0.0
357,K2S,2.1
358,SrTlHg2,0.0
359,YbIn4Rh,0.0
360,V2Si2O7,0.0
361,YCuO2,3.5
362,Bi2Te0.1Se2.9,0.78
363,TlGaTe2,1.8
364,ScCdHg2,0.0
365,Y4US5O3,1.95
366,Ga1.01Sb0.99Te0.03,0.68
367,KFe2BiO5,1.76
368,La(InS2)3,1.03
369,Sn0.01Te1Pb0.99,0.23
370,Al0.01Ga0.99P1,2.27
371,YSi2,0.0
372,Tl2TeS3,1.6
373,SrSnP,0.0
374,Na2Be4B4O11,7.3
375,Ga0.95Hg0.05Sb0.95Te0.05,0.69
376,CsTbZnTe3,2.12
377,Zn0.99Ga0.01As0.01Se0.99,2.59
378,Ta7Cu3O19,2.47
379,Cu23(Sb4S13)2,0.0
380,K2TeI6,1.38
381,Ga1.002Sb0.998Se0.006,0.7
382,TbYbHg2,0.0
383,Ba2Ga8GeS16,3.0
384,Nb3CuO8,1.47
385,YMgGa,0.0
386,K3Ti2P5S18,1.61
387,AlFe4(CuO4)3,0.0
388,LaGaS3,2.5
389,Sc2CuRu,0.0
390,InP,1.25
391,La(PRu)2,0.0
392,Zr3Hg,0.0
393,HfSe2,2.2
394,In0.99Ga0.01As0.01P0.99,1.3
395,NdNiC2,0.0
396,Y(SiRh)2,0.0
397,TbCu5,0.0
398,PSe,2.5
399,CsSbS2,2.8
400,InCuTe2,0.8
401,In3Bi7(Pb2S9)2,0.0
402,Te0.4Se0.6,1.2
403,Li4Fe7(OF7)2,0.0
404,MnV(TeO4)2,1.9
405,VPt2,0.0
406,Ba2Sb7HO14,2.7
407,TlGaSe2,1.65
408,Cr2P3O11,0.0
409,GaAgS2,2.56
410,In0.2Ga0.8As1,1.07
411,Ge0.25Te1Pb0.75,0.44
412,Li6FeO5F,0.0
413,Cd8B5O15F,3.14
414,SmAg,0.0
415,TiCoSb,0.95
416,La8Sb2S15,2.3
417,LuScZn2,0.0
418,Ba2CuWO6,0.0
419,CuCN2,0.0
420,CuHg(SeO3)2,3.25
421,Ba4Ga5CuS12,2.82
422,Yb(MnAs)2,0.0
423,TbIn2Ni,0.0
424,Ce2Cu(NO)2,0.0
425,Zn2In2S5,2.5
426,Mg(FeO2)4,0.0
427,Zn0.01Ga0.99Sb0.99Te0.01,0.72
428,TeI,1.1
429,HoCo3,0.0
430,Dy3(CuGe)4,0.0
431,GaCuGeSe4,1.38
432,Li4NbNi3O8,0.0
433,Hf2Hg,0.0
434,Ba3(AlGe)2,0.0
435,LiZrRh2,0.0
436,Zn0.65Hg0.35Se1,1.0
437,Sm(CoSi)2,0.0
438,BaMn4O7,0.0
439,U3Bi4,0.0
440,V12P7,0.0
441,Cu1.8S1,2.3
442,InPt,0.0
443,MgCuSn,0.0
444,TbTe,0.0
445,Li3(CuO2)2,0.0
446,Gd2Mn4S7,1.44
447,KPSe6,2.16
448,Sb2Os,0.2
449,In0.7Ga0.3As0.3P0.7,1.58
450,Zn3(BO3)2,2.6
451,DyInPt2,0.0
452,YVTeO10,2.2
453,YbAs,1.02
454,CdCu(SeO3)2,3.33
455,Sr2YBi2O7,0.0
456,CeMgAg2,0.0
457,Na11Bi5O16,0.0
458,Cu9Se4(Cl3O7)2,0.0
459,Ca2Ti9O13,0.0
460,BaGe4(RhSe3)2,1.09
461,CsAg5Te3,0.65
462,Cu2SnSe3,0.7
463,Li2V3FeO8,0.0
464,FeAgSe2,0.23
465,Hf3Zn3N,0.0
466,K1.25Bi7.25Pb3.5Se15,0.53
467,Bi9S6O7.5,1.27
468,K2Ga3CuSe6,1.72
469,Tl2InGaSe4,2.05
470,Li2V3CrO8,0.0
471,K3Hg,0.0
472,ZrAu4,0.0
473,HgPS3,2.6
474,Ce(AlZn)2,0.0
475,UHg3(TeCl3)2,2.6
476,LaH2,0.0
477,Er(CrSi)2,0.0
478,In2FeSe4,1.15
479,K2ZnSn3S8,2.15
480,Bi2Te1.5Se1.5,0.29
481,Ba3Sb2S7,2.4
482,Cd3Bi2,0.2
483,K2In3AgSe6,1.64
484,Nb2Pb2Se4O15,2.79
485,In2O3,2.8
486,Ca3TlN,0.0
487,Sr4Ga8Ge15,0.05
488,In0.2Ga0.8As0.2P0.8,2.15
489,K6Cd4Sn3Se13,2.33
490,KHg,0.0
491,HfO2,5.55
492,NbCu3Se4,2.45
493,Mg5Ti13O30,0.0
494,MnGeRh2,0.0
495,NbOsPb,0.0
496,In1.8Cu0.2Se2.8,1.26
497,SbI3,2.12
498,MgCo2(PO5)2,0.0
499,Mn5O7,0.0
500,Cs2Sn3(SbS5)2,2.34
501,LuHfRu2,0.0
502,Dy(CuTe)3,0.34
503,Ga1Sb0.8As0.2,1.02
504,Bi2Te0.3Se2.7,0.24
505,HoSb2,0.0
506,CeHSe,0.0
507,Lu2CdAg,0.0
508,Li2Ga,0.0
509,MgRhF6,0.0
510,Ba4Ga4GeSe12,2.18
511,Zn0.8Hg0.2Se1,1.4
512,Bi2Te2.4Se0.6,0.25
513,Ga0.07Te1Pb0.93,0.34
514,Ba2B6O11,5.17
515,LiGaSe2,3.13
516,Eu(GaTe2)2,1.7
517,Sm4MgRh,0.0
518,HoNiGe,0.0
519,Er(CuGe)2,0.0
520,Sb2I2F11,0.0
521,CsCd4Ga5Se12,2.21
522,Cu3(BiI4)4,0.0
523,Ge0.02Te0.98Pb0.98S0.02,0.34
524,BePd3,0.0
525,Li6FeNi9O20,0.0
526,CdAsPd5,0.0
527,NaSbF6,3.76
528,Hf3(CuSi)4,0.0
529,Cs2Hg3I8,2.56
530,Hg7.5As4Cl6,1.73
531,TiS2,1.95
532,Nd2S3,2.65
533,Sc2Fe,0.77
534,Ca5Sb3,0.0
535,Li4Cu(PO4)2,0.0
536,DyNiSn,0.0
537,LiGaPt2,0.0
538,TiAuCl,0.0
539,SmTmZn2,0.0
540,Cs2SCl6F,0.0
541,RbAgF3,0.0
542,NaY(Te2O5)2,3.9
543,LiMgN,3.2
544,BiSbTe3,0.19
545,Al10V,0.0
546,Ta4N5,0.0
547,LiLu2Pd,0.0
548,BaTi4O8,0.0
549,Ba2In2Se5,2.12
550,CsAg2AsS3,2.7
551,NdScGe,0.0
552,EuCuSeO,0.0
553,Cs10Cd4Sn4S17,3.16
554,NaNO2,2.99
555,CaEuO2,0.0
556,La(SiOs)2,0.0
557,Ba(PdO2)2,0.0
558,CeCdAu2,0.0
559,CeAlO3,0.0
560,Tb2In16Pt7,0.0
561,AlSb,1.32
562,LuSi2Ni,0.0
563,LiYbPb,0.0
564,NdInCu,0.0
565,Cr7C3,0.0
566,BiPbBrO2,2.3
567,Te0.8Se0.2,0.4
568,Zr6NiCl15,0.0
569,Sr4V2(Se2O7)3,2.66
570,Nb3Os,0.0
571,TlCr5Se8,0.67
572,TlHg6Se4Br5,2.8
573,Tm2ZnGa,0.0
574,ScAlNi2,0.0
575,PrCd,0.0
576,KIn(TeO3)2,4.0
577,Lu7(TePd)2,0.0
578,ZrSe3,1.25
579,InSnAsSe,0.26
580,Sr2HoRuO6,0.0
581,La2In,0.0
582,KEuS2,0.0
583,MgMnRh2,0.0
584,Ca2MnAlO5,0.0
585,CoAsRh,0.0
586,OsS2,2.0
587,CdGeP2,1.65
588,ZrS2,2.75
589,Ag7(SI)2,0.0
590,K2Se,1.8
591,Li2FeGeS4,1.42
592,Ba3NaIrO6,0.0
593,ZrTi2O,0.0
594,Y4AsSe3,0.0
595,SiHg3,0.0
596,BiSBr,1.88
597,CsSmZnSe3,2.43
598,RbZrPSe6,2.0
599,Mg2Ge,1.67
600,K2Hg3(GeS4)2,2.64
601,Na2In2SiS6,3.27
602,VGa(TeO4)2,3.0
603,BiSCl,1.89
604,La2YbCuSe5,1.15
605,Eu(InTe2)2,1.22
606,TePb,0.19
607,Mg2Sn,0.14
608,LuScRh2,0.0
609,V3Cu,0.0
610,RbIn4,0.0
611,HfTiF6,0.0
612,Th(Al5Fe)2,0.0
613,Zn3As2,0.51
614,Tb3Ge5,0.0
615,VCu3S4,1.0
616,Sm3AlN,0.0
617,Na3Re,0.0
618,NbSiIr,0.0
619,Cs3Sb,1.6
620,Cs3As,0.6
621,K3NaSn3Se8,2.2
622,La3AlN,0.0
623,YbNdAg2,0.0
624,Na3Mn2(GeO4)3,0.0
625,Bi1.98Sb0.02Te3,0.14
626,Li4Fe3NiO8,0.0
627,Eu(DySe2)2,1.8
628,Ba2GaSbTe5,1.66
629,CaAgF5,0.0
630,Rb2FeI4,0.0
631,Li5Cr2Ni5O12,0.0
632,LuAlAg2,0.0
633,Zr3(Al2C3)2,0.0
634,YH2,0.0
635,Bi3I4O13F3,3.7
636,CdSb,0.42
637,La2PdO4,0.0
638,ZnGeAs2,1.05
639,SiW3,0.0
640,AlAgO2,3.6
641,In1.65Cu0.35Se2.65,1.19
642,La2.1Bi5.9Pb2S14,1.0
643,Cu2PHO5,0.0
644,Li2B4O7,7.3
645,Th(MnGe)2,0.0
646,ThSO,2.22
647,BaGe2,1.0
648,Li2MnO2F,0.0
649,Ni23B6,0.0
650,TlSnAuSe3,1.2
651,Cu4Pd,0.0
652,BaPdSe6,2.15
653,Zr2HBr2,0.0
654,Na2LiTa,0.0
655,Yb(InS2)3,1.31
656,Cd0.1Hg0.9Se1,1.3
657,Sn2BiS2I3,0.9
658,BiIO3F2,3.97
659,CaYbInSe4,0.0
660,Ge0.05Pb0.95Se1,0.28
661,Ga1.1Cu0.9Se2.1,1.59
662,ScAg,0.0
663,Te0.01Pb1Se0.99,0.26
664,CsMg149,0.0
665,Ba2CaOsO6,0.0
666,Sb2Pt,0.05
667,TiC,0.0
668,Ga1Sb0.3As0.7,0.67
669,Au3S,0.0
670,LaCdAg2,0.0
671,Sn2WO5,2.6
672,Tl3AsSe3,1.3
673,Al0.1In0.9P1,1.5
674,Ga2SiPbSe6,2.17
675,CaF2,9.92
676,YbGeRh,0.0
677,Rb7Th2(P2Se7)3,2.07
678,Bi8Te7S5,0.4
679,Zn2InCuTe4,1.05
680,Ba2SmInTe5,1.36
681,Sn0.15Te1Pb0.85,0.1
682,V2Zn3TeO10,2.96
683,Sc7CI12,0.0
684,Ba2CoWO6,0.0
685,Eu4Te7,0.31
686,V3Pt,0.0
687,Re(TeCl6)2,0.0
688,ZrInRh2,0.0
689,USi3,0.0
690,Tb2O3,3.0
691,NaCd2Au,0.0
692,Cu3SbS4,0.75
693,TbPt,0.0
694,Ga1.002Sb0.998Te0.006,0.7
695,Ga5Pd13,0.0
696,Tc3Pd,0.0
697,GaAs2W,0.0
698,ZnCu2SnSe4,1.44
699,Eu2TeO2,0.0
700,Zr7Sb4,0.0
701,Sr(CeS2)2,0.0
702,TlN3,3.58
703,Zr3(Cu2Si3)2,0.0
704,Mg3(Ni10B3)2,0.0
705,CoGe,0.0
706,Tb(CoGe)2,0.0
707,LuIr2,0.0
708,CaCdPd2,0.0
709,ZnWO2,0.0
710,GePt2,0.0
711,LiAsS2,1.6
712,Li12Fe5O16,0.0
713,Sc3GaC,0.0
714,Zr2Te,0.0
715,La4Fe(SbSe5)2,0.85
716,MnAl3,0.58
717,YV(BiO4)2,2.09
718,Ba2ScTaO6,4.19
719,Rb2AgPS4,2.6
720,BaTe,3.4
721,CsInHgS3,2.3
722,Na0.5Ge1Pb1.75Se4,1.6
723,ThS,0.0
724,Zr1.86Cu1S4,1.26
725,ZnAgF5,0.0
726,Al0.5Ga0.5As1,2.12
727,Sm2(PPt2)3,0.0
728,CsVP2S7,0.0
729,Mn3PtN,0.0
730,LuCdAg2,0.0
731,K2Ge3(BO5)2,5.38
732,Nd5Ge4,0.0
733,B2O3,4.89
734,Eu2C(NO)2,0.0
735,Sm2Cu4Sn5,0.0
736,EuTiClO3,0.0
737,Ga1As0.5P0.5,2.0
738,In0.4Ga0.6As0.6P0.4,1.74
739,Yb(GaSe2)2,1.8
740,In1.85Cu0.15Se2.85,1.32
741,Ca3Cu2(ClO2)2,0.0
742,KCoO2,0.0
743,Si0.109Ge0.891,1.13
744,In1Sb0.5As0.5,0.1
745,ZrCrSi2,0.0
746,VZn2BiO6,2.4
747,LiV2NiO6,0.0
748,W2N,0.0
749,PdPb2,0.0
750,Cd(InSe2)2,1.3
751,Ge0.1Te1Pb0.9,0.35
752,MgF2,11.1
753,TlCdS2,1.5
754,ErHg2,0.0
755,BaZn5,0.0
756,Tb5Tl3,0.0
757,Ti10O11,0.0
758,RbBi2,0.0
759,Cu4Sn7S16,0.8
760,Tl0.001Te1Pb0.999,0.3
761,TbBe13,0.0
762,BaBSbS4,2.34
763,La2VNiO6,0.45
764,SrRhF6,0.0
765,CsWCl6,0.0
766,Ba2SnSe5,1.8
767,KNb3(SeO6)2,3.46
768,Ba3Co10O17,0.0
769,Ba2ErInSe5,2.29
770,Mn2Hg5,0.0
771,Ba(InS2)2,3.06
772,CoN,0.0
773,BaTbMn2O6,0.0
774,Al0.35Ga0.65As1,2.0
775,Y(CrSi)2,0.0
776,Zn2TeMoO7,4.1
777,CsBiSe2,1.07
778,ZnSi(AgS2)2,3.28
779,CsSmCdSe3,2.45
780,YH2NO5,4.83
781,In1Ga1Cu1S3.5,1.84
782,CsInGeSe4,2.32
783,Hf5Si4,0.0
784,In1.6Cu0.4Se2.6,1.32
785,TbRh2,0.0
786,Tl4CdI6,2.8
787,V2Bi4O11,2.0
788,PPdS,1.38
789,YVSeO10,2.7
790,Ti3Pt5,0.0
791,NaI,5.8
792,NdSmHg2,0.0
793,K1.83Cd1.83Bi2.17S6,1.37
794,Hg2Sb2O7,0.0
795,TbZn2,0.0
796,Eu2Ge(BO4)2,0.0
797,CaSe,4.87
798,ZrO2,4.99
799,K2Au(IO3)5,2.65
800,La3Mg0.5Sn1S14,1.71
801,Bi2Te1.2Se1.8,0.28
802,Ba2V2ZnO8,3.48
803,EuSeClO3,0.0
804,Hf5Te4,0.0
805,Sr8.007Ge2.043Bi7.949Se24,0.74
806,VCu3(PO4)4,0.0
807,Dy2(MoO4)3,1.92
808,ZrHg4(PCl3)2,3.22
809,Tl3Si,0.0
810,Eu3S4,1.7
811,PmMgRh2,0.0
812,LuGaRh2,0.0
813,CdAuO2,0.0
814,YIn2Ni,0.0
815,MnI2,4.04
816,CdSiAs2,1.47
817,CeLu3,0.0
818,MnNi,0.0
819,Sc3Fe2Si3,0.0
820,TiPd,0.0
821,Cd0.2In2.4Ag0.4Te4,0.42
822,Rb4Mo5(PO11)2,3.51
823,La2PC,0.0
824,MgMnO3,0.0
825,Eu3Bi4S9,1.18
826,TiAlAu2,0.0
827,KY(TeO3)2,3.8
828,Tb3Si,0.0
829,SnGe,0.4
830,LiThAu2,0.0
831,Y3Fe29,0.0
832,RbNbSe2O7,4.1
833,P2Rh,1.0
834,KSbS2,1.6
835,Pr(InS2)3,1.14
836,Rb2Cd(IBr)2,3.35
837,V3Si,0.0
838,V2NO,0.0
839,NbCrN,0.0
840,Ga1.7Cu0.3S2.7,2.55
841,Rb2Cd3S4,2.92
842,Te2Mo3Se4,0.0
843,Nd2ZnGa,0.0
844,DyZnRh2,0.0
845,MgTi4O6,0.0
846,BeFe2Si,0.0
847,AsS3,2.35
848,Mg3Ga7Co2,0.0
849,Sm2Tl,0.0
850,AlPd5I2,0.0
851,KBi3S5,1.21
852,Ce3TaO7,0.0
853,Eu(GaS2)2,2.25
854,Li2CdSnS4,3.26
855,CdP4PbO12,4.85
856,MgTi11O20,0.0
857,Li3CrCo3O8,0.0
858,SmCo2,0.0
859,Ga1.05Sb0.95Se0.15,0.66
860,Gd6Ta4Al43,0.0
861,Mo2NCl8,0.0
862,ScSbPd,0.23
863,NaZrCuTe3,0.0
864,RbCuSnSe3,1.04
865,Sc3C4,0.0
866,Li4Mn(WO4)3,0.0
867,Cd3Bi(PO4)3,3.9
868,In2HgS4,2.0
869,TmMnO3,0.0
870,Sr(CoP)2,0.0
871,CuBS2,3.61
872,ZrIr2,0.0
873,TbH2,0.0
874,Li5Fe6(BO3)6,0.0
875,Cs2Cd(PSe3)2,2.63
876,Co(WO4)2,0.0
877,Ba2Zn0.2B2S5.2,3.54
878,SmHgPd,0.0
879,KScO3,0.0
880,TbNiO3,0.0
881,Sn1Se0.2S0.8,1.03
882,Ga1.99Cu0.01Se2.99,1.99
883,Ho(InS2)3,1.23
884,AlP,2.42
885,ScCrO4,0.0
886,Gd2(MoO4)3,4.06
887,Tm2O3,4.53
888,TbMn5Ge3,0.0
889,Rb2Cu2Sb2S5,1.6
890,Mg3Ru2,0.0
891,Li3Fe(SbO3)4,0.0
892,Ti3Cu3O,0.0
893,InPS4,3.12
894,Na2In5Au6,0.0
895,SrCdSi,0.0
896,V2Sb(PO4)3,0.0
897,La10Si8O3,0.0
898,Ce(CuSb)2,0.0
899,Fe2O3,2.2
900,InAgTe2,0.93
901,Li4TiCr3O8,0.0
902,Li2PrIn,0.0
903,Ba3Eu(PO4)3,4.09
904,DyIr2,0.0
905,Li7(NiO2)11,0.0
906,ScCd,1.71
907,ReOsRu,0.0
908,PrLuIn2,0.0
909,In2Bi3Se7I,1.38
910,Sm(BOs)2,0.0
911,BaHgS2,1.93
912,Mn3PdN,0.0
913,SmHoZn2,0.0
914,LiIn(IO3)4,4.27
915,SnSe,0.88
916,La2YbCuS5,1.45
917,NaSbS2,1.48
918,Cs2Li3(BO2)5,7.3
919,Mg3Rh,0.0
920,K3Bi2I9,2.1
921,Sr8Co8O23,0.0
922,Er2MnC4,0.0
923,HoAlAu2,0.0
924,Ag3AsS3,1.86
925,Ga1.001Sb0.999Se0.003,0.71
926,BeGaO3,0.0
927,Mg2PdAu,0.0
928,CeCd2Ag,0.0
929,BaAg,0.0
930,Li2(LuGe)3,0.0
931,MgSi7Ir3,0.0
932,Ga1.05Sb0.95Te0.15,0.68
933,Cu7Hg6,0.0
934,In1Sb0.2As0.8,0.12
935,CuMoO4,0.0
936,Bi2Te0.45Se2.55,0.2
937,Ba3Ta2Se9,1.6
938,Ag2O,1.4
939,Zn3(PS4)2,3.07
940,Nd2Se3,1.7
941,NaLa2TaO6,4.5
942,Zn0.2Hg0.8Te1,0.07
943,EuAlO3,0.0
944,Zn4Sb3,1.0
945,Si0.9Ge0.1,1.04
946,Sn0.23Te1Pb0.77,0.04
947,ZrHg4(AsCl3)2,2.48
948,Mg32Al36Ag13,0.0
949,PrTmTl2,0.0
950,Mg2MnN2,0.0
951,Li3Cr3(CuO6)2,0.0
952,Ge0.1Pb0.9Se1,0.3
953,Ce2Al2Co15,0.0
954,DyRh,0.0
955,HfOs2,0.0
956,K0.8Sn2Hg1.2S8,2.78
957,Ba2YGaTe5,1.08
958,Al2FeNi,0.0
959,NiS2,0.64
960,YSbPt,0.16
961,KTa3(TeO6)2,4.06
962,LiB9PbO15,4.75
963,ReSe2,0.99
964,BiClO,3.46
965,CeSiIr,0.0
966,Cs2PdSe8,1.5
967,Li3(CuO)4,0.0
968,TeWCl9,0.0
969,YSbPd,0.27
970,Fe2Te3,0.34
971,InCuS2,1.5
972,Cd0.99Ga0.01Sb0.01Te0.99,1.35
973,Cd0.28Hg0.72Te1,0.21
974,LiY(CuP)2,0.0
975,Tl0.07Te1Pb0.93,0.54
976,TaCoSn2,0.0
977,NbAg2(PS4)2,2.02
978,Ni2PO5,0.0
979,Bi2(BO3)3,0.0
980,Ba(GaSe2)2,3.16
981,Cs3PW3O13,3.27
982,RbBr3,0.0
983,U6Co,0.0
984,Te2W2SeS,0.0
985,NaNb2PS10,1.72
986,Li2InAg,0.0
987,Ag7AsS6,1.0
988,YbZnAu2,0.0
989,CaIn2Ir,0.0
990,Cr3Se4,1.59
991,Ba3Gd2(PS4)4,3.41
992,KBi2,0.0
993,KAsSe2,1.62
994,Cs2Pt(IO3)6,2.4
995,Si0.458Ge0.542,2.24
996,TlTeP,0.3
997,Sr2Cu(ClO)2,0.0
998,UHg4(AsCl3)2,1.9
999,In2Te,0.46
1000,YHg2,0.0
1001,DyFeSi,0.0
1002,ZrMo3,0.0
1003,Cd12Ge17(B4O29)2,4.29
1004,Sn0.17Te1Pb0.83,0.15
1005,Mg3Ge,0.0
1006,Lu5Si3B,0.0
1007,Dy2O3,5.0
1008,Zr3Al2,0.0
1009,YAlGe,0.0
1010,ErCu,0.0
1011,LiFe2(PO4)3,0.0
1012,Er2O3,5.42
1013,Yb(HO)3,0.0
1014,Zn0.99Ga0.01P0.01S0.99,3.7
1015,ZrS3,2.17
1016,CsGaSnSe4,1.97
1017,Li5La3Nb14O42,0.0
1018,Nd(PRu)2,0.0
1019,Ba2CeInTe5,1.35
1020,Li2NdSb2,0.0
1021,Mg(SnO2)4,0.0
1022,La2TiCoO6,1.02
1023,Cu3(P2O7)2,0.0
1024,Er5NiPb3,0.0
1025,PrMgGa,0.0
1026,In1Sb0.01As0.99,0.17
1027,Sr2La2Pt1O7.13,2.52
1028,Ce(MnSi)2,0.0
1029,Cu2GeS3,0.53
1030,NiAsO3,0.0
1031,ReS2,1.0
1032,SbPbIO2,2.48
1033,SrNi5As3,0.0
1034,Ho10Si17,0.0
1035,LaBPt3,0.0
1036,LiBi2(PO4)3,0.0
1037,PbI2,2.32
1038,TcSe2,0.88
1039,RbEuO2,0.0
1040,Tb2C3,0.0
1041,Ti5(B6O13)2,0.0
1042,Cd0.99Hg0.01Se1,0.29
1043,CsCaO3,0.0
1044,SmIn2Rh,0.0
1045,La4InSbS9,2.07
1046,RbCaBO3,3.67
1047,Gd2Zn17,0.0
1048,Ce(CoAs)2,0.0
1049,Nd(InS2)3,1.15
1050,HoTh3,0.0
1051,LiI,5.62
1052,Cs2Ti(AgS2)2,2.44
1053,LaIn2Ir,0.0
1054,EuSnTe2,0.6
1055,Ba2GdGaTe5,1.12
1056,BaGa2SiS6,3.75
1057,Cs3V2Cl9,0.0
1058,Cd0.23Hg0.77Te1,0.12
1059,Na4Eu(GeS3)2,2.15
1060,K8N3O,0.0
1061,HoInPt,0.0
1062,InSb2S4Br,1.8
1063,Cu3Hg2(Te3O8)2,2.56
1064,Eu2Se3,1.02
1065,Li7Ti5O12,0.0
1066,Ti2CuS4,0.0
1067,CuPO4F,0.0
1068,Cs2TeBr6,2.12
1069,As2Rh,1.15
1070,CoP3,0.45
1071,P2H4RhO9,0.0
1072,Sm2AlCd,0.0
1073,BaGa2SiSe6,2.88
1074,Ca(TiS2)4,0.0
1075,Gd4GaSbS9,2.41
1076,FeBi25O39,2.8
1077,Tl0.04Te1Pb0.96,0.57
1078,K2In3CuSe6,1.68
1079,La6Sb4(SO4)3,2.6
1080,PrSm3,0.0
1081,Pr2Te3,1.16
1082,Sc6Te2Os,0.0
1083,Ca(GeRh)2,0.0
1084,ErB6,3.5
1085,ScZnPt2,0.0
1086,In2Se3,0.97
1087,Ga0.005Te1Pb0.995,0.37
1088,Ce2CrN3,0.0
1089,EuVO4,3.26
1090,Y(Al2Cu)4,0.0
1091,Te0.5Pb1Se0.5,0.29
1092,Sm3(Sb7Te12)2,0.0
1093,Fe2S,0.0
1094,Pr6Fe13Si,0.0
1095,YbTe,1.8
1096,SbSI,1.82
1097,ScGa2,0.0
1098,Cs2Cd1.35Hg4.65S7,1.84
1099,Tb(Al2Fe)4,0.0
1100,VZnRu2,0.0
1101,Tl6Cu(TeO5)2,2.3
1102,Yb6U3O17,0.0
1103,TlSbTe3,0.38
1104,Bi2Te3,0.25
1105,Hf(CoSi)2,0.0
1106,TaNO,2.4
1107,Al21Pt8,0.0
1108,Rb3Nb2AsSe11,1.5
1109,AgI,2.8
1110,PrAu,0.0
1111,ZrSiTe,0.0
1112,Yb16S29,0.0
1113,YNi4B,0.0
1114,K10Zn4Sn4S17,3.1
1115,NaSi2Pd3,0.0
1116,Ba(BO2)2,6.2
1117,Nd3(GeRu)2,0.0
1118,In0.4Ga0.6As0.4P0.6,1.85
1119,GaP,2.74
1120,LiCd2Rh,0.0
1121,Rb2Pt(IO3)6,2.4
1122,Sn0.99Te1Pb0.01,0.26
1123,Cd0.1In0.9Te0.1As0.9,0.69
1124,LaAl12O19,0.0
1125,Pr2InGe2,0.0
1126,V3SiNi2,0.0
1127,Lu3InN,0.0
1128,Si0.4Ge0.6,0.9
1129,ReCl4,0.0
1130,Li2SnHgS4,2.32
1131,Fe2B(PO4)3,3.52
1132,EuH2,1.85
1133,Cd4P2I3,2.17
1134,LaMg3,0.0
1135,Rb2Sn2Hg3S8,2.48
1136,AsSeBr,0.0
1137,Ho(SbO3)2,0.0
1138,FeAs2O7,0.0
1139,MnP2,0.0
1140,Ba2SnSe4,1.9
1141,Li3Ni2(GeO4)3,0.0
1142,CeN,0.7
1143,GaAgGe3Se8,2.17
1144,TbNiGe2,0.0
1145,ErNi4Au,0.0
1146,In2Hg6(P2Cl3)3,3.13
1147,CeAl2Pt3,0.0
1148,Rb2VCuS4,1.85
1149,LuC2,0.0
1150,Na2Si2Hg3S8,2.86
1151,Na7(CoO3)2,0.5
1152,Hf6PbO18,0.0
1153,Dy3InC,0.0
1154,VFeRu2,0.0
1155,Rb2PS5,2.3
1156,Ag2BiO3,0.0
1157,Sr5Cd2Sb5F,0.0
1158,CsCd4In5Te12,1.42
1159,Ag0.5Ge1Pb1.75S4,1.83
1160,CuBi(PSe3)2,1.2
1161,YTiO3,0.0
1162,Sb6Pb4Se13,0.65
1163,Ge(WO3)6,0.0
1164,BeO,10.39
1165,Dy12C6I17,0.0
1166,CdSe,1.67
1167,Ni(CN)2,2.0
1168,AgN3,3.44
1169,Ca4Al3O10,0.0
1170,Ba3Sn0.87Bi2.13Se8,0.79
1171,BaCuSbS3,2.0
1172,Tl2Te3As2Se,0.67
1173,Rb2NbCuS4,2.64
1174,Mn3Cr3(CoO8)2,0.0
1175,Sr(RuO3)2,0.0
1176,ErSiPd,0.0
1177,K2ReH9,5.71
1178,Na5Gd(MoO4)4,3.38
1179,Cd2PbO4,0.0
1180,Cd(InS2)2,2.0
1181,Zn0.7Ga0.3P0.3Se0.7,2.15
1182,Ti2MnFe,0.0
1183,LiGaAg2,0.0
1184,Mg3(MnAl9)2,0.0
1185,Ba2NdInSe5,2.2
1186,CaTaNO2,2.4
1187,CdHIO4,4.35
1188,Sm(NiSn)2,0.0
1189,Zn0.75Hg0.25Te1,1.25
1190,NbGaCo2,0.0
1191,CdAg2(PS3)2,2.49
1192,ZnGeP2,2.0
1193,Zn3P2,1.15
1194,MgO,7.67
1195,SiTe2Os,0.0
1196,Sn0.05Pb0.95Se1,0.12
1197,Zn2Sb3O8,0.0
1198,Cu5(Si2O7)2,0.0
1199,Er3Al3NiGe2,0.0
1200,Sc3(MnGa3)2,0.0
1201,EuRhO3,0.0
1202,ThO2,3.3
1203,MnSb3(PO4)6,0.0
1204,AlSn,0.0
1205,Li8Ti16CuS32,0.0
1206,Tb6PbSe10,0.0
1207,LiCl,9.33
1208,Pb3Se2(BrO3)2,3.73
1209,Ge0.03Pb0.97Se0.97S0.03,0.28
1210,HfCo3B2,0.0
1211,Li2PtO3,2.3
1212,Zn0.15Cd0.85Se1,2.5
1213,Ba4LiGa5Se12,2.65
1214,LiBr,7.5
1215,Tb(CuSe)3,0.16
1216,AuBrO2,0.0
1217,InSe,1.05
1218,Sn1Se0.6S0.4,0.98
1219,Tb(CuTe)3,0.46
1220,Sc3(ReSi2)2,0.0
1221,MgRh2Pb,0.0
1222,ThSeO,1.65
1223,GaCuS2,2.38
1224,Zr6Al2Ni,0.0
1225,Hg2Rh,0.0
1226,GdN,1.54
1227,Nd2Ge5Rh3,0.0
1228,CaMgSn,0.0
1229,Ba7Ru4Br2O15,0.0
1230,DyZnGa,0.0
1231,Sr2MgIrO6,0.0
1232,Ga1As0.99P0.01,1.37
1233,Zn0.9Ga0.1P0.1Se0.9,2.3
1234,SiTe2,1.85
1235,GaFe3,0.0
1236,InBi2S4Cl,1.5
1237,HoAlB14,0.0
1238,Eu(SbS2)2,1.2
1239,CeAl2Pd5,0.0
1240,Re3As7,0.0
1241,LiCuPO4,0.0
1242,GeAs3,0.0
1243,CuF,0.0
1244,Cd0.4Hg0.6Se1,0.95
1245,Th2GeSe2,1.98
1246,SnPbS3,0.9
1247,Eu3Sb4Se9,1.08
1248,ReSi2,0.12
1249,Hg5AsS2I3,1.57
1250,Mn7O7F,0.0
1251,V3Cd4(TeO5)3,2.66
1252,Zn0.99Ga0.01Sb0.01Te0.99,2.1
1253,V3Ag,0.0
1254,HfB4Ir3,0.0
1255,LiPm2Ga,0.0
1256,Tl8Os8O27,0.0
1257,Tl2Se,0.37
1258,ThPSe,0.0
1259,CrCu2Si,0.0
1260,Al2S3,4.1
1261,Cd0.6Hg0.4Se1,0.7
1262,K2Ag3Sb3S7,2.2
1263,Na15Sn4,0.0
1264,CaPd3C,0.0
1265,La3Ga1Ge0.5S7,2.54
1266,Th6Mg23,0.0
1267,Li5Mn6(BO3)6,0.0
1268,VAg(IO4)2,2.24
1269,KBiS2,0.86
1270,Yb(SbTe2)2,0.34
1271,Li2CdGeS4,3.1
1272,Ti2Cd,0.0
1273,GeSe2,2.3
1274,CsSbTe2,0.43
1275,CaSnO3,4.4
1276,TaW3,0.0
1277,K2Nd2Ti3O10,3.25
1278,Li17Ti20O40,0.0
1279,Eu2ReO5,0.0
1280,YB2Rh2C,0.0
1281,In1Sb0.4As0.6,0.1
1282,Ce5(SiN3)3,0.0
1283,NdSbPd,0.0
1284,Nd(AsPd)2,0.0
1285,RbY(TeO3)2,3.6
1286,TlN,1.4
1287,CsBi2,0.55
1288,ScCoO3,0.0
1289,Na2SO4,0.0
1290,P4Os,0.4
1291,NaAsS2,2.23
1292,Y3Tm,0.0
1293,Te3MoWS,0.0
1294,ZrAlW,0.0
1295,Cu25Se26,0.0
1296,Na2Mo2Se2O11,3.1
1297,La20Cu9O40,0.0
1298,LuBPd3,0.0
1299,LiMgSnPd,0.0
1300,Ba2GdInSe5,2.24
1301,LiInTe2,1.46
1302,SmSe,0.46
1303,Ho(SiPd)2,0.0
1304,Ba2DyGaTe5,1.13
1305,HgO,2.21
1306,ZrAlRu2,0.0
1307,HgPt,0.0
1308,NaIn3Se5,2.17
1309,YbAgO2,0.0
1310,LaP3,0.0
1311,In0.001Te1Pb0.999,0.3
1312,Zn0.9Ga0.1As0.1Se0.9,2.34
1313,Bi3BTeO9,2.6
1314,ErZn12,0.0
1315,MnTcOs,0.0
1316,Ga2Cu1S3.5,2.42
1317,Ce3(Al3Ru)4,0.0
1318,AlCu3,0.0
1319,RbInGeS4,3.1
1320,Zr5SiSb3,0.0
1321,Cs2Ba3(P2O7)2,6.31
1322,Ga1.85Cu0.15Se2.85,1.92
1323,AsP,0.23
1324,Mg2AgIr,0.0
1325,Er5Si3,0.0
1326,Ba3Er2(PS4)4,3.3
1327,Ba8Hg4Se7S5,1.98
1328,Hg3Bi2(SCl4)2,3.26
1329,Zr3NiO,0.0
1330,Sb2O3,3.2
1331,YbTlS2,0.0
1332,In0.3Ga0.7P1,2.2
1333,Mn(CoO2)4,0.0
1334,TiFe2,0.0
1335,Ga2Se2O7,4.61
1336,ScSi3Ni,0.0
1337,Sr8Al7,0.0
1338,TiV4CuO12,0.0
1339,DyGe,0.0
1340,LiLu2Tc,0.0
1341,Na6FeS4,0.0
1342,PmDy3,0.0
1343,Sc5Bi3,0.0
1344,Dy(CuSi)2,0.0
1345,Li2SnIr,0.0
1346,Si2Ru,0.0
1347,LaBiAu2,0.0
1348,LaCuSeO,2.83
1349,KF,10.3
1350,LiMnSiO4,0.0
1351,Pd16S7,0.0
1352,CsZrPSe6,2.0
1353,Ti4O5,0.0
1354,Cs2ZnSn3Se8,2.12
1355,Mg2CuWO6,0.0
1356,Rb3Zn(BO2)5,2.66
1357,Ti2C,0.0
1358,U(SiNi)2,0.0
1359,GaCuTe2,1.0
1360,GdAs,0.63
1361,K2.15Sb8.15Pb1.7Se15,0.6
1362,Yb2EuSe4,1.3
1363,Ho3Ni19B10,0.0
1364,Hf2Ge,0.0
1365,Na7.36Ga7.24Sn4.78Se24,1.5
1366,CdRhF6,0.0
1367,Li2MnCu3O8,0.0
1368,WSe2,1.35
1369,Zn(InSe2)2,1.82
1370,CrPbO4,2.25
1371,BaCdSnS4,2.3
1372,NaInSe2,2.8
1373,In0.04Te1Pb0.96,0.37
1374,Sr3Sb2,0.0
1375,NdAs,1.04
1376,K2Cd3S4,2.75
1377,Mn3Al10,0.0
1378,Ga3Pt2,0.0
1379,La3GaCuSe7,1.36
1380,Li15Mn2O12,0.0
1381,Si2Te3,2.0
1382,LuSiIr,0.0
1383,KI,5.61
1384,Li2GaPd,0.0
1385,Lu4C7,0.0
1386,Be3Sb2,0.67
1387,BaTiO3,2.96
1388,YbWClO4,4.23
1389,TlCr5Se5S3,0.8
1390,Er3SnC,0.0
1391,SmCo3B2,0.0
1392,VNi5(PO4)6,0.0
1393,Nd2Te3,1.12
1394,IrSeS,1.2
1395,Zr2In5Ni,0.0
1396,Ho(SiPt)2,0.0
1397,Ba2Yb(CuO2)4,0.0
1398,K2Ce(PO4)2,2.46
1399,CeSbO3,0.0
1400,KTm,0.0
1401,SnS2,2.43
1402,GdInIr,0.0
1403,Ba3N2,0.0
1404,EuSb4Te7,0.54
1405,Ba7B3O9F5,4.94
1406,Na10(Ga2Sn)3,0.0
1407,Li4.5Mn0.5Te1O6,1.97
1408,LiCdBO3,4.28
1409,Ti2RePd,0.0
1410,BaGa4S7,3.54
1411,Ba3GeS5,3.0
1412,Mg2V9O13,0.0
1413,Lu2TlCu3Se5,2.12
1414,BiSeO3F,3.83
1415,CuCl,3.2
1416,Te2Pd,1.8
1417,YbDyPd2,0.0
1418,Ce4Bi3,0.0
1419,ThIr5,0.0
1420,KCu2BiS3,1.29
1421,GeP,0.95
1422,CsNa2Sb,0.8
1423,RbUAgS3,0.0
1424,Mg(CoS2)2,0.0
1425,Ba2NdGaSe5,2.18
1426,Te0.99Pb1Se0.01,0.3
1427,TiTe2,1.0
1428,CeMgPt,0.0
1429,ErCuPb,0.0
1430,NaLaS3,2.61
1431,Li6Fe9CoO20,0.0
1432,Ga1.95Cu0.05S2.95,2.64
1433,CsB3O5,7.42
1434,PrMoO4F,3.64
1435,Al0.7In0.3P1,2.3
1436,Li5Fe2Ni3O10,0.0
1437,K2ZnTe2,3.0
1438,Cu6PbO8,0.0
1439,Cu2Se,1.1
1440,ScTiNbO6,3.58
1441,La2MnNiO6,1.2
1442,UPt3,0.0
1443,K2Cd3Se4,2.36
1444,Eu3BWO9,0.0
1445,EuBiW2O9,3.63
1446,Na2In4Se6S,1.92
1447,Hg3Sb,0.0
1448,La2S3,2.77
1449,ReF6,0.0
1450,La(SiRu)2,0.0
1451,TlS,1.36
1452,Te3As2,1.59
1453,YbB66,1.27
1454,Ba5(Ga2Se5)2,2.2
1455,Rb4Ge(PSe3)4,2.0
1456,Cd1Se0.45S0.55,2.05
1457,TlSbSe2,0.82
1458,CuSeO3,0.0
1459,BaZnGeSe4,2.46
1460,TlHg6S4Br5,3.03
1461,Li3VOF5,0.0
1462,Co5Ge7,0.0
1463,NbCuO3,2.0
1464,Ba2V2Te2O11,3.16
1465,Te2Mo(WS2)3,0.0
1466,LiSm3SiS7,2.83
1467,In1Sb0.8As0.2,0.21
1468,Ba3(LiSn2)4,0.0
1469,Mg5As,0.0
1470,Ga1As0.4P0.6,2.1
1471,RbTbSe2,2.5
1472,Sm2AgRu,0.0
1473,Ho2Co17,0.0
1474,Na2Hg3(GeS4)2,2.68
1475,CsHo9(Cd2Se9)2,2.06
1476,Te2Mo2WSe4,0.0
1477,Li2(FeO2)5,0.0
1478,Tm(GeRu)2,0.0
1479,RbCd(BO2)3,4.2
1480,ZnO,3.2
1481,Sb2XeF14,0.0
1482,RbGe3,0.0
1483,ThRh2,0.0
1484,TmSb,0.0
1485,HfHg4(AsCl3)2,2.47
1486,EuAl2O4,2.74
1487,Tl2InGaTe4,0.88
1488,Li7Ti7O16,0.0
1489,BSe2Cl,0.0
1490,Rb6O,0.0
1491,Pm2CuGe,0.0
1492,SeS,1.9
1493,Li15(FeO4)4,0.0
1494,ZnI2,4.53
1495,YbCuSi,0.0
1496,KC60,0.0
1497,CrSi2,1.3
1498,KNb3(TeO6)2,3.52
1499,CeF3,4.85
1500,MgV4O6,0.0
1501,ZrRu3C,0.0
1502,Na2Cr7O14,0.0
1503,TiS3,0.9
1504,Sm(SiAg)2,0.0
1505,Li2Cu2S3,0.0
1506,Cs2Hg3S4,2.8
1507,CsK(PSe4)2,2.36
1508,Bi2Pt,0.0
1509,Cr3N2,0.0
1510,InAgS2,1.88
1511,Ba2DyInTe5,1.35
1512,Nb3Bi,0.0
1513,Li3Co3SbO8,0.0
1514,Sr7Bi23O40,0.0
1515,Cs3Sn3Cl7F2,2.96
1516,Bi5IO7,2.76
1517,Li4VF7,0.0
1518,Tm2ZnHg,0.0
1519,Ti3Fe3O,0.0
1520,Ba2B6H4O13,6.53
1521,Li2Nb2(PO4)3,0.0
1522,Er2Se3,1.66
1523,Sn0.08Te1Pb0.92,0.13
1524,NaSb,0.82
1525,In0.72Ga0.28As1,0.55
1526,La2PI2,0.0
1527,Ce5Si3,0.0
1528,ScBPd3,0.0
1529,TmCdAg2,0.0
1530,Al0.3In0.7P1,1.9
1531,Bi2Te0.4Se2.6,0.7
1532,NbCrW,0.0
1533,K2Zn(SnSe3)2,1.71
1534,In1.01Cu0.99Se2.01,1.08
1535,Bi2Te0.6Se2.4,0.28
1536,Cs2Hg6S7,1.63
1537,CaMg2N2,3.25
1538,KAu(IO3)4,2.75
1539,K2Gd2Sb2Se9,1.33
1540,Yb3V,0.0
1541,Ge0.15Te0.15Pb0.85Se0.85,0.32
1542,Sb8I2O11,2.72
1543,CsCu(SbS2)2,1.7
1544,Li3Mo2P5O18,0.0
1545,KHg2,0.0
1546,Cs2Ga2S5,3.26
1547,LiZr2Os,0.0
1548,Ca2ZnRh,0.0
1549,ErTe,0.9
1550,V3As2O9,0.76
1551,Lu(SiOs)2,0.0
1552,Y(AlSi)2,0.0
1553,Ba3ThSe7,1.96
1554,CuBr,2.9
1555,Zn0.55Ga0.45P0.45S0.55,2.3
1556,CsK2Sb,1.0
1557,Eu2CuO4,0.0
1558,U(MnSi)2,0.0
1559,Al0.6Ga0.4As1,2.3
1560,NdPt,0.0
1561,CsGdZnTe3,2.13
1562,Ba2Ga8SiS16,3.4
1563,Na5Fe6(SiO3)12,0.0
1564,K2Hg3Se2.97S1.03,2.11
1565,BeTcSe,0.0
1566,Cd2AgRh,0.0
1567,ScSbRu2,0.0
1568,CaZn2,0.0
1569,Eu(LuSe2)2,1.7
1570,EuSb4S7,0.98
1571,YbCe2CuSe5,1.05
1572,Mn0.1Te1Pb0.9,0.49
1573,Rb3Tm,0.0
1574,Cu0.5Ge1Pb1.75S4,1.48
1575,CrAs,0.0
1576,SiB3,2.0
1577,LiErAu2,0.0
1578,ScRh3C,0.0
1579,EuTe,1.96
1580,Mn2P,0.0
1581,HgI,2.37
1582,Nd3Te4,1.6
1583,TiTc2Sb,0.0
1584,Lu3TlC,0.0
1585,Na0.8Li0.2As1Se2,1.57
1586,Dy(Al2Cu)4,0.0
1587,Na2Hg3Se1.49S2.51,2.03
1588,ZnGeN2,2.9
1589,Yb(Al2Mo)2,0.0
1590,Ba3ZrRu2O9,0.0
1591,RbMn4Ga5Te12,1.53
1592,Zn(InTe2)2,1.8
1593,Nd(Re2Si)2,0.0
1594,Gd(CuSe)3,0.14
1595,MgAgAs,0.0
1596,Ca3Au,0.0
1597,SiSb3,0.0
1598,RbSc(SeO3)2,4.9
1599,Fe3B,0.0
1600,ZrPd2,0.0
1601,Sm3Al,0.0
1602,Ca5Ir,0.0
1603,Tb(MnGe)6,0.0
1604,NaInTe2,1.6
1605,CsPSe4,2.44
1606,Ce(CoB)4,0.0
1607,Al2Te3,2.2
1608,Ru3Cl,0.0
1609,YScO2,0.0
1610,Li6Mn5FeO12,0.0
1611,Mg3Bi2,0.0
1612,MoSe2,1.6
1613,Ti1C0.9,0.3
1614,LiEuH3,1.5
1615,Sc2(PO4)3,0.0
1616,TmAlCu,0.0
1617,Yb(AlGa)2,0.0
1618,Pb17(Cl9O4)2,3.44
1619,ZnHg3(SCl2)2,2.65
1620,RbCd13,0.0
1621,Ba2InBiS5,1.55
1622,In0.99Ga0.01As0.99P0.01,0.3
1623,TmGe,0.0
1624,Pr1Te1.9,1.0
1625,Na2Pt(IO3)6,2.4
1626,Mg5Tl2,0.0
1627,MnCdO2,0.0
1628,Sn0.07Pb0.93Se1,0.08
1629,CaInPt,0.0
1630,CeAsSe,0.0
1631,Bi2Te2.7Se0.3,0.2
1632,KH(CN2)3,0.0
1633,PrBPt4,0.0
1634,In0.01Ga0.99As1,1.4
1635,Mg9CuO10,0.0
1636,Cs3Bi2Br9,2.5
1637,Rb2Zn3(SeO3)4,4.9
1638,Li5Co2O2F5,0.0
1639,LiIO3,4.0
1640,Gd3S4,0.0
1641,AgBi(PS3)2,1.7
1642,Li2ZnGe,1.1
1643,GaAgSe2,1.3
1644,Rb2NaVF6,0.0
1645,GeSe,1.08
1646,TaInNi,0.0
1647,ReIr3,0.0
1648,Lu3Ga,0.0
1649,ZrNiSb,0.55
1650,SmP,1.09
1651,MnSi,0.6
1652,AgS,0.85
1653,KCeSe4,1.54
1654,FePS,0.25
1655,Ba6Sn6Se13,1.52
1656,Ba2In2S5,2.47
1657,CsTb9(Cd2Se9)2,1.95
1658,Ba4Ga5AgS12,2.52
1659,Hf4Co4Si7,0.0
1660,TaF3,0.0
1661,Ga1Sb0.85As0.15,1.1
1662,LaRe2Ag,0.0
1663,CaEu2O3,0.0
1664,Ge0.3Pb0.7Se1,0.4
1665,Lu2MgHg,0.0
1666,Y2CuO4,0.0
1667,Ta11(CuO6)5,2.58
1668,NdCu3(RuO3)4,0.0
1669,Tm(CoSi)2,0.0
1670,UVC2,0.0
1671,LiCa3As2H,1.4
1672,HoMgZn2,0.0
1673,Ag2PdO2,0.18
1674,Sn0.25Pb0.75Se1,0.04
1675,La(FeAs3)4,0.0
1676,LiFe2(SiO4)2,0.0
1677,GePbS3,2.4
1678,NdFeSi2,0.0
1679,RbSbSe2,1.62
1680,In(PS2)2,2.42
1681,K2In2P3Se10,2.2
1682,DyAg,0.0
1683,Cs0.4K0.6P1Se6,2.1
1684,TmPd,0.0
1685,YMoO4F,3.78
1686,TbGa3,0.0
1687,Te2Ru,0.25
1688,Sn3Ir2Se3,0.43
1689,Dy(InS2)3,1.22
1690,Sc2MnC,0.0
1691,Ce2Fe17,0.0
1692,LiPm2Si,0.0
1693,SrS,4.76
1694,Sr2ZnReO6,0.0
1695,Yb2ZnPb,0.0
1696,BH(PbO2)2,3.76
1697,Be2HgTe,0.0
1698,HfB,0.0
1699,SrIn2Ir,0.0
1700,Sr3Ge(SbSe4)2,0.75
1701,CsNa8(B7O12)3,4.67
1702,Eu(MnGe)2,0.0
1703,ThTeO,1.45
1704,Sr(In4Rh)2,0.0
1705,Cu18S11,0.0
1706,Lu2FeS4,0.0
1707,La3Ge3Br2,0.0
1708,Ni4(PO4)3,0.0
1709,ZrAlPt,0.0
1710,Ag3AsO4,0.0
1711,MnCu3,0.0
1712,Ba4InAgSe6,2.41
1713,U2Zn17,0.0
1714,Cs2MgGe3Se8,2.04
1715,Na2Ga2GeS6,3.29
1716,ErLu3,0.0
1717,NaSn2,0.0
1718,LiMnCuO4,0.0
1719,Li3MnAs2,0.0
1720,Fe4H15(IO8)3,2.3
1721,TmThRu2,0.0
1722,Yb4Sb2S11.25,1.71
1723,Bi0.002Te0.003Pb0.999Se0.999,0.79
1724,Sn1Se0.99S0.01,0.89
1725,DyBiPt,0.0
1726,TiMn2Al,0.0
1727,InAu3,0.0
1728,YbSe,1.5
1729,ZnCu2GeS4,2.1
1730,WO3,2.7
1731,Li2TiMn3O8,0.0
1732,Na2Ge2Se5,2.38
1733,CsScBr3,0.0
1734,Sr3Eu(PO4)3,3.99
1735,DyInCu2,0.0
1736,Li3Mn(CuO3)2,0.0
1737,CsNb6I11,0.0
1738,Ge0.4Te1Pb0.6,0.51
1739,Y2U3O11,0.0
1740,In0.4Ga1.6Cu1S3.5,2.15
1741,Rb2VAgS4,1.83
1742,Zn0.99Hg0.01Te1,2.17
1743,CsAgCl3,0.0
1744,Ag2HgI4,2.47
1745,Hf(CuP)2,0.0
1746,Fe4O7F,0.0
1747,SrLa3MnO8,0.0
1748,La2Ni5B4,0.0
1749,Rb2BaNb2Se11,1.53
1750,CaI2,5.98
1751,Mg2TcO4,0.0
1752,La20Mo12Cl4O63,2.4
1753,Sn0.15Pb0.85Se1,0.13
1754,La3(OsO5)2,0.0
1755,KPAu5S8,2.14
1756,Ge0.1Pb0.9Se0.9S0.1,0.32
1757,SmAs2Au,0.0
1758,InAgSe2,1.04
1759,Ba2ScIrO6,0.0
1760,Na2Nb4Se4O19,3.56
1761,Ga2PbS4,2.38
1762,CuPS3,2.2
1763,CePd5,0.0
1764,Ba4Si3Se9Cl2,1.76
1765,Ag7NO11,0.0
1766,Cd(GaS2)2,3.4
1767,Rb3Sb2Br9,2.48
1768,Sm3OsO7,0.0
1769,GdNiO3,0.0
1770,TbP,0.0
1771,Ca3Bi(PO4)3,4.2
1772,Ga2GeTe3,0.84
1773,K4C2O3,0.0
1774,Ga2Te3,1.32
1775,TlCr5Se7S,0.71
1776,Ho3GaC,0.0
1777,UAlNi4,0.0
1778,KEuAsS4,1.89
1779,HfInCu2,0.0
1780,SnTe,0.3
1781,Na3Sn2ClF6,3.88
1782,Ag3SbS3,1.75
1783,ScTa2NO5,2.67
1784,ErAl9(Fe2Si3)2,0.0
1785,KTiPO5,3.54
1786,Zn3N2,0.0
1787,Cd(PS2)2,3.76
1788,CoP2,0.35
1789,SmNiC2,0.0
1790,HfTc,0.0
1791,AgAsSe2,1.4
1792,W3O7F,0.0
1793,CeRh,0.0
1794,Ge(Bi3O5)4,3.25
1795,Na2TeS3,2.35
1796,Ca6Ag16N,0.0
1797,ZrSb,0.0
1798,Pr2Se3,1.8
1799,YZnBiO4,1.58
1800,Nb3B2,0.0
1801,SmAu3,0.0
1802,InSb2S4Cl,1.8
1803,Ba(ZnAs)2,0.23
1804,Li3Bi,0.7
1805,ErN,2.4
1806,Al0.75Ga0.25As1,2.42
1807,Ni3Pt,0.0
1808,V2(OF)3,0.0
1809,La4InSbSe9,1.76
1810,Ba6Ag2.7Sn4.3S16,1.38
1811,BaSn3,0.0
1812,ScGe2,0.0
1813,LiInSnS4,2.3
1814,Ba3BSbS6,2.62
1815,Al0.4Ga0.6P1,2.35
1816,AsPRu,0.8
1817,RbC8,0.0
1818,BaGa2SnSe6,1.6
1819,Ba2ZnSe3,2.75
1820,K(CoSe)2,0.0
1821,NaB15,0.32
1822,Li3Co2(GeO4)3,0.0
1823,MgIn3,0.0
1824,Ce3AlC,0.0
1825,POsSe,1.4
1826,Ba2YReO6,0.0
1827,YbMn2O5,0.0
1828,Si0.0645Ge0.9355,1.04
1829,Si2SbO6,0.0
1830,LiHoAu2,0.0
1831,Li2FeWO6,0.0
1832,Ba2DyInSe5,2.27
1833,SmNi2B2C,0.0
1834,Ni3Ge,0.0
1835,Ca5Au2,0.0
1836,KMo6S7,0.0
1837,Zn0.9Ga0.1P0.1S0.9,2.8
1838,Ti5ZnO7,0.0
1839,PrGaAu2,0.0
1840,CdBiClO2,3.08
1841,TiZn3,0.0
1842,Nd3AlC,0.0
1843,PrB4,0.0
1844,TbSe2,0.0
1845,ZrNiSn,0.0
1846,ScZn3,0.0
1847,Hg3As,0.0
1848,Cd(In15Te23)2,1.17
1849,Li8BiS6,0.0
1850,Pr5In11Ni6,0.0
1851,CaHg2,0.0
1852,HoCdCu4,0.0
1853,Ba3FeS4Br,1.65
1854,CsGdO3,0.0
1855,TeMoSe,0.0
1856,Mn15Si26,0.7
1857,BaTeMo2O9,3.12
1858,PrIn,0.0
1859,Zn0.42Ga0.58As0.58Se0.42,1.67
1860,In1.3Cu0.7Se2.3,1.1
1861,Sc5Pb3,0.0
1862,Fe12As5,0.0
1863,CsGe5BO12,4.89
1864,SmCuSi,0.0
1865,Tm2IrPd,0.0
1866,KB5PbO9,3.1
1867,Na19Zr11S30,0.0
1868,Ba3Ho2(PS4)4,3.3
1869,U2Al3C4,0.0
1870,BeSe,4.0
1871,Sn0.06Pb0.94Se1,0.14
1872,Ti5Zn4(TeO6)3,0.0
1873,Tb3ReO7,0.0
1874,KCu4AsS4,1.9
1875,Tb10B7C10,0.0
1876,YbPmPt2,0.0
1877,Si0.2Ge0.8,0.86
1878,LiGaO2,5.6
1879,CuI,2.8
1880,CdPd,0.0
1881,Be22Re,0.0
1882,Ca(CoGe)2,0.0
1883,Ga2HgS4,2.79
1884,K6Ta2.93Nb1.07S22,1.88
1885,Al2Ru,0.0
1886,Li14Ti21O48,0.0
1887,Ca2Ge,1.0
1888,Al0.99Ga0.01P1,2.49
1889,CrFeP,0.0
1890,Ho(BiO3)2,0.0
1891,Nb6VSb3O25,3.2
1892,Ba4Yb(CuO3)3,0.0
1893,U2MnN3,0.0
1894,Ca(AlZn)2,0.0
1895,Li2Ni3TeO8,0.0
1896,Li2HgGeS4,2.46
1897,CsCaBO3,3.93
1898,Mg2Si,2.27
1899,CrB2(PbO2)6,1.8
1900,NaCdSb,0.0
1901,Mg(As2Rh3)2,0.0
1902,Tl2TeI6,1.47
1903,Pm3I,0.0
1904,SbTeRh,0.5
1905,Sn(PO3)3,0.0
1906,In0.8Ga0.2As0.2P0.8,1.4
1907,FeAgTe2,0.28
1908,In0.5Ga0.5P1,1.9
1909,GaAgGe5Se12,2.14
1910,Mn(SbO2)2,2.65
1911,In2HgTe4,0.86
1912,CrH9(CN2)3,0.0
1913,Dy2C,0.0
1914,Mg2CrN2,0.0
1915,PrAs,1.0
1916,Sm3Sc,0.0
1917,ZrRh,0.0
1918,DySn3,0.0
1919,Y(CuSi)2,0.0
1920,Pr2CdSn,0.0
1921,Cd(GaSe2)2,2.1
1922,Cd1Se0.65S0.35,1.93
1923,CsMn4In5Te12,1.48
1924,Hg8Bi3As4Cl13,2.43
1925,Li2FeSnS4,1.86
1926,PtS,0.38
1927,Mn3(OF3)2,0.0
1928,Ba6Ga2SnSe11,1.99
1929,B4W,0.0
1930,Y3GaS6,2.88
1931,HoB4,0.0
1932,ZnSb3,0.0
1933,Sb5IO7,1.95
1934,Tl(MoSe)3,0.0
1935,RbCu2SbS3,1.67
1936,RbB5(H2O3)4,0.0
1937,Sn0.06Te1Pb0.94,0.28
1938,PmMgCd2,0.0
1939,EuN,1.25
1940,Tm2MgRu,0.0
1941,RbCuSnS3,1.44
1942,CsZn2B3O7,5.69
1943,USbSe,0.0
1944,Tl5Te3,0.0
1945,LaInS2O,2.73
1946,WCl3,0.0
1947,NaCl,8.4
1948,NdMnSbO,0.0
1949,BAs,1.45
1950,CuP2,1.4
1951,CsRb(PSe4)2,2.41
1952,Cd0.8Hg0.2Se1,0.45
1953,Al0.1Cd0.9Sb0.1Te0.9,1.36
1954,Sm(InS2)3,1.18
1955,Nb2O5,3.08
1956,TmB2C,0.0
1957,In5AgS8,1.76
1958,EuF3,0.0
1959,TlSbS2,1.42
1960,NbPt2,0.0
1961,BaLi4,0.0
1962,Ba3NaIr2O9,0.0
1963,CsH3(SeO3)2,4.77
1964,V3Bi(PbO4)3,2.5
1965,Sn0.2Te1Pb0.8,0.08
1966,SrPbO3,1.78
1967,KTa3CuO9,0.0
1968,Zn2MoSeO7,4.2
1969,Zn(FeN)2,0.0
1970,TlCr5S8,1.01
1971,LiGa(GeSe3)2,2.64
1972,CdBr2,4.47
1973,Li2CuF6,0.0
1974,Tb2SbO2,0.0
1975,MgTl,0.0
1976,SnI2,2.4
1977,Cd1Se0.01S0.99,2.4
1978,CrFe2Sb,0.0
1979,SbPbBrO2,2.67
1980,Rb2Cd(PSe3)2,2.58
1981,PW5O17,0.0
1982,Na2CdSnS4,2.52
1983,KP(HO2)2,6.95
1984,V2GaSn2,0.0
1985,LiEr2Ga,0.0
1986,LiTi3O6,0.0
1987,La1.86Tb1.14Ga1.67S7,2.67
1988,Tb0.52Pr2.48Ga1.67S7,2.61
1989,Nd(SiIr)2,0.0
1990,RbU2SbS8,0.0
1991,LiIn2Rh,0.0
1992,LiPm2Ir,0.0
1993,TaTl3S4,2.18
1994,TlFeI3,0.0
1995,Ce6B2(CBr)3,0.0
1996,P2Se5,2.2
1997,Bi2(PO4)3,0.0
1998,SmSb,0.59
1999,Re3F,0.0
2000,TiCoGe,0.0
2001,Na8PO3,0.0
2002,K3Ta2AsSe11,1.45
2003,SmHoHg2,0.0
2004,CeSiOs,0.0
2005,Cu2Hg2SF6,0.0
2006,BaAu2,0.0
2007,MgInPd2,0.0
2008,RbHg3,0.0
2009,SiGe,0.88
2010,K2Gd2Ti3O10,3.3
2011,Ce2GeSe5,1.7
2012,Sb2Te,0.0
2013,MnCu2Sn,0.0
2014,Nb2Cr4Si5,0.0
2015,Rb2Cd3(B4O7)4,4.76
2016,CoCu2Sn,0.0
2017,Cs5Bi(PSe3)4,1.85
2018,Cs1.13Cd1.13Bi2.87Se6,1.0
2019,BaPt5,0.0
2020,Eu(BiTe2)2,0.44
2021,Lu2Mn12P7,0.0
2022,RbLiCO3,6.28
2023,EuClO,0.0
2024,K5In3P6Se19,2.2
2025,LaCdAu,0.0
2026,La2Ga0.33Sb1S5,1.76
2027,CdAs2,0.89
2028,RbBa2(PO3)5,7.6
2029,ZnSnSb2,0.3
2030,Cd3Te2MoO10,3.81
2031,ScBe5,0.0
2032,Pr2GeSe5,1.8
2033,CeTaN2O,1.9
2034,HgTe,0.15
2035,Li4Ni3BiO8,0.0
2036,SiSe2,1.72
2037,Al0.2Ga0.8P1,2.3
2038,Zn(Bi19O29)2,2.88
2039,Pb3O4,2.12
2040,Ag(AuS)2,0.0
2041,In1Ag1.75Sb5.75Se11,0.94
2042,La3(ReO5)2,0.0
2043,LiSn4Ir,0.0
2044,InSb,0.16
2045,HfVSi,0.0
2046,LiAlB14,1.82
2047,Sn0.13Pb0.87Se1,0.02
2048,TmBPd3,0.0
2049,RbBiSe2,0.72
2050,Yb5Au4,0.0
2051,ErNiSn,0.0
2052,SnO2,3.6
2053,Dy4CdRh,0.0
2054,LiPm2Al,0.0
2055,ZrGe2,0.0
2056,CaOsO3,0.0
2057,NiP2,0.3
2058,AsS,2.4
2059,LaCd2,0.0
2060,Ga4PbS7,3.08
2061,BaLa2In2Se7,1.66
2062,Pr2Au,0.0
2063,Sm5Br11,0.0
2064,ScSbRh2,0.0
2065,Ba2GaSe4,1.63
2066,Sr3Co2S2O5,0.0
2067,CsAsSe2,1.86
2068,TiAsRh,0.0
2069,Dy3GaS6,2.81
2070,LaSi2,0.19
2071,ScRh,0.0
2072,Nd4MgRu,0.0
2073,Sr3Ti2O7,3.26
2074,Ga2S3,2.8
2075,VIn(NiO3)2,1.92
2076,LaSi2Ru,0.0
2077,Sm2Te3,0.7
2078,LiSiPd2,0.0
2079,Rh3Pb,0.0
2080,Ge0.39Te1Pb0.61,0.56
2081,Ga9Rh2,0.0
2082,SrV13O18,0.0
2083,Te4MoW3S4,0.0
2084,Mn2OF3,0.0
2085,TbTl,0.0
2086,InAs,0.28
2087,Lu2AlTc,0.0
2088,AlN,5.9
2089,Cd0.9Hg0.1Se1,0.35
2090,InSb2Se4Br,1.35
2091,LaNbN2O,1.7
2092,RbAg2SbS4,2.3
2093,SrB2,0.0
2094,SmCuSe2,2.1
2095,Ca(NdS2)2,2.7
2096,Mg(FeS2)2,0.0
2097,Sm3Te4,0.51
2098,Ba4Sb3S8Cl,2.09
2099,Fe2O2F3,0.0
2100,NaSbSe2,1.2
2101,Y2AlZn,0.0
2102,Li2TlAg,0.0
2103,KAg2SbS4,2.2
2104,Ga2PbSe4,1.83
2105,FeAsS,0.06
2106,Al0.05Cd0.95Sb0.05Te0.95,1.37
2107,CuN3,4.17
2108,SbPt3,0.0
2109,LuNiBC,0.0
2110,Be3N2,3.8
2111,CdSb2Se3Br2,1.4
2112,Rb1.54Cd1.54Bi2.46S6,1.33
2113,KBiSe2,0.61
2114,VIr,0.0
2115,Cs2ZnGe3Se8,2.31
2116,Sb2S3,1.63
2117,NaHg,0.0
2118,HfSi,0.0
2119,Th(FeSi)2,0.0
2120,PbSe,0.14
2121,Ca11Ga7,0.0
2122,Zn0.2Ga0.8Sb0.8Te0.2,1.15
2123,SrGe2,0.9
2124,HoZnRh,0.0
2125,CsAg2TeS6,2.04
2126,BiAs2Os,0.0
2127,Cs2La1.19Bi8.81S16,1.0
2128,Cr2GeC,0.0
2129,Ba3PN,0.0
2130,Ag2P2PbO7,0.0
2131,U3Ni3Sn4,0.0
2132,Cd3Sb2,0.3
2133,UAl3,0.0
2134,YbCuGe,0.0
2135,ErTlPd,0.0
2136,AgP15,1.47
2137,Pr27Se40,0.0
2138,BaTi4O7,0.0
2139,AlVCo2,0.0
2140,Nd2BC,0.0
2141,Ca3La2(SnS4)3,1.45
2142,Li3V12O29,0.0
2143,Ba2LaIrO6,0.0
2144,Gd1.47Mn2.04In0.49S5,1.75
2145,Ba3BSbSe6,1.89
2146,GeI2,1.5
2147,EuPd,0.0
2148,La2B4Rh5,0.0
2149,BMo,0.0
2150,Na2Te,2.3
2151,Ga1.5Cu0.5Se2.5,1.76
2152,AsPPd,0.45
2153,Na2Sn2Hg3S8,2.45
2154,Li4V5Cu3O16,0.0
2155,AgGeO3,0.0
2156,Ba4Ge3S9Cl2,2.91
2157,Cu10Sb3,0.0
2158,YCd4B3O10,3.78
2159,LuScRu2,0.0
2160,K2Cd3Te4,2.26
2161,Ga2Se3,1.86
2162,Cr2NiS4,0.0
2163,Li3FeNi3O8,0.0
2164,Cd4Sb3,1.25
2165,ZnSn3,0.0
2166,NaH3(SeO3)2,4.9
2167,TaAs,0.0
2168,Ag9(PbO3)4,0.0
2169,Ce2Ti2O7,0.0
2170,AlCu7O12,0.0
2171,Ho(NiB)2,0.0
2172,Pb2O3,1.67
2173,Ba23Ga8(SbS19)2,2.84
2174,YbAg2,0.0
2175,Cs4Ge5(PbS4)4,1.95
2176,U2Ti,0.0
2177,Rb3Ta2AsS11,2.21
2178,PtS2,0.75
2179,AgAsS2,2.14
2180,Ga0.04Te1Pb0.96,0.37
2181,CdPt,0.0
2182,Yb3Tc,0.0
2183,Zn8Ag5,0.0
2184,Li3Cu4NiO8,0.0
2185,Bi2O5,0.0
2186,DyZrRu2,0.0
2187,InHgW2,0.0
2188,Ti(Bi3O5)4,3.09
2189,SmPbAu,0.0
2190,DyNiGe2,0.0
2191,NdMg2Ni9,0.0
2192,BaLa2In2S7,1.87
2193,Tb4Al2O9,4.59
2194,VBi24O41,3.25
2195,LiTi11O20,0.0
2196,GaTc,1.42
2197,Zr6Sb2Pt,0.0
2198,Zn0.75Hg0.25Se1,1.4
2199,CoH2(SN)4,0.0
2200,Ge0.06Te0.06Pb0.94Se0.94,0.28
2201,Zn(CoO2)2,0.0
2202,TaTiFe2,0.0
2203,SiP,2.0
2204,FeCoAs,0.0
2205,Rb5Li6(BO2)11,6.53
2206,Zn0.8Hg0.2Te1,1.4
2207,Er2Fe14B,0.0
2208,In1Sb0.3As0.7,0.11
2209,Ga1.5Cu0.5S2.5,2.43
2210,NbSnIr,0.28
2211,TbCl,0.0
2212,K2AgSnSe4,1.8
2213,PRuS,1.4
2214,KInS2,3.0
2215,Bi0.04Te0.06Pb0.98Se0.98,0.28
2216,Sr2GaCo2O7,0.0
2217,CdAg2GeS4,2.32
2218,Dy4GaSbS9,2.58
2219,Na2Cd(GeS3)2,2.57
2220,Hf5Pb,0.0
2221,UGa2,0.0
2222,Li8TiNi7O16,0.0
2223,Al0.01In0.99P1,1.3
2224,RbGeB3O7,5.58
2225,Ba4Si20Au3,0.0
2226,Ca2NiIrO6,0.0
2227,Cd3AgPS6,2.56
2228,Cr10Sb3Te7,0.0
2229,In(MoSe)3,0.0
2230,Yb14Ti10O41,0.0
2231,K2Ge2PbS6,2.85
2232,Ca(BiO2)2,3.08
2233,P2Pd3S8,2.12
2234,Dy2CuOs,0.0
2235,BePd2,0.0
2236,CsTiCl3,0.0
2237,Dy2MgIn,0.0
2238,Ba2SmInSe5,2.22
2239,Cs5P5Se12,2.17
2240,Mg3(B25C4)2,2.7
2241,La3NiBr3,0.0
2242,Ta3B4,0.0
2243,Sc6NiTe2,0.0
2244,Pt3Pb,0.0
2245,Ce8U2O21,0.0
2246,Yb3Sn13Rh4,0.0
2247,YbSn2Pd,0.0
2248,Li2HgGe,0.93
2249,BaDy2CuO5,0.0
2250,LaHg,0.0
2251,UO,1.5
2252,AgBi(PSe3)2,1.4
2253,Eu(InS2)2,1.5
2254,Ba2YInSe5,2.31
2255,SiAs2,0.88
2256,Ba3CaRu2O9,0.0
2257,Tl2Cu2SnS4,1.4
2258,Sr(LaS2)2,2.85
2259,Zn0.7Ga0.3As0.3Se0.7,1.93
2260,Nd4O3F7,0.0
2261,LiMnCoO4,0.0
2262,Rb5(W4O15)2,0.0
2263,CuPd,0.0
2264,Ga1.2Cu0.8Se2.2,1.58
2265,FeBi(SeO3)3,2.54
2266,ErB2Ir3,0.0
2267,LiCa2Ga,0.0
2268,PdSe,0.2
2269,Ni(PO3)4,0.0
2270,TbCo2,0.0
2271,CsInS2,3.4
2272,YbNd2CuS5,1.35
2273,ZnB12(H5O12)2,4.6
2274,ZnCu3P3O13,0.0
2275,Cd0.1Ga0.9Sb0.9Te0.1,0.78
2276,KAg2,0.0
2277,Rb2TeBr6,2.14
2278,LiTm2Rh,0.0
2279,La2Ge2Se7,1.08
2280,CuPtO2,0.0
2281,GeAs,1.01
2282,Cu4H10SO12,0.0
2283,Tl3Pb,0.0
2284,PbS,0.28
2285,Er(CuTe)3,0.24
2286,ScZn2,0.0
2287,Lu2Fe2Si2C,0.0
2288,Li6FeO6,0.0
2289,Sn0.08Te0.08Pb0.92Se0.92,0.22
2290,CeO2,3.41
2291,Ba(SnO2)4,0.0
2292,Tb2AlCo2,0.0
2293,SmCuSeO,2.6
2294,Cs2VAgS4,1.77
2295,Al7(CN)3,0.0
2296,Ba2BiSbO6,0.0
2297,Al0.15Ga0.85As1,1.6
2298,GdB(SbO4)2,3.48
2299,B3H2Pb2O7.5,4.42
2300,FeSn,0.0
2301,LiB3O5,7.75
2302,Cs3Bi2I9,1.8
2303,ZnCrO2,0.0
2304,TbYHg2,0.0
2305,LaGeI,0.0
2306,K4Ag9(SbS3)4,2.0
2307,LiCoS2,0.0
2308,Hg3Bi2(TeCl4)2,2.8
2309,Ba2NaCu3S5,0.45
2310,Zn0.95Ga0.05P0.05S0.95,2.7
2311,Te0.05Pb1Se0.95,0.26
2312,Mg2GeB2Rh5,0.0
2313,SbOsSe,0.4
2314,K(FeAs)2,0.0
2315,Dy2AlCo2,0.0
2316,GaBi,0.1
2317,LiSiRh2,0.0
2318,Cs4Ga4Si19,1.14
2319,AgBiSe2,0.34
2320,HfFe2,0.0
2321,Li8PO3,0.0
2322,Rh0.67Se2,0.7
2323,Ce4FeSe6O,0.0
2324,GaFeNi2,0.0
2325,GdO2,0.0
2326,CsI,6.3
2327,TlAgTe2,0.1
2328,K2Th(CuS2)2,2.17
2329,Na11Ti20O40,0.0
2330,Ag0.5Ge1Pb1.75Se4,1.51
2331,Ni3S4,0.0
2332,Sm2Se3,2.3
2333,Ga1.01Sb0.99Se0.03,0.62
2334,RuSe2,1.0
2335,Sm1.82Lu2.18Se6,1.51
2336,TlZn2Tc,0.0
2337,Eu7(Ga3Sb4)2,0.6
2338,Bi0.6Sb1.4Te3,0.2
2339,InFe2CuSe4,0.0
2340,AlIr,0.0
2341,PmSbRh2,0.0
2342,PmHgAu2,0.0
2343,Cd3As2,0.11
2344,K2Sb8Se3,1.31
2345,KCd4Ga5Se12,2.16
2346,Al0.99Cd0.01Sb0.99Te0.01,2.21
2347,CeAsPd,0.0
2348,NdTe,0.0
2349,KAgF3,0.0
2350,Ca(BC)2,0.0
2351,LiInSe2,2.83
2352,NaSm(PS3)2,2.54
2353,InAgO2,4.2
2354,Li2V2F7,0.0
2355,Sr2ScSbO6,3.57
2356,Ho2B4C,0.0
2357,CdS,2.39
2358,PH2NO2,0.0
2359,Bi2Te2.97Se0.03,0.15
2360,Gd1.87Lu2.13Se6,1.56
2361,Rb2NbCuSe4,2.19
2362,BaEu2Mn2O7,0.0
2363,Ge0.01Te0.99Pb0.99S0.01,0.32
2364,CsGeI3,1.6
2365,Zn0.5Cd0.5Se1,2.9
2366,Sr3Li4La5O12,0.0
2367,Zr(Fe2Si)2,0.0
2368,SnAs3,0.0
2369,Ge0.05Te1Pb0.95,0.34
2370,Tm2In,0.0
2371,PrGeAu,0.0
2372,CuSbS2,1.38
2373,UAl4,0.0
2374,Ga1As0.7P0.3,1.8
2375,Ho(BC)2,0.0
2376,SrNi2(PO4)2,0.0
2377,Tb11S16,0.0
2378,Bi2(MoO4)3,2.9
2379,Zr7P4,0.0
2380,In4As5(BrO4)3,4.22
2381,Ir0.67S2,2.0
2382,CdAg,0.0
2383,Ca2Mn9O13,0.0
2384,UAu2,0.0
2385,Li6Mn5CoO12,0.0
2386,Sn5(BRh3)2,0.0
2387,Li2ZnSnSe4,1.87
2388,KTeP2,1.4
2389,Al0.6Ga0.4P1,2.4
2390,Li3FeTe4O11,1.98
2391,NaLu(Pd3O4)2,0.0
2392,K4(ZrSe5)3,1.81
2393,YSiNi,0.0
2394,Sc5NCl8,0.0
2395,TiFeH2,0.0
2396,Cr2O3,3.4
2397,YBi,0.0
2398,Pb1Se0.99S0.01,0.26
2399,CsCeHgSe3,1.94
2400,DyCoSi2,0.0
2401,Cd0.05In0.95Te0.05As0.95,0.68
2402,AgSO4,0.18
2403,Li0.33Ag1Sn0.67O2,2.7
2404,Li2Ga(GeSe3)2,2.64
2405,K2Cd(PSe3)2,2.58
2406,Sm(CuS)3,1.82
2407,Ba2GaBiTe5,1.43
2408,BiIO,1.89
2409,Li9Ga13(Te7O22)3,4.45
2410,Ca2GeN2,0.0
2411,B6As,1.51
2412,Si0.1Ge0.9,0.8
2413,TcB,0.0
2414,KGaSe2,2.6
2415,Zr2CuS4,0.0
2416,LaMg(FeO3)2,0.0
2417,Sb2Te3,0.19
2418,LiB3,2.0
2419,Be12Pt,0.0
2420,BP,4.2
2421,Yb(SiAg)2,0.0
2422,Ho5(Ge5Rh2)2,0.0
2423,SmCdHg2,0.0
2424,DyYAg2,0.0
2425,BaAg2,0.0
2426,SrAl,0.0
2427,KFeCuTe2,1.06
2428,Li5Co2Ni3O10,0.0
2429,Li2NdAs2,0.0
2430,Tm4In(NiGe2)2,0.0
2431,Eu(ZnSi)2,0.0
2432,Cu2Te,1.02
2433,Mn3Cr3(TeO8)2,0.0
2434,KCuSnSe3,1.04
2435,Ce1Mn0.5Se1O1,2.01
2436,P2Ru,0.8
2437,LiLa2IrO6,0.0
2438,YbSm2CuS5,1.28
2439,LaTaN2O,2.0
2440,U4S3,0.0
2441,YbPO4,0.0
2442,Tb2(MoO4)3,1.41
2443,ZrPd3,0.0
2444,Ba2InSbSe5,1.92
2445,Co7Re17O48,0.0
2446,SmCuSO,2.9
2447,NaFe2O3,0.0
2448,LiHf2Ir,0.0
2449,HoC2,0.0
2450,Na3MoClO4,4.69
2451,Ba2Cu5F14,0.0
2452,YB66,0.8
2453,Ba3Dy2(PS4)4,3.28
2454,Rb2Sn3(SbS5)2,2.33
2455,Ca(AgGe)2,0.0
2456,TaNiB2,0.0
2457,Zr4Co4Ge7,0.0
2458,CuP2(HO3)2,0.0
2459,BaYb2O4,0.0
2460,V2ZnO4,0.0
2461,K2Mo2Se2O11,3.3
2462,Cu2WSe4,1.65
2463,CaO,6.93
2464,ZnSb2MoO7,3.3
2465,LiMn4O8,0.0
2466,Cs2Cd3(B4O7)4,4.76
2467,NiO,4.0
2468,Rh7(PbO5)3,0.0
2469,As2S5,2.48
2470,CuBiSO,1.07
2471,Ba14Na8CaN6,0.0
2472,Y2Ru2O7,0.0
2473,K2RbSb,1.2
2474,Ga5Ge(PbSe3)4,1.91
2475,Sr2Co2O5,0.0
2476,Cs6.4Na1.6Ga8Ge38,0.22
2477,Rb2Mo9Se10,0.0
2478,Hf5Sn4,0.0
2479,Tb2GeS5,2.1
2480,SbRuSe,0.9
2481,NdTiGe,0.0
2482,CsAgSb4S7,2.04
2483,Pd3(PbS)2,0.0
2484,BaAl4Se7,3.4
2485,K10Co4Sn4S17,1.31
2486,LiNbO3,3.9
2487,TiOs3,0.0
2488,CdTeO3,3.55
2489,Eu(Ni2B)6,0.0
2490,Nb40N21O16,0.0
2491,BeS,4.17
2492,LiMo3O8,0.0
2493,GeO2,5.54
2494,Ge3Ru2,0.34
2495,Zr3O,0.2
2496,BaO,4.8
2497,Ba8Al10B12O41,3.1
2498,VAg2I3O11,2.16
2499,DySiIr,0.0
2500,CaGaGe,0.0
2501,H6Pt(I3O10)2,2.12
2502,NdIn3,0.0
2503,Cs3Sb2I9,1.89
2504,In1Sb0.9As0.1,0.27
2505,Li3Cr(NiO2)4,0.0
2506,Nd(CoSi)2,0.0
2507,TiFe2Sb,0.0
2508,Ba2GdGaSe5,1.87
2509,Ti2BRh6,0.0
2510,GaTc2W,0.0
2511,Ba3Bi2TeO9,2.3
2512,Eu(NiAs)2,0.0
2513,Cd2InAgTe3,0.47
2514,RhSe2,0.6
2515,Li2Ti3FeO8,0.0
2516,CrBi2I2O11,2.4
2517,LiTmSn,0.0
2518,CsGa7,0.0
2519,Dy1Te1.7,0.35
2520,FeP,0.0
2521,ZnTe,2.1
2522,ZrSe,0.0
2523,Sr2Be2B2O7,8.0
2524,NbSi2,0.0
2525,Y4CuTe8,0.0
2526,MnFeAs,0.0
2527,CsGa(SnSe3)2,1.87
2528,Na3In2Au,0.0
2529,RbCl,8.1
2530,Nd3Ge5,0.0
2531,UGeRh,0.0
2532,ThRu3C,0.0
2533,Gd(InS2)3,1.13
2534,Ga0.01Te1Pb0.99,0.42
2535,NdF3,6.15
2536,Si0.12Ge0.88,0.84
2537,CrNiAs,0.0
2538,BiO,0.0
2539,In1Sb0.6As0.4,0.13
2540,TmCuSi,0.0
2541,Zn3(InS3)2,2.8
2542,Bi4Pb7Se13,0.29
2543,Sr(YbS2)2,0.0
2544,KSb(SO4)2,4.64
2545,SrTh(PS4)2,3.02
2546,Nd2Ru2O7,0.0
2547,HfAlPd2,0.0
2548,Sr5V3O12F,4.5
2549,Cd0.2Ga0.8Sb0.8Te0.2,0.8
2550,Li3Mn4(PO4)6,0.0
2551,Li7Ti16O32,0.0
2552,TiCr3(PO4)6,0.0
2553,Cs2TeI6,1.5
2554,Yb3Ti3O14,0.0
2555,K2Hg(PSe3)2,2.25
2556,Zn0.1Ga0.9Sb0.9Te0.1,1.0
2557,Ga1As0.01P0.99,2.23
2558,YCoO3,0.0
2559,Ba3Ag2(SnS4)2,2.37
2560,YCu3(WO3)4,0.0
2561,Cs2Sn(PSe3)2,2.06
2562,Cd0.5Hg0.5Se1,0.8
2563,AlB2,0.0
2564,DyPO4,6.38
2565,Li3PS4,3.68
2566,BSb,2.6
2567,Tb(FeP3)4,0.0
2568,FeCuS2,0.43
2569,Y3Si3Pd2,0.0
2570,BPb2ClO3,3.99
2571,Mo5As4,0.0
2572,LiGaTe2,2.31
2573,U3Nb,0.0
2574,RbCd4Ga5S12,3.02
2575,AsSI,2.05
2576,ThSi,0.0
2577,NaFe2(SiO3)4,0.0
2578,Ge0.2Te1Pb0.8,0.4
2579,Ba5Ge3,0.0
2580,Fe9Co7,0.0
2581,RbPPbO4,4.35
2582,Bi0.2Te0.3Pb0.9Se0.9,0.25
2583,In5CuS8,1.34
2584,Li2Sn5,0.0
2585,Li(CuO)3,0.0
2586,CaTi4O8,0.0
2587,P2H12N7Cl,0.0
2588,B5Mo2,0.0
2589,PrMgAg2,0.0
2590,U5Ge3,0.0
2591,ZnSb,1.05
2592,Mg17Al11Pd,0.0
2593,KCuSnS3,1.47
2594,Gd(SiRu)2,0.0
2595,Tm2MgTl,0.0
2596,Ca3Sn2S7,0.0
2597,Tl0.01Te1Pb0.99,0.59
2598,Ti3PO7,0.0
2599,KBiO3,0.0
2600,Cd0.7Hg0.3Se1,0.55
2601,Ga1.95Cu0.05Se2.95,1.96
2602,EuZn,0.0
2603,In2Pt,0.0
2604,UCo4Sn,0.0
2605,CsTa3(SeO6)2,3.88
2606,YMoClO4,3.82
2607,FeP4,0.32
2608,RbCuPdF5,0.0
2609,NaBi3,0.0
2610,BaPrO3,2.0
2611,Zn0.05Ga0.95Sb0.95Te0.05,0.85
2612,Fe3Si,0.0
2613,Ta4FeTe4,0.0
2614,PbN6,2.98
2615,KGaSnSe4,1.73
2616,BaS,3.88
2617,NaCuO,0.0
2618,Rb2Ti(CuS2)2,2.19
2619,Si0.162Ge0.838,1.32
2620,ErMg2,0.0
2621,Al4Cu9,0.0
2622,Sn1Se0.01S0.99,1.08
2623,NbHg3F6,0.0
2624,KRbBi8Se13,0.64
2625,CsInSnS4,2.9
2626,YSn3,0.0
2627,BaGe3Pt,0.0
2628,Rb28(Mg3In17)3,0.0
2629,MnAlAu2,0.0
2630,Cd2InCuTe4,0.85
2631,TmBRh3,0.0
2632,TlAsS2,2.15
2633,NdErZn2,0.0
2634,In2Cu1S3.5,1.43
2635,K2Bi8Se13,0.47
2636,La5Cu6.33S7O4,2.0
2637,Rb3Sb,1.0
2638,ScCuO2,3.3
2639,U2SnRh2,0.0
2640,Zn3Cu10(TeO6)6,0.0
2641,CsInI3,0.0
2642,K3LiNb6O15,0.0
2643,TlBr,2.63
2644,Sb3IO4,2.61
2645,CsMn4In5Se12,1.79
2646,Sr3(AlSn)2,0.0
2647,AgBiS2,0.9
2648,ThCrB4,0.0
2649,YbSb4Te7,0.22
2650,RbMoPO6,2.96
2651,MnO,3.6
2652,BaMnO3,0.0
2653,TlGaS2,3.4
2654,CaHfZn,0.0
2655,Y2S3,2.9
2656,TbInAg2,0.0
2657,Ca5(Bi7O13)2,2.6
2658,PbBr2,3.2
2659,MgGeN2,4.2
2660,Y(NiP)2,0.0
2661,B4H2Pb6O13,3.24
2662,In4S5,0.9
2663,EuSnO3,0.0
2664,Y3GaCo3,0.0
2665,Ho2Au,0.0
2666,EuS,1.65
2667,Dy2(GePt3)3,0.0
2668,Ce(PPt2)2,0.0
2669,Eu(AlAu)2,0.0
2670,Li4.5Al0.5Te1O6,4.9
2671,NdZn2Ag,0.0
2672,NdTlPd,0.0
2673,Cu2Sb,0.0
2674,Bi1.6Sb0.4Te3,0.16
2675,LaReB,0.0
2676,LaYbZn2,0.0
2677,Zn0.43Cd0.57Se1,2.8
2678,KLi(WO3)3,0.0
2679,Ba5Ga6GeP12,1.39
2680,PrSb,0.66
2681,Nb3(Fe10B3)2,0.0
2682,KAg2AsS3,2.25
2683,Ge5(Te4As)2,0.0
2684,Cd0.5In2.25Ag0.25Te4,0.39
2685,CeAl3Ni2,0.0
2686,SmTe,0.22
2687,Sc6FeSb2,0.0
2688,NaAsO3,0.0
2689,CsInGeS4,2.1
2690,KSb5S8,1.67
2691,Li2ZnGeSe4,1.86
2692,U11O5,0.0
2693,YbS,0.98
2694,TcS2,1.0
2695,BaCuTeF,2.3
2696,KIO3,3.71
2697,La4Cd4In2S13,2.27
2698,HgBr,2.6
2699,Li0.5Ge1Pb1.75S4,1.95
2700,Mg3Tl,0.0
2701,Cs2Zn3(SeO3)4,4.3
2702,Si0.7Ge0.3,1.0
2703,K2La2Ti3O10,3.05
2704,Rb3Mn,0.0
2705,Ba5Cd(Ga2Se5)3,2.6
2706,KSm2CuS4,2.17
2707,SmB(SbO4)2,3.54
2708,RbMnTe2,0.0
2709,Ta2Tl4S11,1.26
2710,Mg2Ga,0.0
2711,Ca3SbN,0.0
2712,RePO5,0.0
2713,Na2In,0.0
2714,TmU2S3O2,0.0
2715,Gd3Al7Ag2,0.0
2716,Ho3Pd2,0.0
2717,Pr2Ge2Se7,1.32
2718,Rb2SCl6F,0.0
2719,ScTiO3,0.0
2720,TaTlS3,0.78
2721,CrCoPt2,0.0
2722,AgCNO,0.0
2723,KAg2PS4,3.02
2724,HfS3,2.8
2725,Lu2TlCd,0.0
2726,BaAgSbS3,2.2
2727,PrSbPt,0.0
2728,Cd0.35Hg0.65Te1,0.28
2729,ZrSi2,0.0
2730,Ti2AlV,0.0
2731,NaBiSe2,0.28
2732,Sr2GeN2,0.0
2733,KCl,8.5
2734,NaF,10.5
2735,K2VCuS4,1.82
2736,Ce3In3Ru2,0.0
2737,SnB,0.0
2738,Ti9O10,0.0
2739,Li3ScN2,2.9
2740,Cd0.2Hg0.8Se1,0.95
2741,YCdHg2,0.0
2742,Ga2SnGeS6,2.04
2743,NiAgO2,0.0
2744,LuP,1.3
2745,BaZnSO,3.9
2746,RbF,10.4
2747,ErPbAu,0.0
2748,RbAg2TeS6,2.04
2749,Er3Te4,0.9
2750,Al5Rh2,0.0
2751,La2V2IO9,3.63
2752,Tl16O15F17,0.0
2753,Ca3Ti2(SiO4)3,1.65
2754,LaZnAsO,1.5
2755,U(Al2Fe)4,0.0
2756,La3CuGeSe7,2.0
2757,Ti9O8,0.0
2758,Mn(SbSe2)2,0.31
2759,Si(Bi3O5)4,3.2
2760,Cs1.43Cd1.43Bi2.57S6,1.28
2761,K2Sm2Ti3O10,3.26
2762,Nd3In,0.0
2763,As2O3,4.0
2764,LiSiB6,2.27
2765,Na4Mg(SiSe3)2,2.85
2766,Eu(GaSe2)2,2.16
2767,Na2S,2.4
2768,TaCu3S4,3.0
2769,Ta2MoOs,0.0
2770,CrIrO4,0.0
2771,Rb9Bi13S24,1.3
2772,Cd0.01Hg0.99Se1,1.72
2773,ZrGaPt,0.0
2774,Eu(AsPd)2,0.0
2775,Ag8SnSe6,0.71
2776,Dy1Te1.4,0.6
2777,Yb(AlSi)2,0.0
2778,YbTlSe2,0.0
2779,Ce2(SnSe3)3,0.3
2780,KTbSe4,1.65
2781,Ba2SmGaTe5,1.04
2782,K2Cd2Te3,1.93
2783,CdCu2GeSe4,1.2
2784,Rb3Al3Ge7Se20,2.4
2785,LaCu6,0.0
2786,La2Zn(SeO)2,3.4
2787,Cs2MgSn3Se8,1.92
2788,Li3Mn3NiO8,0.0
2789,Ho(SiOs)2,0.0
2790,NdAgPb,0.0
2791,Ce(SiNi)2,0.0
2792,NdCuSO,2.98
2793,Cu3SbSe4,0.31
2794,Tl2GeTe3,0.36
2795,Ba(InSe2)2,2.63
2796,CaZn5,0.0
2797,Sr(NdS2)2,2.45
2798,RhSe3,0.7
2799,Ba3Yb4O9,0.0
2800,Ho(SiRu)2,0.0
2801,In0.5Ga0.5As0.5P0.5,1.55
2802,HfZnNi2,0.0
2803,Tl2O3,2.25
2804,Bi2Te2SO10,3.6
2805,Mn5As4,0.0
2806,Li2Fe2(PO4)3,0.0
2807,In0.9Ga0.1As0.1P0.9,1.32
2808,Eu3(InP2)2,0.45
2809,Cd0.03In0.97Te0.03As0.97,0.71
2810,CrCo2Bi,0.0
2811,Y(Re2Si)2,0.0
2812,LiZnN,1.91
2813,RbBi3Se5,0.43
2814,Mg2SiPt,0.0
2815,Sn0.2Te0.2Pb0.8Se0.8,0.14
2816,TiHgO3,0.0
2817,PtN,0.0
2818,In3Au10,0.0
2819,LiSbSe2,0.68
2820,CsYbCoSe3,0.95
2821,TeAs,0.74
2822,Ba3V2(SeO4)4,2.87
2823,Ho(CuTe)3,0.26
2824,LuUO3,0.0
2825,Al2Se3,3.1
2826,LiF,11.7
2827,Ta22(CuS12)3,0.0
2828,Rb2TeI6,1.4
2829,CeZnPO,0.0
2830,BiBPbO4,3.2
2831,RbPdF3,0.0
2832,NdO2,0.0
2833,TbGa,0.0
2834,Tl9SbSe6,0.0
2835,Gd2(Zn2Ge)3,0.0
2836,In2Co,0.0
2837,Eu2Ga2GeS7,2.3
2838,TbInIr,0.0
2839,Ga0.9Hg0.1Sb0.9Te0.1,0.65
2840,MgInAg2,0.0
2841,Ge0.01Pb0.99Se1,0.27
2842,Sb4Pb4S11,0.0
2843,SrCrO4,2.45
2844,Sm3B(SO)3,2.5
2845,YbPr11Se16,0.0
2846,UGaNi,0.0
2847,Cs4Cu3Bi9S17,0.6
2848,K2Ti(CuS2)2,2.04
2849,GaS,2.38
2850,MgZn2,0.0
2851,Cs4Zr3S14,2.35
2852,MnGaNi2,0.0
2853,CsCu2AsS3,2.3
2854,KSb,0.9
2855,Nd(NiSn)2,0.0
2856,Zn4.5Ga1Sn0.5O7,3.0
2857,Ba5Al2Ge7,0.0
2858,K3Ga3Ge7Se20,2.23
2859,ReSn3,0.0
2860,PrP,0.0
2861,NiN,0.0
2862,Li4MgNi3O8,0.0
2863,Rb15Hg16,0.0
2864,Ce2Co5B2,0.0
2865,La2Ga2GeS8,2.78
2866,Zn0.99Hg0.01Se1,2.6
2867,Ca(LaS2)2,2.7
2868,PrTl2InSe4,0.93
2869,Rb2Te,4.5
2870,Ag(W3Br7)2,0.0
2871,Sn0.08Pb0.92Se1,0.06
2872,CsGaS3,3.0
2873,CrTe2,0.17
2874,Eu(ZnGe)2,0.0
2875,Fe3N,0.0
2876,GaAgTe2,1.1
2877,TiBr2,0.0
2878,Sc2O3,6.0
2879,Ag2GeS3,1.98
2880,LiY2Ru,0.0
2881,RbNb4Br11,0.46
2882,RbSbTe2,0.38
2883,NdErTl2,0.0
2884,Sn0.17Pb0.83Se1,0.04
2885,EuPPt,0.0
2886,Sm(CuTe)3,0.23
2887,PrSmO2,0.0
2888,SmSi3Pt5,0.0
2889,MnCoSi,0.0
2890,Y(CuTe)3,0.72
2891,Ag2GeTe3,0.07
2892,KAgAsS2,2.21
2893,K2Mn3S4,0.0
2894,Eu(FeSi)2,0.0
2895,Ta6Be15Cu8,0.0
2896,Eu2(Ga3Rh)3,0.0
2897,BiP3(PbO4)3,3.7
2898,TbZrSb,0.0
2899,La2VCoO6,0.41
2900,Cs3Nb2AsSe11,1.35
2901,Na2Ti2Sb2O,0.0
2902,SrPb3Br8,3.2
2903,CeTl3,0.0
2904,YMgAl,0.0
2905,Nd2O3,4.4
2906,CsSb,0.61
2907,In0.4Ga0.6As1,0.81
2908,Hg3PS4,2.03
2909,Cu2H3ClO3,0.0
2910,Lu2InHg,0.0
2911,Li8IrO6,0.0
2912,InBi2Se4Br,1.21
2913,Li2Ni5(PO4)4,0.0
2914,Li5Mn5(SbO6)2,0.0
2915,PrGe5,0.0
2916,Ba8Ta7O24,0.0
2917,Zr2(Co7B2)3,0.0
2918,BiBrO,2.92
2919,Yb2O3,5.22
2920,SmSb2,0.0
2921,W2C,0.0
2922,Ga1.1Sb0.9Se0.3,0.67
2923,TiFe2Si,0.4
2924,Pr3Cd,0.0
2925,LaTb3,0.0
2926,K2VAgS4,1.85
2927,FeCo2Si,0.0
2928,Rb4Ag9(SbS3)4,2.0
2929,Na2Gd(PO4)2,4.19
2930,CsSn3,0.0
2931,LiPr2Ru,0.0
2932,Tm(NiGe)2,0.0
2933,Ba3YIr2O9,0.0
2934,CsYHgSe3,2.54
2935,Nb5Ge3,0.0
2936,Rb2CrF6,0.0
2937,MgScAg2,0.0
2938,Sm(CuO2)2,0.0
2939,AgPdO2,0.0
2940,CeB2Ir3,0.0
2941,Si3N4,5.1
2942,PmMgAu2,0.0
2943,AgBiPbS3,1.2
2944,ScSnPd,0.0
2945,Ce3MnAlS7,0.0
2946,K2Sn(AuS2)2,2.75
2947,DyS2,0.0
2948,MnBe2Co,0.0
2949,Co5RuO8,0.0
2950,GeS,1.58
2951,PHPbO3,3.97
2952,U2AlCo2,0.0
2953,NaNi2O3,0.0
2954,MnFeCoGe,0.0
2955,CsCdInSe3,2.4
2956,Zn3.5Ga1Sn0.5O6,2.99
2957,SnBr2,3.4
2958,V3Pb2Se5O18,3.14
2959,Zr1.33Ta0.67N1.63O1.89,2.48
2960,Li2MnCo3O8,0.0
2961,LaCuTeO,2.31
2962,Na0.75Eu1.625Ge1Se4,2.0
2963,TiAl,0.0
2964,VTc,0.0
2965,Cd0.5In2.2Ag0.4Te4,0.19
2966,ThHg2,0.0
2967,AlBi,0.4
2968,Tl3Ir,0.0
2969,LuAl2Pd5,0.0
2970,LiSb3PbS6,1.6
2971,Zn0.85Ga0.15P0.15S0.85,2.4
2972,LaGa3Pd2,0.0
2973,Cs2Cu2Sb2S5,1.6
2974,HfHg4(PCl3)2,3.26
2975,SmCuO3,0.0
2976,PtSe2,0.1
2977,RbTiBr3,0.0
2978,Al0.8Ga0.2P1,2.43
2979,Ca3(GaPt)2,0.0
2980,BaZn(MoO2)4,0.0
2981,Si2NiP3,0.0
2982,SmBPd3,0.0
2983,Bi7O5F11,4.05
2984,Sc(VGa2)2,0.0
2985,ErB2Ru3,0.0
2986,ReO3,2.3
2987,In0.5Ga0.5As1,0.75
2988,LaH2NO5,4.76
2989,La2Nb2N2O5,0.0
2990,Sm2Mn3(SbS3)4,1.5
2991,LiCo7O7F,0.0
2992,EuGe3Pt,0.0
2993,AsI3,2.29
2994,B2Mo(PbO2)6,2.9
2995,SmCoC2,0.0
2996,CsTaPSe6,2.29
2997,Al13Ru4,0.0
2998,RbBiS2,1.2
2999,Tm3(GePd)4,0.0
3000,Ta2TlO6,0.0
3001,BiTeNO6,3.62
3002,VIr3,0.0
3003,NdCuTeO,2.26
3004,Na2Zn(GeSe3)2,2.36
3005,AgTe,0.73
3006,Hf3(NiGe)4,0.0
3007,BPb7Br3O7,2.62
3008,Cs2Ga2Se5,1.95
3009,CsSbSe2,1.7
3010,NbHO3,0.0
3011,Nb2(CoO3)3,0.0
3012,K2Al2B2O7,6.89
3013,K4Nb2S11,1.96
3014,Pr3I,0.0
3015,BeTe,2.89
3016,Tm(FeSi)2,0.0
3017,Zr2Co12P7,0.0
3018,Sr5Bi3,0.0
3019,Cu2Te3O8,2.64
3020,CeMgNi4,0.0
3021,Ba2LiFe2N3,0.0
3022,K6Yb3(PS4)5,2.6
3023,CePrO2,0.0
3024,Bi2CO5,3.42
3025,IrSe2,0.9
3026,U(BH4)4,0.0
3027,ScTlS2,1.51
3028,Tl0.005Te1Pb0.995,0.48
3029,NaBr,7.03
3030,Cs2Th(PS3)3,2.8
3031,NdMoO4F,3.66
3032,NaCeS3,2.15
3033,KInSnS4,2.3
3034,GdCd2,0.0
3035,TlInSe2,1.07
3036,CaNi5,0.0
3037,VP,0.0
3038,Nd(CrSi)2,0.0
3039,Ba2Ce2O5,0.0
3040,V4ZnO8,0.0
3041,LiTiSiO4,0.0
3042,Eu(HoSe2)2,1.8
3043,Ba3Sn(SbSe4)2,0.97
3044,Na9(WO3)16,0.0
3045,Ba(AsRh)2,0.0
3046,Zn2WN2,0.0
3047,CdF2,6.0
3048,TmAs,1.18
3049,V3Re,0.0
3050,RbYbZnSe3,2.07
3051,Cu3Bi6S10I,0.72
3052,Ta6Ni16Ge7,0.0
3053,K2BaNb2S11,1.77
3054,In9AgTe14,1.5
3055,Co3W,0.0
3056,GdB6,3.6
3057,KInSe2,2.68
3058,Ti2CoS4,0.0
3059,CeMgZn2,0.0
3060,ZnSiAs2,2.12
3061,KAgO,0.0
3062,Te2Os,0.3
3063,Na2V6O13,0.0
3064,Rb1.45Sb7.45Pb3.1Se15,0.45
3065,Li2PmAl,0.0
3066,Eu(MgBi)2,0.0
3067,Zr3Ag,0.0
3068,Nd2ZrS5,1.83
3069,CI4,2.26
3070,BaNa2SnSe4,2.46
3071,Mn2AlO4,0.0
3072,Ce(SiPd)2,0.0
3073,BaHgSe2,1.56
3074,Tm(CuS)2,0.0
3075,Na3Zn(BO2)5,3.2
3076,In0.01Te1Pb0.99,0.53
3077,Tm2Ru2O7,0.0
3078,AlAgSe2,2.55
3079,Lu(InS2)3,1.27
3080,Yb2MgS4,0.0
3081,ErRu3,0.0
3082,TmAu,0.0
3083,Li4Fe2Cu3O10,0.0
3084,SmC10,0.0
3085,YCo2,0.0
3086,ZnSiP2,2.07
3087,Li2EuSn,0.0
3088,Yb8Ge3Sb5,0.0
3089,Er2(MoO4)3,0.96
3090,BaCuSbSe3,1.6
3091,Li6Tb2O7,0.0
3092,ZrSe2,2.0
3093,Dy(GeRu)2,0.0
3094,CuSbPbS3,1.31
3095,Eu(CdSb)2,0.0
3096,Na2Ga2SnS6,2.2
3097,CsLiCO3,6.19
3098,La4Fe(SbS5)2,1.0
3099,Y6Zn(SiS7)2,2.38
3100,AgSbTe2,0.35
3101,Ca2Si,1.9
3102,SmErMg2,0.0
3103,FeRhO3,0.0
3104,SnI4,2.38
3105,Ce3SiPt5,0.0
3106,Ba(FeS2)2,0.0
3107,UFeSi,0.0
3108,Ba3Bi0.5B1.5S6,2.43
3109,GaCuO2,1.47
3110,Eu1.83Ta15O32,0.23
3111,Ti2TcPd,0.0
3112,Dy2Ni12P7,0.0
3113,MnF2,9.9
3114,BaSn2S5,2.35
3115,CuBiSeO,0.82
3116,In5AgTe8,0.47
3117,CsYZnSe3,2.29
3118,Li3Mn2CuO6,0.0
3119,K11Mn4O16,0.0
3120,Nd4Ge3Rh4,0.0
3121,Y(FeSi)2,0.0
3122,HoMg2,0.0
3123,FeAsSe,0.6
3124,BaTl3,0.0
3125,Rb3Bi2I9,1.89
3126,Yb(GaS2)2,2.3
3127,TiO2,3.3
3128,In2S3,2.0
3129,Zn0.86Hg0.14Te1,1.66
3130,Si0.001Ge0.999,0.65
3131,K2FeGe3Se8,1.95
3132,U2Cl5O2,0.0
3133,TiPO4,0.0
3134,Tm2ZnAg,0.0
3135,Zn2BIr2,0.0
3136,Yb(SbS2)2,1.12
3137,Er2Mg3Ru,0.0
3138,Cd3P2,0.5
3139,In1.1Cu0.9Se2.1,1.06
3140,Li4Co5SbO12,0.0
3141,Mg3As2,2.2
3142,NdMg2,0.0
3143,NdTlAg2,0.0
3144,Ge40Te5.3I8,0.8
3145,Sc4Ge6Rh7,0.0
3146,MgSe,5.6
3147,Zn0.5Ga0.5As0.5Se0.5,1.52
3148,ThAl3,0.0
3149,Ca3BiAs,0.0
3150,Si15(TeP2)4,1.24
3151,UP2S9,1.41
3152,Ca5B3O9F,6.53
3153,TlAgSe2,0.72
3154,B2Se2O7,4.64
3155,HfNi5,0.0
3156,DyN,2.1
3157,Ba4InCuSe6,2.23
3158,Dy5Pb3,0.0
3159,Sb6Pb6Se17,0.8
3160,Li3Co(NiO2)4,0.0
3161,TmMnGe,0.0
3162,Cd0.02In0.98Te0.02As0.98,0.73
3163,RbVP2S7,0.0
3164,SbSeBr,1.84
3165,Sn3As2,0.47
3166,NdGaO3,0.0
3167,HgTeBr,2.06
3168,TbSb2,0.0
3169,Tb3FeB7,0.0
3170,Li2LaTl,0.0
3171,LaIn,0.0
3172,CaAu5,0.0
3173,Sc2FeB2Ir5,0.0
3174,CdO,2.3
3175,Li3C,0.0
3176,Ti2ReRh,0.0
3177,Eu(InSe2)2,1.31
3178,SnSb3(PO4)4,0.0
3179,SrN2,0.0
3180,Ge0.41Te1Pb0.59,0.49
3181,PrO,0.55
3182,Na2Zn(GeS3)2,3.04
3183,VSb,0.0
3184,SrO,5.7
3185,HfS2,2.9
3186,MgTe,3.6
3187,AsBr3,2.6
3188,Ce2SiSeO4,0.0
3189,Tm2AlOs,0.0
3190,Eu(BiSe2)2,1.02
3191,KThCuS3,2.95
3192,CaZnSO,3.7
3193,LiMn(PO4)2,0.0
3194,Y(SiPt)2,0.0
3195,Ta2N,0.0
3196,CdCu2GeS4,2.05
3197,Li4Mn5Cu3O16,0.0
3198,Tm5Ti5O17,0.0
3199,NdInAu,0.0
3200,Ni3SnN,0.0
3201,EuNiGe3,0.0
3202,RbV(CuS2)2,1.45
3203,Er6MnBi2,0.0
3204,H7Se2NO6,4.81
3205,Ho3Ge5,0.0
3206,Fe6W6C,0.0
3207,TlTe,0.0
3208,Zn0.99Ga0.01P0.01Se0.99,2.6
3209,Ti4ZnO8,0.0
3210,Tb3Ni13B2,0.0
3211,NaEuO2,0.0
3212,EuIn2(GeIr)4,0.26
3213,RbTmO3,0.0
3214,Li2Ni2SbO6,0.0
3215,Li2CrCuO4,0.0
3216,Li5Mn2Cu5O12,0.0
3217,Co2B4Mo,0.0
3218,CaS,5.38
3219,NdAl7Au3,0.0
3220,Yb23Mg4Cu7,0.0
3221,Al9Co2,0.0
3222,RbCu4AsS4,2.15
3223,Ag2SnSe3,0.7
3224,Ca3BiSb,0.0
3225,LaScSi,0.0
3226,Al6Ru,0.0
3227,CoPS,0.4
3228,Sr2V3Se5O18,2.47
3229,Cd0.75In2.1Ag0.2Te4,0.54
3230,CsRbP,0.0
3231,KYbSe2,0.0
3232,K2MnSnSe4,1.7
3233,Nb5Ga4,0.0
3234,La3Mo4O16F,3.7
3235,Ba8Sn4S15,2.31
3236,Ca2TlCd,0.0
3237,Er4NiB13,0.0
3238,LaAl4,0.0
3239,Th2Fe7,0.0
3240,CeBiW2O9,2.34
3241,AlV(TeO4)2,2.9
3242,SnPt3C,0.0
3243,La2ZrS5,2.01
3244,ScZnNi2,0.0
3245,TePb3Cl4O3,3.79
3246,CdCl2,5.7
3247,Sn0.2Pb0.8Se1,0.06
3248,AgF,2.8
3249,K2La2Sb2S9,2.2
3250,Bi1.4Sb0.6Te3,0.17
3251,Pb1Se0.01S0.99,0.37
3252,Mg23Al30,0.0
3253,Bi0.2Sb1.8Te3,0.28
3254,SbAs,1.6
3255,Tl2PAuS4,2.2
3256,Ge0.15Pb0.85Se0.85S0.15,0.34
3257,Ba4B11O20F,7.1
3258,Hf(VH2)2,0.0
3259,Nb3VS6,0.0
3260,KLu,0.0
3261,NaBiS2,0.38
3262,Y2C3,0.0
3263,KV6O11,0.0
3264,LiCuO2,0.0
3265,Dy6FeTe2,0.0
3266,NbSe2,1.4
3267,K4Ce3Sn3S14,2.46
3268,CsNbSe2O7,4.2
3269,Yb2Ge2Ir,0.0
3270,SrIn4Ir,0.0
3271,K2NbCuS4,2.82
3272,In0.4Ga0.6P1,2.05
3273,Ba(AsPd)2,0.0
3274,Co2Te3O8,3.6
3275,NaLi3,0.0
3276,BaBiClO2,3.71
3277,KSi2P3,1.72
3278,Sr3ScNiO6,0.0
3279,Rb3Al3Ge7S20,3.1
3280,SmSnRh2,0.0
3281,Cs2AgBiCl6,2.77
3282,Cs2CrCl4,0.0
3283,RbIn5S6,2.5
3284,TlBiTe2,0.12
3285,MgPb3,0.0
3286,Al6Tc,0.0
3287,FeOF,0.0
3288,Cs4In8GeSe16,2.2
3289,Ti2NiSe4,0.0
3290,Sn2SbS2I3,1.5
3291,EuSbO3,0.0
3292,Ga1As0.6P0.4,1.91
3293,Gd2Se3,2.2
3294,Nd4InSbSe9,1.57
3295,Cr2HgSe4,0.0
3296,ICl2,0.0
3297,CaIrO3,0.0
3298,Re2PbO6,0.0
3299,PrLuSe3,1.56
3300,Th2Se5,0.37
3301,K3(FeS2)2,0.0
3302,LaSn3Ru,0.0
3303,CeAgSn,0.0
3304,Li4(FeO2)9,0.0
3305,La10Se14O,2.04
3306,Tl2BiP2S7,1.8
3307,Sm2O3,5.0
3308,NaCeS2,0.0
3309,HoTiO3,0.0
3310,Tl2CdTe4,0.0
3311,Hf4Al3,0.0
3312,ThMn4(CuO4)3,0.0
3313,InCuGeSe4,1.3
3314,NaCd4P3,1.1
3315,MgCuSb,0.0
3316,Cu3Se2(ClO3)2,0.0
3317,Ti2B,0.0
3318,ScTlTe2,0.85
3319,ScIr,0.0
3320,BaSe,3.58
3321,Ba2DyGaSe5,2.35
3322,CeSiI,0.0
3323,PbSeO4,4.3
3324,HoInAu2,0.0
3325,K2PAuS4,2.63
3326,Lu2CdIn,0.0
3327,UCuP2,0.0
3328,CsCd4Ga5S12,3.09
3329,Cs3Nb9(TeO8)4,3.22
3330,Tm2CuTc,0.0
3331,KSnAuSe3,2.28
3332,Rb3Na(MoO4)2,4.84
3333,Sn2S,0.85
3334,Ba5V3O12F,3.85
3335,YTmCu2,0.0
3336,Yb(SiRh)2,0.0
3337,Nd3Ni13B2,0.0
3338,Ba2InAgS4,2.32
3339,AlAgTe2,1.8
3340,TmSnRu2,0.0
3341,GdSb,0.0
3342,Lu2TlAg,0.0
3343,CsIn(SnSe3)2,1.78
3344,BaAu(IO3)5,2.32
3345,InSiTe3,0.0
3346,TlCuSe2,1.07
3347,TaPd3,0.0
3348,BiBr3,2.66
3349,LiBi3(ClO2)2,3.35
3350,Tl(Cu3S2)2,0.0
3351,Ti2CoGe,0.0
3352,HfC,0.0
3353,Sn1Se0.75S0.25,0.94
3354,Dy2CdPd2,0.0
3355,K2NbO6,0.0
3356,Cd0.3Hg0.7Te1,0.27
3357,Pr2Co12P7,0.0
3358,Al0.01Cd0.99Sb0.01Te0.99,1.6
3359,Mg3AsN,1.33
3360,Ba(BRh)2,0.0
3361,Ba2GaBiSe5,2.21
3362,La5In3(S3O)3,2.6
3363,Ge0.01Te1Pb0.99,0.32
3364,Sn0.001Pb0.999Se1,0.24
3365,Lu7(NiTe)2,0.0
3366,AgO,1.57
3367,YNiSb,0.18
3368,La8Mn7O24,0.0
3369,Si0.07Ge0.93,1.04
3370,TlS2,1.8
3371,Eu(ClO4)3,0.0
3372,Mg2Cu,0.0
3373,Tm(SiOs)2,0.0
3374,Li11Mn13O32,0.0
3375,Zn0.01Ga0.99P0.99Se0.01,2.24
3376,Te2MoWS2,0.0
3377,KBaAsSe3,2.26
3378,Ge2Sb2Te5,0.5
3379,Li2TeMoO6,3.5
3380,LaSi,0.0
3381,RbGaSnSe4,1.88
3382,TaRh3,0.0
3383,KTi2F7,6.4
3384,ScBIr3,0.0
3385,CsYCdSe3,2.54
3386,Sm2(SnSe3)3,0.7
3387,CsPSe6,1.9
3388,BTe2As,0.0
3389,TiNiSb,0.42
3390,SrZrS3,0.8
3391,PdSe2,0.4
3392,Hg3PS3,1.98
3393,YB2C,0.0
3394,P2Os,1.13
3395,V3(HO2)4,0.0
3396,Li3Ti3(PO4)4,0.0
3397,Bi2AsClO4,3.43
3398,SiBi3O7,0.0
3399,K3Nb2AsSe11,1.53
3400,EuSn3,0.0
3401,Tl3VS4,1.7
3402,HfGaCo2,0.0
3403,Sr2CoReO6,0.0
3404,BiPO4,3.85
3405,TeO2,3.0
3406,Ca2CdPb,0.0
3407,Mg(TiS2)4,0.0
3408,Cu3AsSe4,0.65
3409,ErAlGe,0.0
3410,MgNiSb,0.0
3411,SnHgO3,1.6
3412,Rb3(Cu4S3)2,0.0
3413,P4Ru,0.38
3414,MnGePd,0.0
3415,Ba6Al4B14O33,3.44
3416,TlSn,0.0
3417,Eu3Sn,0.0
3418,Ga3CuSe5,1.75
3419,Li4Ti5Cr3O16,0.0
3420,BaGe4(IrS3)2,1.54
3421,ZrHCl,0.0
3422,Sr2La2.58Bi5.42S14,1.0
3423,Ce(MnGe)2,0.0
3424,Hf2ReRh,0.0
3425,Rb2Cd3Te4,2.3
3426,Na2In2GeSe6,2.47
3427,Y3Al3NiGe2,0.0
3428,Li2TeWO6,4.0
3429,Ga2NiS4,0.0
3430,LiGd5P2O13,3.73
3431,Ba3Ta5NO14,2.8
3432,BaSi,0.0
3433,Sr2Li2Nb3O10,0.0
3434,BaB6,2.64
3435,TlNi,0.0
3436,Zn(GaSe2)2,1.72
3437,LiNiP2O7,0.0
3438,TiTlS2,1.0
3439,Cr3P,0.0
3440,K6CdTe4,2.51
3441,YSiRu,0.0
3442,LiAgF3,0.0
3443,Y(SiRu)2,0.0
3444,Cs(MoO3)3,0.0
3445,La2GeSe5,1.24
3446,Rb5(WO3)18,0.0
3447,HoB2Rh3,0.0
3448,BaIn2Ir,0.0
3449,KTaO3,3.5
3450,Li2Fe3NiO8,0.0
3451,LiV3O4,0.0
3452,In11Cu9Se20,0.0
3453,Mg2TiIrO6,0.0
3454,Al3Tc,0.0
3455,Ga5Ge(PbS3)4,2.35
3456,HfAs2,0.0
3457,CdSnP2,1.16
3458,CaIn4Ir,0.0
3459,Bi0.4Sb1.6Te3,0.21
3460,Zn(InS2)2,2.5
3461,SmAlCu,0.0
3462,MnTe,1.25
3463,Ce3MoO7,2.0
3464,Tb(GePd)2,0.0
3465,BaTaNO2,1.78
3466,GdH2NO5,4.84
3467,PrAl3Ni2,0.0
3468,Sn3Pd,0.0
3469,Ba2YInTe5,1.36
3470,TlCoMo2,0.0
3471,Sr3(SnIr)4,0.0
3472,Sm2ZrSe5,1.41
3473,ScCu2,0.0
3474,FePd3,0.0
3475,Cu2GeSe3,0.85
3476,CsInTe3O8,3.9
3477,Zr(Ni2P)2,0.0
3478,GdCd4B3O10,3.8
3479,TbB(SbO4)2,3.53
3480,TbGa2Co3,0.0
3481,V3CuO8,0.0
3482,Ce4Si3Rh4,0.0
3483,Tb3(MnC3)2,0.0
3484,TiTlPS5,1.3
3485,In1.7Cu0.3Se2.7,1.21
3486,SnO,3.0
3487,Ho4Ga16Co3,0.0
3488,Tm2CdHg,0.0
3489,Li2PrP2,0.0
3490,V2TcRu,0.0
3491,KNb2Se,0.0
3492,Li2PmGe,0.0
3493,Hf2Tl,0.0
3494,In2Se2O7,2.97
3495,Sm3Zr,0.0
3496,SmMgHg2,0.0
3497,ZrInCu2,0.0
3498,Mn2VSi,0.0
3499,Sc2GaIr,0.0
3500,TaAlPt,0.0
3501,Li2MgHg,0.0
3502,Dy2Ti3Si4,0.0
3503,YbRh2,0.0
3504,Si3Ru2,0.44
3505,Zn5.5Ga1Sn0.5O8,2.99
3506,Ge(SeO3)2,5.27
3507,Gd2O3,5.3
3508,MgSnRh2,0.0
3509,CeSi2Ni,0.0
3510,Sm4GaSbS9,2.23
3511,InPt3C,0.0
3512,MnNbO4,0.0
3513,UCoSi,0.0
3514,Zr6Al2CoH10,0.0
3515,AlNi2,0.0
3516,La3In1Ge0.5S7,2.61
3517,K9Bi13S24,1.4
3518,Na4Mg(GeSe3)2,2.53
3519,POsS,1.4
3520,SbTeOs,0.05
3521,Sm2IrPd,0.0
3522,La2Pr2O7,0.0
3523,EuScO3,0.0
3524,SrAg,0.0
3525,Ca(SmS2)2,2.05
3526,Ca3In,0.0
3527,In1Hg4As2.5Br3.5,1.71
3528,BeSiOs2,0.0
3529,NdCrGe3,0.0
3530,SrZnSO,3.1
3531,ZrTiF6,0.0
3532,Cu0.96Bi2Se3I1,0.68
3533,Ca2Sn,0.9
3534,UO2,2.18
3535,Cr(FeSe2)2,0.0
3536,YMgCu4,0.0
3537,SmAs,1.03
3538,Pr4Te7,0.46
3539,PrGe3,0.0
3540,Er(SiPd)2,0.0
3541,CsLu7S11,1.86
3542,Hf2Co4P3,0.0
3543,RbInS2,3.3
3544,Na8(CuO2)5,0.0
3545,Zn0.5Hg0.5Se1,0.6
3546,Tb4GaSbS9,2.44
3547,RbInTe3O8,3.9
3548,Cd1Se0.99S0.01,1.68
3549,EuBi3,0.0
3550,Hf(VGa2)2,0.0
3551,Ta2O5,4.2
3552,CsCd4Ga5Te12,1.67
3553,LiCaO3,0.0
3554,SbTeRu,0.5
3555,Tl4CuTeO6,2.2
3556,Mn2CoGe,0.0
3557,Ba5Ga6SnP12,1.21
3558,KBaSbSe3,2.04
3559,Li2MgIn,0.0
3560,TiSe,0.0
3561,Li9Fe3(WO4)7,0.0
3562,La2Fe(SeO)2,0.7
3563,Ba4Ga5CuSe12,1.45
3564,InCuSe2,0.8
3565,ZnSe,2.67
3566,Zn0.94Hg0.06Te1,2.03
3567,KBaB5O9,3.65
3568,VP4,0.0
3569,Ta2Mn3O8,1.89
3570,Li2In2GeSe6,2.3
3571,SmSnTe2,0.52
3572,TmLuPd2,0.0
3573,GdPbAu,0.0
3574,FeAg3(CN)6,0.0
3575,Dy(CoGe)2,0.0
3576,LaP,0.54
3577,HgBrCl,3.4
3578,TmMgCd2,0.0
3579,Hf2Al3C4,0.0
3580,Sn0.1Te1Pb0.9,0.16
3581,BaNb4O6,0.0
3582,Nd4Mg3Co2,0.0
3583,Li2MnNi3O8,0.0
3584,CsCu2SbS3,1.63
3585,La2Ge5Rh3,0.0
3586,CsYbZnSe3,1.97
3587,Eu(SbSe2)2,0.95
3588,TlCr5SeS7,0.97
3589,PrNiGe2,0.0
3590,LaAl4Co,0.0
3591,Ga1Sb0.95As0.05,1.28
3592,Rb3Bi2Br9,2.62
3593,BaSnO3,3.1
3594,SrLi4(BO3)2,6.67
3595,TlBiTe3,0.5
3596,CoMoP2,0.0
3597,Pt3PbC,0.0
3598,U2TeN2,0.0
3599,Na2Cd(GeSe3)2,2.37
3600,KNb2O5,0.0
3601,Ta4AlC3,0.0
3602,BiSeI,1.28
3603,Ba2ThCu2Se5,1.75
3604,Nb6Co7,0.0
3605,BeCu,0.0
3606,Ca2CuWO6,0.0
3607,Na3WClO4,4.99
3608,Li3Co4TeO8,0.0
3609,Sr2SmTaO6,3.38
3610,Tl2Mo7O22,0.0
3611,LiMoIO6,2.8
3612,CuBiPbS3,0.12
3613,Mg2Co,0.66
3614,Na0.5Ge1Pb1.75S4,2.08
3615,CsCdBO3,2.58
3616,TlCoBi,0.0
3617,YZn5,0.0
3618,VO,0.3
3619,Ga0.001Te1Pb0.999,0.3
3620,Th2CrN3,0.0
3621,K4Hf3Se14,2.02
3622,AlFe2Si,0.0
3623,CoSb3,0.49
3624,LuU2S3O2,0.0
3625,Cu9S5,0.0
3626,Tb2Sb5,0.0
3627,Sr6Nb7O21,0.0
3628,Cs2ZnGe3S8,3.33
3629,Yb2HgPb,0.0
3630,Ti2ReRu,0.0
3631,CrO3,1.4
3632,Ti2OsRu,0.0
3633,P2Pt,0.6
3634,Ga4SnS7,3.1
3635,V3CrO10,0.0
3636,Na2Se,2.0
3637,Ce3Al,0.0
3638,NdRh,0.0
3639,Li2DyIn,0.0
3640,Ga1.65Cu0.35Se2.65,1.81
3641,U2Cu2As3O,0.0
3642,HgSe,0.07
3643,Pr2S3,2.6
3644,NaCdO3,0.0
3645,InN,1.95
3646,CeTlZn,0.0
3647,CsF,10.0
3648,ZnGaRh2,0.0
3649,Li0.33Ti0.67Ag1O2,2.7
3650,Al0.99In0.01P1,2.4
3651,LiAl3,0.0
3652,Cd4As2I3,1.89
3653,Ga8Cu3Mo2,0.0
3654,Sn0.01Pb0.99Se1,0.16
3655,Gd1.05Sc0.95Se3,1.2
3656,Ca(Ni2O3)2,0.0
3657,RbTa3(TeO6)2,3.88
3658,VAg(PSe3)2,0.0
3659,Hf2Fe,0.0
3660,La2Fe2I,0.0
3661,LiHg2Pd,0.0
3662,MgSc,0.0
3663,Ba2SmTaO6,3.02
3664,RbCu(SbS2)2,1.6
3665,Cs4Ag9(SbS3)4,2.0
3666,NaSc(SeO3)2,5.5
3667,Sc(TiN)9,0.0
3668,CaTiO2,0.0
3669,Cu2HgGeSe4,0.0
3670,Ca(SiPd)2,0.0
3671,TiCoSn,0.0
3672,Lu2AgAu,0.0
3673,SrLi2Sn,0.0
3674,In3CuSe5,0.6
3675,PdS,0.5
3676,In4Bi3S10,1.42
3677,Dy7In(CoGe3)4,0.0
3678,LiCu3F7,0.0
3679,HoN,1.79
3680,Li3Ni3(PO4)4,0.0
3681,ErSe2,1.07
3682,Zn2SnN2,0.0
3683,GaCuSe2,1.36
3684,Li3Mn(NiO3)2,0.0
3685,Ho2HfS5,1.0
3686,Y2O3,5.6
3687,MnAs,0.0
3688,YbH2ClO2,0.0
3689,ZrAl5Ni2,0.0
3690,BaMn4ZnO8,0.0
3691,LaCuSO,3.1
3692,PrInAu2,0.0
3693,K4Ge(PSe3)4,2.0
3694,Pr3(Al2Si3)2,0.0
3695,KHg11,0.0
3696,Ga0.99Hg0.01Sb0.99Te0.01,0.72
3697,TaPt3,0.0
3698,Al0.4In0.6P1,2.12
3699,ErNi4B,0.0
3700,La3LuSe6,1.26
3701,Dy3Ga,0.0
3702,Zr3Ir,0.0
3703,ZnCu2SnTe4,1.39
3704,PrIr2,0.0
3705,AgCl,5.13
3706,RbInSnS4,2.7
3707,KCuPO4,0.0
3708,Zn0.01Ga0.99As0.99Se0.01,1.39
3709,Dy2S3,2.91
3710,NaIn(IO3)4,4.25
3711,VNi2,0.0
3712,U4N7,0.0
3713,CsInSe2,2.81
3714,Eu3P2,1.2
3715,GeRh,0.0
3716,KUCuSe3,0.0
3717,Ga1.1Sb0.9Te0.3,0.7
3718,Ca4Bi6O13,2.76
3719,Ca(CoS2)4,0.0
3720,EuSe,3.1
3721,TbWClO4,4.24
3722,Ga1Sb0.25As0.75,0.65
3723,Bi2Pd3S2,0.0
3724,Li13Nb14ZnO42,0.0
3725,Ti20(Sb3Se)3,0.0
3726,BSbPbS4,1.8
3727,PmCdPd2,0.0
3728,Sc2TlTc,0.0
3729,SnCl2,3.9
3730,Nb2Tl3CuSe12,0.8
3731,ThAl,0.0
3732,MnInCu2,0.0
3733,Sr8(MnN3)3,0.0
3734,Pm2IrRh,0.0
3735,Gd3Al0.74Si0.7S7,2.34
3736,SrIn4Pt,0.0
3737,Cs3NaZn2Ge21,0.3
3738,LuPt3,0.0
3739,RuS2,1.8
3740,Ca2PbAu2,0.0
3741,TlAsSe2,1.35
3742,Ga1Sb0.01As0.99,0.7
3743,Ti2TcNi,0.0
3744,Ag2BBr,0.0
3745,Rb2Mo3Se3O16,3.1
3746,In0.07Te1Pb0.93,0.32
3747,LaPt5,0.0
3748,CdInCuSe3,1.66
3749,Th3B2C3,0.0
3750,TlInGeS4,2.3
3751,Ag8GeS6,1.18
3752,La2CuO4,0.0
3753,RbCd4Ga5Se12,2.19
3754,Pb2SeN2O9,3.76
3755,Na2Ti3O7,3.51
3756,K3V,0.0
3757,SrPb3,0.0
3758,CrO2,0.23
3759,Ga1As0.8P0.2,1.62
3760,Sc2Al3Ru,0.0
3761,LaSb,0.8
3762,Lu2Al3Co,0.0
3763,Hf3P,0.0
3764,LiTaO3,4.1
3765,Cu3Pd,0.0
3766,NaC,0.0
3767,LaPd3S4,0.0
3768,Pd2N,0.0
3769,Li4WO5,0.0
3770,Er2Te3,0.9
3771,SrSeO4,4.75
3772,CsLaHgSe3,2.46
3773,ScNiSb,0.11
3774,Pr5Si4,0.0
3775,Al(NiS2)2,0.0
3776,MgCu2GeS4,2.36
3777,FeI2,5.15
3778,As2Pt,0.5
3779,AsPd3Pb2,0.0
3780,CrNi3,0.0
3781,MnSiNi2,0.0
3782,La3Si1Sb0.33Se7,1.75
3783,Ti11O18,0.0
3784,KZn4(BO3)3,2.32
3785,TmSnRh,0.0
3786,CdGeAs2,0.41
3787,Bi2O3,2.8
3788,Co2O3,0.0
3789,Li5Mn3(FeO5)2,0.0
3790,MgCuBi,0.0
3791,PbCl2,3.82
3792,Al0.4Cd0.6Sb0.4Te0.6,1.8
3793,Ta5N6,0.0
3794,Li4Mn3Cr3O12,0.0
3795,CsCd4In5Se12,1.62
3796,BiSI,1.56
3797,K3Cr2(PS4)3,1.35
3798,Nb3V(PO4)6,0.0
3799,SrCuBi,0.0
3800,TlCr5(SeS3)2,0.94
3801,Ce3Pd5,0.0
3802,CaCdSi,0.0
3803,Ho2CuRh,0.0
3804,Cs2NaMgF6,0.0
3805,Si0.999Ge0.001,1.09
3806,BiPbClO2,2.45
3807,Sn0.15Te0.15Pb0.85Se0.85,0.18
3808,Co3H,0.0
3809,Li2Fe3CoO8,0.0
3810,NaSbTe2,0.47
3811,V2OsRu,0.0
3812,Zr0.67Ta1.33N3.03O0.12,1.71
3813,Ba2ErGaTe5,1.15
3814,Bi2Te2Se,0.3
3815,Ti3SnC2,0.0
3816,CoOF,0.0
3817,ZnCu2GeSe4,1.63
3818,Mn2Nb,0.0
3819,KAg2SbS3,2.1
3820,Ba2NdInTe5,1.37
3821,Sm2S3,2.96
3822,BaGe4(IrSe3)2,1.33
3823,CdP4,0.9
3824,Yb2InPd2,0.0
3825,Cr4Cu3Te8,0.0
3826,Ho2Pd2Pb,0.0
3827,Ca11Bi10,0.0
3828,NaGaGe3Se8,2.35
3829,DyB2Rh2C,0.0
3830,U(CrC)4,0.0
3831,AgSbSe2,0.58
3832,Co2Ge,0.0
3833,Li4FeNi3O8,0.0
3834,Li3FeS3,0.0
3835,CsEr9(Cd2Se9)2,2.09
3836,MnSnRu2,0.0
3837,Na2TeSe3,1.87
3838,Pr9(SbO)5,0.0
3839,Ga1Sb0.35As0.65,0.68
3840,LiMnO2,0.0
3841,FeCuSe2,0.15
3842,Ge0.3Te1Pb0.7,0.48
3843,Li3V4NiO12,0.0
3844,BaTi14O28,0.0
3845,SnS,1.07
3846,Al0.45Cd0.55Sb0.45Te0.55,1.93
3847,Eu2O3,4.5
3848,SiSb,1.9
3849,K2PdSe10,1.48
3850,Te2Pd3,0.0
3851,Ho2S3,0.5
3852,Bi24BO39,2.91
3853,Bi1Sb0.15,0.02
3854,Ce5CuSe8,0.0
3855,Cu3AsS4,1.24
3856,BaTl(MoO3)2,0.0
3857,Hf2Ni,0.0
3858,LaV,0.0
3859,Zn6S5Cl2,2.71
3860,YbMgPd,0.0
3861,HoTiSi,0.0
3862,Ni4(BiO2)9,0.0
3863,LiCu5P3O13,0.0
3864,Ca(Al4Co)2,0.0
3865,ErBPd3,0.0
3866,LiAl2Tc,0.0
3867,Ce15B8N25,3.5
3868,InAg3,0.0
3869,Ni2Mo3N,0.0
3870,Dy5Sn3,0.0
3871,Li3GaTe4O11,3.85
3872,Mg2Pb,0.04
3873,Ag5IO6,1.4
3874,Ba5Sb3,0.0
3875,Bi3Se2NO11,3.59
3876,La(In2Au)2,0.0
3877,Zn0.9Hg0.1Se1,1.75
3878,YCdPd2,0.0
3879,CsCeCdSe3,2.4
3880,Si2Ni6B,0.0
3881,Cr2SbTe,0.0
3882,Ba4Nb14O23,0.0
3883,In1.6Ga0.4Cu1S3.5,1.55
3884,Dy1Te1.45,0.6
3885,CsLi(B3O5)2,6.89
3886,Rb4CuSi2O7,0.0
3887,Ba2DyCu3O7,0.0
3888,Al2CoIr,0.0
3889,Dy4Sb3,0.0
3890,Cd1Se0.35S0.65,2.13
3891,BeAlB,0.0
3892,YbNd3,0.0
3893,LuGe2,0.0
3894,NaZr2TiF11,0.0
3895,Ba5(GaSe4)2,2.51
3896,DyBiPd,0.0
3897,U4Re7Si6,0.0
3898,LiYbF4,0.0
3899,Ca(MnAs)2,0.0
3900,Li8GeN4,2.61
3901,Gd3(AlNi3)2,0.0
3902,Rb5Tl3O,0.0
3903,AsPPt,0.4
3904,K1.46Sn3.09Bi7.45Se15,0.39
3905,K10Sn3(PSe3)8,1.82
3906,Cd0.37Hg0.63Te1,0.35
3907,In4Se3,0.64
3908,SrIn2Rh,0.0
3909,Cd1Se0.2S0.8,2.23
3910,Ba2GaBiS5,2.38
3911,BaGa2GeS6,3.23
3912,La3ZrSb5,0.0
3913,La2Rh7,0.0
3914,Ga3SiAg3Se8,2.3
3915,Cu2O,2.58
3916,Na2Cl,0.0
3917,Zn3Cd,0.0
3918,YCdPt2,0.0
3919,KV4Ag11O16,2.0
3920,Ba3Ta2ZnO9,4.32
3921,K10Zn4Ge4S17,3.34
3922,K(OsO3)2,0.0
3923,In0.8Ga0.2As1,0.5
3924,CuSbSe2,1.05
3925,Sr2TiO4,3.41
3926,Tm(MnGe)6,0.0
3927,EuCu9Sn4,0.0
3928,Th(FeGe)2,0.0
3929,Ge0.05Pb0.95Se0.95S0.05,0.29
3930,Na2UI6,0.0
3931,SmHg3,0.0
3932,Mn5O3F5,0.0
3933,AgTe2As,0.8
3934,Ho2O3,5.42
3935,NdBRh3,0.0
3936,Cd6P7,0.85
3937,SiAs,1.45
3938,Dy(CuSe)3,0.2
3939,Ca5Sn4S13,0.0
3940,Yb2EuS4,1.6
3941,Mn3NbO8,0.0
3942,ZnAs,0.9
3943,La3Si1Sb0.33S7,1.92
3944,Bi2Se3,0.35
3945,Ga2(TeO3)3,4.14
3946,Zn0.85Ga0.15As0.15Se0.85,2.25
3947,TmAl4Ni,0.0
3948,LiTa3(BiO3)4,3.5
3949,P2Pd,0.65
3950,SbSeI,1.63
3951,Tb2Ti3Ge4,0.0
3952,Yb(Fe2Ge)2,0.0
3953,In0.005Te1Pb0.995,0.43
3954,Yb4Sb3,0.0
3955,Ge0.01Te0.01Pb0.99Se0.99,0.23
3956,CeHg,0.0
3957,Li2In2SiS6,3.61
3958,RbCd4Ga5Te12,1.64
3959,Cd0.3Hg0.7Se1,1.1
3960,Sr0.5Ta1O3,3.7
3961,Ce9SmO20,0.0
3962,Mn2CoAs,0.0
3963,LiCa2Ge3,0.0
3964,Mo3Pd2N,0.0
3965,Eu1.75Ag0.5Ge1S4,2.14
3966,GaSiRu2,0.0
3967,Nd2IrPd,0.0
3968,Cs2Cd3Te4,2.48
3969,SrIn2,0.0
3970,Ba2SmCu3O7,0.0
3971,Tl2Hg3Te4,0.9
3972,Tl2.35Sb8.65Se14,0.6
3973,YbSb,1.0
3974,SmCrGe3,0.0
3975,Fe6O7F5,0.0
3976,Li2CrCo3O8,0.0
3977,Ni7(P2O7)4,0.0
3978,Li4Co2Ni3O10,0.0
3979,PrCo4B,0.0
3980,TiReN3,0.0
3981,NaYb(PS3)2,1.85
3982,Sc(CuSe)3,0.3
3983,CaPb,0.0
3984,PH6NO4,6.8
3985,Sm(MnGe)2,0.0
3986,Nd2Fe14B,0.0
3987,InSn2As2Se,0.2
3988,Tb2EuSe4,2.0
3989,AsOsS,1.3
3990,Yb11(Ni10C)6,0.0
3991,CeInIr,0.0
3992,SmMg3,0.0
3993,NdAl4Ge2Au,0.0
3994,LiInSn,0.0
3995,LuMnSi,0.0
3996,Mg3N2,2.8
3997,AgSbS2,1.88
3998,NiGePt2,0.0
3999,La2HfS5,0.7
4000,LiSnAu,0.0
4001,CsLu7Se11,1.78
4002,YAgO3,0.0
4003,CdTe,1.43
4004,Ba2UCuO6,0.0
4005,DySnRu2,0.0
4006,LiH3(SeO3)2,4.9
4007,Mn3V2(SiO4)3,0.0
4008,AgAu3,0.0
4009,Zr4AlNi2,0.0
4010,Zn0.85Hg0.15Se1,1.8
4011,Zn0.01Cd0.99Se1,2.4
4012,InHg7S6Cl5,2.54
4013,Na6CoSe4,0.0
4014,Be2W,0.0
4015,ZnCu2SiS4,3.0
4016,K4GeS4,0.8
4017,ZnS,3.54
4018,Eu(POs)2,0.0
4019,NaSb(PS3)2,2.17
4020,Ta2TiN3,0.0
4021,Ce2Ge2Se7,1.1
4022,La2O3,5.4
4023,Er(Al10Cr)2,0.0
4024,Rb2GeB4O9,5.54
4025,GdZn,0.0
4026,K10Fe4Sn4S17,2.2
4027,AlCuS2,3.5
4028,SmB66,0.8
4029,HgS,2.1
4030,U(CoGe)2,0.0
4031,BaLa2CoS5,0.0
4032,Ge0.15Te1Pb0.85,0.36
4033,Sn0.28Te0.28Pb0.72Se0.72,0.12
4034,Ba3ErRu2O9,0.0
4035,P2Ir,1.0
4036,V2Cd2Te2O11,2.48
4037,RbH3(SeO3)2,4.84
4038,UGa5Ir,0.0
4039,CsBr,6.8
4040,Eu(ErSe2)2,1.7
4041,Sm2TlZn,0.0
4042,Al9Rh2,0.0
4043,RbF3,0.0
4044,Mn2Cu(PO4)3,0.0
4045,BiPb2S2I3,1.6
4046,VB2,0.0
4047,LiTlPd2,0.0
4048,Si0.347Ge0.653,1.91
4049,Eu(InAs)2,0.0
4050,Er2(Ga3Co)3,0.0
4051,La1Se0.14S1.86,2.5
4052,NdMgNi4,0.0
4053,Yb(CuS)3,1.56
4054,ThSi2Ru3,0.0
4055,Cd4P2Cl3,2.17
4056,Ba2ErInTe5,1.35
4057,Bi4Pd(SeO3)4,2.06
4058,USeS,0.0
4059,LiNi2(PO4)3,0.0
4060,Ce3Ta(ClO2)3,0.0
4061,SmLuTl2,0.0
4062,La5SmS8,0.0
4063,InS,1.8
4064,In0.3Ga0.7As0.7P0.3,1.67
4065,Cs5Mo21Se23,0.0
4066,CsDy9(Cd2Se9)2,1.99
4067,K3B6ClO10,6.89
4068,NdGa2Ni,0.0
4069,Mg4Sc3(SiO3)8,0.0
4070,LiAsSe2,1.1
4071,In3Pd5,0.0
4072,Ge0.2Pb0.8Se1,0.35
4073,Cr2CuS4,0.0
4074,Ag2GeSe3,0.9
4075,Sr3Se3ClO8,4.4
4076,In3Sb,0.0
4077,Na5Cu7O13,0.0
4078,Pm2NiRh,0.0
4079,RbBi3TeSe4,0.8
4080,Ga1Sb0.99As0.01,1.37
4081,Ir0.67Se2,0.45
4082,Rb4Ge3B6O17,5.42
4083,Ge0.2Te0.2Pb0.8Se0.8,0.36
4084,Sm4Al23Ni6,0.0
4085,Ag7AsSe6,1.0
4086,NdAu3,0.0
4087,YbAl3,0.0
4088,Li3CrO4,0.0
4089,Th(Al2Fe)4,0.0
4090,SrSe,4.42
4091,MnP4,0.28
4092,HoZnRh2,0.0
4093,CdIn8Te13,1.02
4094,SrTe,3.73
4095,Si0.3Ge0.7,0.88
4096,Ti2Be17,0.0
4097,DyAs,1.0
4098,K4GeSe4,0.64
4099,Na3UF7,0.0
4100,Sm2In,0.0
4101,ZrW2,0.0
4102,In0.1Ga0.9As0.1P0.9,2.25
4103,YN,1.9
4104,Ti4NiBi2,0.0
4105,AgBiPbSe3,0.13
4106,Sm4U4O17,0.0
4107,Ga1.001Sb0.999Te0.003,0.72
4108,Y2ReB6,0.0
4109,Cd(InTe2)2,0.9
4110,TmCu4Ag,0.0
4111,Pr7Mn8O24,0.0
4112,BiTeI,0.46
4113,RbMn4In5Se12,1.76
4114,ZrRe2,0.0
4115,Nb5OF14,0.0
4116,Si0.226Ge0.774,1.5
4117,Y2Ge2O7,0.0
4118,Mn11Si19,0.5
4119,Te2Pd3Pb2,0.0
4120,HoTiGe,0.0
4121,Cd0.06In0.94Te0.06As0.94,0.68
4122,Rb3Cd(BO2)5,2.34
4123,HgPt3,0.0
4124,CeMg2Ag,0.0
4125,Y2Ge5Ir3,0.0
4126,ZrInPd2,0.0
4127,Li2Si4Ni5O14,0.0
4128,Nb4Co2PdSe12,0.0
4129,GeTe2,0.3
4130,Li3Mn3WO8,0.0
4131,La(Ni2B)6,0.0
4132,In1.9Cu0.1Se2.9,1.45
4133,CuBiPbSe3,0.07
4134,Hg3C,0.0
4135,Ca3N2,1.55
4136,Nd4(GeS4)3,2.62
4137,HfTl3,0.0
4138,EuCo8P5,0.0
4139,CsIrO3,0.0
4140,Ce(HO)3,0.0
4141,CoAs3,0.4
4142,RbNa2Sb,1.0
4143,La2Se3,1.65
4144,Mn0.05Te1Pb0.95,0.37
4145,Sr(GaAu)2,0.0
4146,LaVI5O16,3.58
4147,Tl(WO3)3,0.0
4148,Tm4Sb2Se11.68,1.22
4149,CsMn4Ga5Te12,1.55
4150,Re2W3C,0.0
4151,CeSi2Pt,0.0
4152,U(CuP)2,0.0
4153,Ca2Sn2F3,0.0
4154,CoSb2,0.17
4155,In2HgSe4,0.6
4156,NaCdAsS3,2.93
4157,Cs2Te,3.5
4158,Sc14Cu14O37,0.0
4159,Li3Fe(CoO2)4,0.0
4160,Ga1As0.3P0.7,2.16
4161,TePd,0.0
4162,Cs2NbCuSe4,2.19
4163,BaAlCu4O7,0.0
4164,Mn(SbO3)2,0.0
4165,Cs2DyCu3Te4,1.38
4166,Lu2O3,5.5
4167,SmInAu,0.0
4168,Th2In,0.0
4169,Al(Ni10B7)2,0.0
4170,YbSi2Ni,0.0
4171,KNa2Sb,1.0
4172,Cd0.8In2.1Ag0.1Te4,0.29
4173,K3Th2Cu3S7,2.49
4174,Ca3Al2Ge3,0.0
4175,Si0.08Ge0.92,0.72
4176,ThFe2SiC,0.0
4177,YbBO3,0.0
4178,CsInTe2,2.16
4179,LiGaAu2,0.0
4180,KTi5Se8,0.0
4181,BaNa2GeSe4,2.25
4182,Ce10Se14O,1.93
4183,GeAs2,1.0
4184,SrTaNO2,1.99
4185,Ag2Mo(I2O7)2,3.06
4186,Ni2Mo4N,0.0
4187,NiTe,0.23
4188,Sm4In21Pd10,0.0
4189,Tb(CoB)2,0.0
4190,Nb3In,0.0
4191,ZrTe,0.0
4192,Zn0.99Cd0.01Se1,3.6
4193,BeGaRh2,0.0
4194,GaAs,1.4
4195,SrSnO3,4.1
4196,Na4Al4Si19,0.64
4197,K3Cd(BO2)5,3.47
4198,Dy2MgTl,0.0
4199,Ce2ZnNi2,0.0
4200,LiInS2,3.56
4201,In1.05Cu0.95Se2.05,1.07
4202,Sc8Te3,0.0
4203,La5YbS8,0.0
4204,CdSb4MoO10,3.4
4205,SiSn,0.59
4206,LiBiS2,0.11
4207,Dy4Te3S4,1.43
4208,Li4HgGe2S7,2.75
4209,TmMgAg2,0.0
4210,EuCuSeF,0.0
4211,Cs2SeClF6,0.0
4212,Ga1.65Cu0.35S2.65,2.53
4213,TiFe2As,0.0
4214,Ag3Pd,0.0
4215,Y(TiGa2)2,0.0
4216,In1Sb0.7As0.3,0.16
4217,Gd2S3,2.55
4218,Zr5Sb3,0.0
4219,Nd10Se14O,1.98
4220,Eu(TmSe2)2,1.8
4221,Ba2GaAsSe5,1.39
4222,PmGaAu2,0.0
4223,SbSBr,2.17
4224,Eu3As2,0.6
4225,BaGa2GeSe6,2.22
4226,In1.5Cu0.5Se2.5,1.24
4227,Ba3Te,0.0
4228,Ca3Au4,0.0
4229,LiTm2Ru,0.0
4230,Gd3.04Sc0.96S6,1.5
4231,Cs2P2PdSe6,1.6
4232,YbSnTe2,0.75
4233,LiGaS2,3.62
4234,NaTi5Se8,0.0
4235,K2Te,1.9
4236,Ba(NiP2)2,0.0
4237,Yb(AlGe)2,0.0
4238,As2Os,0.9
4239,Cu9O13,0.0
4240,K4Al4Si19,1.4
4241,Rb2Cd3Se4,2.37
4242,CsAu,2.3
4243,LiAlB4,0.0
4244,Ni2Te3O8,3.84
4245,Ba3Cd(SnS4)2,2.75
4246,K3Ga3Ge7S20,3.25
4247,FeSi2,0.85
4248,MgCu2SiS4,3.2
4249,TbHg2,0.0
4250,ThPd3,0.0
4251,ZrSbRu,0.0
4252,BiSe,0.4
4253,Ba2GaS4,2.55
4254,Al0.2In0.8P1,1.7
4255,Li2Ga2GeS6,3.65
4256,Na3Tl,0.0
4257,ScAgO2,3.8
4258,Nb2Sb,0.0
4259,K3Ta2AsS11,2.21
4260,Pr2Te4O11,3.65
4261,HoCu4Pd,0.0
4262,P2O5,0.0
4263,IrPb,0.0
4264,Li3Mn4O8,0.0
4265,PrFeGe2,0.0
4266,LaIn5Ir,0.0
4267,Y2Fe2Si2C,0.0
4268,TmAu2,0.0
4269,Pr4MgRu,0.0
4270,KLiCO3,6.32
4271,Zn2InCuSe4,1.1
4272,CsTm9(Cd2Se9)2,2.16
4273,Ag3AsSe3,1.86
4274,Ga1.005Sb0.995Te0.015,0.68
4275,LaF3,6.6
4276,VTeHO5,2.51
4277,Zn0.9Hg0.1Te1,1.74
4278,Ba3B1.5Sb0.5S6,3.01
4279,Ce4InSbSe9,1.69
4280,CaGaAu3,0.0
4281,Sc3BPb,0.0
4282,Te0.5Se0.5,1.0
4283,Tm5(Ge5Rh2)2,0.0
4284,ThBi2,0.0
4285,BaZnSiSe4,2.71
4286,Li3AlP2,2.75
4287,Cs2Sb,0.62
4288,Cd2InCuTe3,0.7
4289,BaLa2Te5O14,3.81
4290,AlAs,0.0
4291,ZnCu2SiTe4,1.47
4292,Ba4Sm2Cu2O9,0.0
4293,HgIrO3,0.0
4294,Li3Fe2SbO6,0.0
4295,NdSb,0.0
4296,HfPt,0.0
4297,Cs3Li4(BO2)7,6.53
4298,GdZnIn,0.0
4299,LiTaRh2,0.0
4300,SmS,2.3
4301,NaTa3,0.0
4302,ZnHg3(SeCl2)2,2.23
4303,Sr2V2(SeO5)3,2.96
4304,K3Sn,0.0
4305,NaIn3S5,2.18
4306,SrSbAu,0.0
4307,Li2MnGeS4,3.06
4308,VO2,0.12
4309,CsSc(SeO3)2,5.2
4310,As2S3,1.89
4311,V5SiB2,0.0
4312,Hf5Sn3,0.0
4313,Tl2S,1.0
4314,Rb2Tb3AlF16,0.0
4315,Nd1.33Lu0.67S3,1.5
4316,TlCr5(SeS)4,0.85
4317,ScAg(PSe3)2,1.55
4318,Yb2MgSe4,0.0
4319,BaCaB2O5,5.6
4320,U2(Co7B2)3,0.0
4321,Nd(CoGe)2,0.0
4322,LuIr,0.0
4323,B3Pb3NO10,3.64
4324,Sc2GaAg,0.0
4325,CeCoGeH,0.0
4326,Zn0.4Hg0.6Se1,0.42
4327,CsCl,7.8
4328,YMg4Cu,0.0
4329,Al4Cu2O7,0.0
4330,Yb3Al5O12,0.0
4331,Eu3Se4,0.58
4332,Ba2SmGaSe5,2.27
4333,Li4Ni2(PO4)3,0.0
4334,LiMgAs,0.7
4335,Gd3ReO7,0.0
4336,DyZrSb,0.0
4337,In0.8Ga0.2As0.8P0.2,0.85
4338,NdIn5Rh,0.0
4339,Rb4Ga4Si19,1.18
4340,Cs2NaCoF6,0.0
4341,Dy2Te3,0.69
4342,Nb3Te,0.0
4343,SbOsS,1.2
4344,Li4Cr3NiO8,0.0
4345,In0.6Ga0.4As0.6P0.4,1.25
4346,Mg3(Ni10P3)2,0.0
4347,TlCuCl3,2.98
4348,Ce2Sb,0.0
4349,Pr(MnSi)2,0.0
4350,Zn2Ni9O13,0.0
4351,NaNbSe2O7,3.65
4352,Cs2Hg(ICl)2,2.15
4353,GdGeRu,0.0
4354,Mn2AlB2,0.0
4355,Er2C3,0.0
4356,RbSbO3,0.0
4357,Cs2Cu(PS3)3,2.4
4358,GePb2(SeO3)4,4.1
4359,Ce8Sb2S15,1.99
4360,LiSbTe2,0.13
4361,K4Ga4Si19,1.18
4362,Li2MgSn,0.0
4363,ZnSnO3,3.9
4364,TiSe2,1.55
4365,GaSb,0.67
4366,In2As2Cl2O5,4.62
4367,ScN,2.6
4368,HgRhO3,0.0
4369,VBi(SeO4)2,2.2
4370,Cs2NaMnF6,0.0
4371,Ga1.02Sb0.98Te0.06,0.68
4372,SnRh,0.0
4373,DyBPd3,0.0
4374,ZrB2,0.0
4375,AgBr,2.52
4376,Cd0.204Hg0.796Te1,0.06
4377,GaAgGeS4,3.0
4378,LiZn2GaO4,4.0
4379,Ga1Sb0.14As0.86,0.66
4380,Pr(BRu)2,0.0
4381,Pr(FeSi)2,0.0
4382,CdSnAs2,0.26
4383,Rb3Sb2I9,1.94
4384,Cd0.05Ga0.95Sb0.95Te0.05,0.74
4385,Lu2CrS4,1.75
4386,LuCd4B3O10,3.7
4387,Pt0.97S2,0.95
4388,Na8Hg3,0.0
4389,As2Se3,1.7
4390,Ba7Ga5AgS15,2.6
4391,CeBC,0.0
4392,LiLu2Ga,0.0
4393,TbNi5,0.0
4394,HgCl2,4.45
4395,MoO3,3.54
4396,YbCdHg2,0.0
4397,Li(NiO2)4,0.0
4398,BiI3,1.8
4399,CeMoO4F,2.52
4400,Pr2Ir2O7,0.0
4401,Ba2Cd(BO2)6,4.59
4402,NaIn(TeO3)2,4.0
4403,RbCd4In5Se12,1.57
4404,V6PbO11,0.0
4405,SrZnSb2,0.0
4406,NaInSnS4,2.4
4407,Ce(InS2)3,1.11
4408,SrUS2,0.0
4409,In1.99Cu0.01Se2.99,1.45
4410,In0.9Ga0.1As0.9P0.1,0.45
4411,Rb3Ga,0.0
4412,LaB6,4.1
4413,CuNi(CN)4,2.7
4414,TiI,0.0
4415,RhS3,1.5
4416,MnSbPd,0.0
4417,Nd(GePt)2,0.0
4418,BPb6BrO7,2.84
4419,BaCu2SnSe4,0.48
4420,Ag9Ge2IO8,0.0
4421,Sm2Pd2Pb,0.0
4422,HfAsRh,0.0
4423,Dy12Co7,0.0
4424,CeNbO4,0.0
4425,ZnCu2SiSe4,2.33
4426,EuSnAu2,0.0
4427,Mg2GeSe4,2.02
