,pretty_comp,spillage
0,TmBRh3,1.4569999999999999
1,ZnTe,0.256
2,TmRh,0.081
3,Nd2SnS5,0.05
4,Lu(AlC)3,0.044000000000000004
5,ZrFeP,0.6990000000000001
6,ScInCu4,0.01
7,Ga2Se3,0.076
8,Bi2Te2S,2.104
9,YBiPd2,0.321
10,Li3PrSb2,0.456
11,PdPbO2,0.14300000000000002
12,HoZn,1.996
13,TcNiW,0.161
14,LaS,0.102
15,ZrPt,0.11
16,TiP2,0.012
17,AlPt,1.6119999999999999
18,InPPd5,0.11
19,ThSe,0.444
20,TlPPt5,2.24
21,LiPm2Rh,0.07200000000000001
22,HfMgPd2,0.895
23,TbInAg2,0.527
24,SnPd3,2.82
25,HfTe5,0.57
26,MgGeRh2,0.294
27,TaAlOs2,0.852
28,SmTl,0.38
29,Nd3GaN,0.38
30,Ba2PdO3,0.057999999999999996
31,Ca3(SiIr)4,0.958
32,TiBiRh,0.665
33,ScB4Os3,0.5429999999999999
34,Li2CuAs,2.008
35,TbN,0.044000000000000004
36,NbTlPt,1.114
37,LiTm2Co,0.09
38,Bi3Rh,3.312
39,GaAg(PSe3)2,0.095
40,RbAgBr3,0.036000000000000004
41,NdCuSn,0.309
42,ZrNbP,0.272
43,ThAs,0.755
44,YTlAg2,0.564
45,Mg3Si8Ir3,0.517
46,Ti4As3,0.221
47,Pm3Pb,1.129
48,ZnCu2SnSe4,1.162
49,Sr3GaN3,0.011000000000000001
50,Li2YTl,1.246
51,AcEr3,0.895
52,Y3SnC,0.042
53,PrTeCl,0.045
54,YOsO3,1.102
55,BaAl2,0.021
56,SrGa2,0.018000000000000002
57,HfZnCu2,0.113
58,K(InAu2)2,2.208
59,Sb3Au,1.0090000000000001
60,DyAl,0.047
61,ZrAg,0.23
62,HfS3,0.051
63,HfNi2Sn,0.052000000000000005
64,PW4Cl,0.258
65,Ho(SiPt)2,0.956
66,ZrB,0.009000000000000001
67,Ca3BiP,1.271
68,InAs,0.502
69,PrSmZn2,0.068
70,SmAs,0.517
71,Hf2S,0.514
72,TmZrOs2,0.47
73,TbMgRh2,0.07400000000000001
74,YbTaRu2,0.152
75,SmGaSb2,0.41100000000000003
76,FeTe2,0.205
77,SmErMg2,0.046
78,Th2Al2C3,0.231
79,HoGeO3,0.045
80,DyTe,0.943
81,Na2CdPb,0.9670000000000001
82,Yb3Ge5,0.126
83,Te6MoW3Se2,1.085
84,BaMg(SnO2)4,0.016
85,PdC,0.768
86,TaTi2N3,0.61
87,Sb3Ir,0.40399999999999997
88,IrOsW,1.15
89,KTeAu,2.096
90,TaSiRh,0.685
91,Sr2As,0.012
92,Ti2MnIr,0.428
93,ScSbPt,0.10099999999999999
94,YbHfIr2,0.579
95,NiAsS,0.057
96,Sc3TlB,0.32
97,Sr(P3Pt2)2,0.374
98,Ba2TlZn,0.8190000000000001
99,ZrScOs2,0.544
100,TmPd3,0.05
101,Nd3SnN,0.11900000000000001
102,TiBe,0.002
103,ZrCdAu2,0.18899999999999997
104,TbBi,1.324
105,TmTaRu2,2.065
106,Ho3InC,0.226
107,Sm3InN,0.035
108,VOsCl,0.452
109,TiGaFeCo,0.044000000000000004
110,TmInCu4,0.032
111,PrDyMg2,0.049
112,YSbPd2,0.836
113,Bi2Te2Se,2.1
114,In5AgTe8,0.307
115,PrMgNi4,0.17300000000000001
116,HfBeSi,0.975
117,BaAu5,0.91
118,Ca2Sb2O7,0.012
119,TcB2,0.616
120,TaIr,2.0709999999999997
121,YH2,0.002
122,HoInPd2,0.06
123,LuGeRu,0.736
124,TmCu4Ag,0.326
125,Nd2Te3,1.892
126,Sc2GaRu,0.027000000000000003
127,In2Sn2O7,0.013000000000000001
128,TlTe3Pt2,0.35700000000000004
129,Al3Pt5,1.455
130,Lu2In,0.557
131,Ho3AlN,0.067
132,ThSnPt,0.16899999999999998
133,ErAgHg2,0.986
134,BaYCuBiO5,0.10800000000000001
135,Ca(CdAs)2,0.048
136,Nb3Sb,0.5920000000000001
137,Sc2GaTc,0.025
138,HoAgPb,1.587
139,ErAgSe2,0.044000000000000004
140,LuS,0.8320000000000001
141,Ni3(PbSe)2,2.239
142,YZnGe,0.40399999999999997
143,Pr(PRu)2,0.769
144,SmN,0.183
145,Yb2HgPb,1.423
146,LiPm2Ru,0.46399999999999997
147,Th(SiPd)2,0.081
148,PrBiAu2,2.1319999999999997
149,ZnPd2Au,0.821
150,ZnCu2GeS4,0.03
151,ZnCu2SnS4,0.039
152,Hf2Si,0.14800000000000002
153,Sb3O7F,0.008
154,MgSn3,0.397
155,TbAlAg2,0.08800000000000001
156,Li3Cu2SbO6,0.023
157,Yb3DySb3,0.45
158,ErPaTc2,0.423
159,PrEr3,0.614
160,SnS,0.005
161,LuCdPd2,0.384
162,MgHg,1.101
163,TePd3,0.22
164,Ca2AgBi,0.32899999999999996
165,AgHgPd2,0.18100000000000002
166,Bi2Pd3S2,1.954
167,BaGePt,1.8159999999999998
168,LuSi3,0.079
169,LiInSe2,0.025
170,LiGaPd2,0.722
171,ScInIr2,0.23800000000000002
172,Nd3Al,0.865
173,Y2Ni2O7,0.027999999999999997
174,ScPPt,0.315
175,ZrSiSe,0.019
176,CuSnRh2,0.653
177,VHgO3,1.597
178,Pr(FeSi)2,0.27699999999999997
179,MoWSe3S,0.068
180,ErAs,0.46
181,Nb3Sn,2.408
182,RbAuBr3,0.084
183,Nd4Sb3,0.847
184,LuScRu2,0.294
185,NdAl7Au3,2.1830000000000003
186,BaPdS2,0.049
187,K2SrCdSb2,0.094
188,Tb5NiPb3,1.453
189,Er3Al3NiGe2,0.124
190,TaC,0.052000000000000005
191,Cd3P2,0.031
192,ZrGeSe,0.028999999999999998
193,Ta3Al2CoC,1.965
194,LuMg,1.599
195,Mg3As2,0.008
196,RuS2,0.027999999999999997
197,HgPd2Au,0.81
198,SmYIn2,0.038
199,SmSnAu,0.565
200,SbPdSe,0.09699999999999999
201,TbGa3Os,1.01
202,MgB4Os3,1.126
203,DyS,0.932
204,ZrCr2,0.34600000000000003
205,LiCd2Rh,0.455
206,ZrCuHg2,0.078
207,AcSbAu2,2.255
208,DyYZn2,0.602
209,Tm2HgOs,1.579
210,TlSb,1.199
211,Tl2Sn2S3,0.08800000000000001
212,NdTm3,0.887
213,Na2LiTa,0.941
214,AgBi2Se3Cl,0.515
215,TbAl,0.048
216,Sc2TcPt,0.239
217,Ba2N,0.015
218,HoIn5Rh,0.657
219,NdAgHg2,1.015
220,LiGaSi,0.003
221,Y3Al,0.428
222,LuTaOs2,0.489
223,SmMgZn2,0.017
224,HoGa2,0.027000000000000003
225,TbLuHg2,0.45399999999999996
226,ZrS,0.326
227,Rb2PdBr6,0.049
228,CaTe,0.094
229,SrAgP,0.013999999999999999
230,InAsPt5,2.214
231,Th3P4,0.419
232,BaTe2,0.081
233,PbAu2,0.737
234,YbIn2,0.41200000000000003
235,PmZn2Ag,0.75
236,DyRh3C,0.799
237,Sc2AlSi2,0.017
238,Cu2SnS3,0.18899999999999997
239,TiPt3,1.474
240,TaCuN2,0.024
241,CaTmCd2,0.075
242,Sc2AlOs,0.358
243,Sm2MgAl,0.713
244,Ca(As2Rh3)2,0.155
245,LiAc2Si,0.64
246,LiGa2Pt,0.581
247,ScPt,1.916
248,Ta3Sn,2.358
249,InSb3,0.858
250,Ca(PIr)2,0.308
251,MgNi2Sn,0.021
252,Yb3GeO,0.8220000000000001
253,Zn(InS2)2,0.013000000000000001
254,LuInCu2,0.513
255,Na2CdSn,3.696
256,TbAlCu2,0.10300000000000001
257,CuSe2Cl,0.039
258,YHoCd2,0.41100000000000003
259,LiCa2Tl,0.898
260,VFeSb,0.01
261,YbPrMg2,1.604
262,Tm3TlC,0.8220000000000001
263,Pm2ZnRh,0.07
264,NaFeAs,0.377
265,HfCoSb,0.613
266,Ba2YSb3O8,0.44
267,NaAgO,1.27
268,La3InB,0.7340000000000001
269,HoN,0.027000000000000003
270,ErNbRu2,0.16699999999999998
271,Er2ZnCu,0.14300000000000002
272,Mg2TiSbO6,0.055999999999999994
273,NaTlO2,0.016
274,MgSbPt,0.16
275,Be2Zn,0.002
276,Y2O3,0.42200000000000004
277,NaHg2,0.408
278,ScGaNi2,0.019
279,Hf3Al3C5,0.221
280,LuPaTc2,1.827
281,CdP4,0.004
282,KZnSb,0.048
283,YbNbRu2,0.08199999999999999
284,ZrZn,0.152
285,SmH3,0.426
286,LiCa2Rh,0.027999999999999997
287,Lu2OsPd,1.66
288,TaGeRh,0.6990000000000001
289,AgHg3SbO6,0.11599999999999999
290,Ba5Al5Sn,0.06
291,ZrNiSn,0.015
292,GaRh,0.155
293,LaTiO3,0.474
294,YPt3C,1.8419999999999999
295,ZrAlRu2,1.1179999999999999
296,Rb2HgAu,0.172
297,Li2PrP2,0.21100000000000002
298,Dy3TlC,0.804
299,NaCaTl2,1.218
300,BaNdCuBO5,0.15
301,ErPd3,0.046
302,BaTaS3,0.21600000000000005
303,AcSnAu2,2.137
304,Zr3Cd2,0.049
305,DySnPd2,0.24
306,Tl2Ge2O7,0.07200000000000001
307,FeSbS,0.057
308,CaSmCd2,0.13699999999999998
309,TmInPd2,0.052000000000000005
310,LiCaPb,2.141
311,Ba2AsAu,0.043
312,AgAuCl4,0.10800000000000001
313,SmCdAu2,0.7859999999999999
314,PrSbTe,0.489
315,SmZnAu2,0.828
316,DyBi,1.3159999999999998
317,Ca(CdSb)2,0.22899999999999998
318,CdSe,0.018000000000000002
319,ZrTe2,1.248
320,Te2MoWSe2,0.141
321,BaGeO3,0.35100000000000003
322,MgAlPd2,0.019
323,NbN,0.017
324,SbTe,1.982
325,BaBi2O5,0.08800000000000001
326,Pr(Fe2P)2,0.023
327,LiPr2Os,0.532
328,Li2TmTl,1.311
329,NdZnSn,0.691
330,P3Pd,0.7140000000000001
331,LiGa2Pd,0.21600000000000005
332,Te4Mo3Se2,0.098
333,Nd3PbC,0.8959999999999999
334,ErSnPt2,1.2570000000000001
335,SbTeO3,0.8759999999999999
336,Al2PdRu,0.051
337,AgRhO2,0.073
338,LiSmAu2,0.818
339,CaCuSb,0.585
340,BaPd2,0.113
341,ScBIr3,0.96
342,YMgCu4,0.023
343,TlN,1.047
344,BaSiTc2,0.067
345,SrCuSb,0.276
346,YbH3,0.024
347,LiEr2Os,0.26
348,CuAuSe4,0.105
349,YbAs,0.41200000000000003
350,NaZnSb,0.74
351,Yb2CdS4,0.8759999999999999
352,VSiTc2,0.055999999999999994
353,TaMoN,0.29600000000000004
354,TaS,0.35
355,PtPb2,0.6729999999999999
356,HfSb,0.45299999999999996
357,TiGeRu2,0.021
358,HfC,0.11
359,BaSnHg,2.075
360,PbAuO2,0.198
361,LaBi,1.341
362,LiTb2Ir,0.285
363,TbPd3,0.044000000000000004
364,InP3,0.011000000000000001
365,Ca2Bi,0.15
366,K2NaInAs2,0.016
367,Zn(Sn2O3)2,0.038
368,Sc2AlAg,0.012
369,CaSnRh2,0.452
370,NaSr2AlP3,0.013000000000000001
371,TiPtPb,1.026
372,Nb3I8,0.21
373,Ta9(FeS3)2,2.705
374,TiAlRu2,0.508
375,TiSiOs2,0.272
376,Nd(BOs)4,2.355
377,GaTc2W,0.426
378,SrTl2,2.1069999999999998
379,Ho2NiAs2,0.129
380,TaW3,0.9359999999999999
381,LiYTl2,0.5579999999999999
382,Al2IrRh,0.17600000000000002
383,DyFeSi,0.161
384,HoNbRu2,1.219
385,AgO,0.051
386,Ga2HgTe4,0.113
387,LiYb2Rh,0.633
388,LiSbRh2,0.541
389,AcYbGa2,2.08
390,Ca3Hg2,0.889
391,PmBiRh2,0.254
392,AgBF5,0.08199999999999999
393,Ba(MgSi)2,0.063
394,Al(SnO2)2,0.419
395,Ho6FeBi2,2.964
396,ScGaCo2,0.027999999999999997
397,Li2CdGe,0.45399999999999996
398,NdMgHg2,0.327
399,CdSnSb2,0.606
400,Nd2IrPd,0.615
401,Zr2NiAs2,0.298
402,CaBiO3,0.068
403,TmN,0.023
404,TaP,0.545
405,ScGa2Ru,0.382
406,VAuS2,0.061
407,SiHgO3,0.027000000000000003
408,BaPt,0.326
409,YNiBi,0.278
410,Nb3PbS6,2.06
411,SmP5,0.068
412,TmSe,1.032
413,TbP,0.126
414,LiCa2Ga,0.284
415,YbNiH3,0.03
416,NdSb,0.997
417,TbMgHg2,0.325
418,BaAsPd,0.026000000000000002
419,LaMgHg2,0.494
420,Li2YbSn,0.758
421,LiHo2Ga,0.875
422,LiGa2Ir,0.927
423,TbPb3,1.41
424,USnPt,1.801
425,Mg2Si,0.001
426,FeSe2,0.038
427,SrGe2,0.013999999999999999
428,Ag3Sb,0.555
429,ThTe3,0.429
430,TiTc2Mo,0.066
431,PmAlAg2,0.043
432,LiScPd2,0.9179999999999999
433,TmCuPb,0.428
434,SrAgO3,0.057
435,GaPt,0.816
436,Bi2SeO2,2.101
437,CuAgS,0.032
438,KSb,0.10800000000000001
439,Sn5(BIr3)2,0.6659999999999999
440,Pm2ZnOs,0.36
441,TmSb,1.08
442,Zn2Sb3O8,0.012
443,Sr2YTi2TlO7,0.11199999999999999
444,LiSm(CuP)2,0.013000000000000001
445,NbGaNi2,0.033
446,RuN2,0.447
447,Dy2ZnOs,0.18899999999999997
448,MgScAg2,0.087
449,Li2LaSn,0.87
450,HfNi3,0.941
451,Be2Si,0.002
452,Bi2Te4Pb,2.147
453,Pm2PtAu,0.752
454,Zr2CuSb3,0.883
455,Sb(IF3)2,0.306
456,HoErAl2,0.055999999999999994
457,ZrSbPd,0.237
458,GePd,0.046
459,HfSb2,1.2830000000000001
460,Ho2OsRu,0.402
461,NaInAg2,0.045
462,Na3In2Au,2.147
463,NbZn3,0.03
464,AlSnO3,0.003
465,Ta4GaSe8,0.391
466,Pr4As3,0.601
467,TbAlNi,0.48
468,PrGaAu2,1.297
469,Na2AsAu,0.129
470,Lu2AlOs,0.384
471,Ag2Te2O7,1.349
472,Tl5Se2Br,0.315
473,Dy2IrAu,0.213
474,Na3Sb,0.055999999999999994
475,CuIrBr,1.197
476,Tm2MgIr,1.004
477,Er2CuPt,0.27399999999999997
478,AlZnRh2,0.9640000000000001
479,Ba(ZnP)2,0.09
480,YPaTc2,0.4370000000000001
481,SmCd3,0.023
482,Nd3InN,0.893
483,Yb2AgBi,0.18600000000000005
484,W3O8,0.107
485,ZrCdO3,0.005
486,Ga2Te3,0.136
487,Li2Nd2Si3,0.047
488,Sb2TeSe2,0.24600000000000002
489,NbS,0.037000000000000005
490,LiVIr2,2.086
491,SmTlAg2,0.324
492,NiAu3,0.6709999999999999
493,ErCd,1.595
494,BaAgP,0.02
495,Ta2Se,1.295
496,LiTmIn2,0.061
497,Yb3In,0.155
498,Tl2PdSe2,0.244
499,Dy2AgOs,0.242
500,HfAsRh,0.601
501,SmSnAu2,0.13699999999999998
502,Zr2OsRu,0.23
503,Nd3In,0.467
504,Ti5Pb5O4,0.17600000000000002
505,TaGe2,1.093
506,HfSnPt,1.449
507,Sr2Ge,0.019
508,Ta2N,0.825
509,Dy2CdSe4,0.08199999999999999
510,Ag7NO6,1.868
511,Tb(BIr)4,2.231
512,Sc3BPb,0.149
513,AlPd,0.039
514,RbPrTe4,0.171
515,GeMo3,0.358
516,BaAg2GeSe4,0.155
517,Sr3BiP,0.64
518,Pm2CuPt,0.271
519,SiTePt,0.47700000000000004
520,DyN,0.032
521,TeO3,0.016
522,Rb4CO4,0.003
523,HfMgAu2,0.45799999999999996
524,TePb,0.97
525,ScTaOs2,0.47100000000000003
526,TaTe4,0.37799999999999995
527,SmPa3,1.012
528,TiSe,0.057
529,Te4Pt3,0.8740000000000001
530,SrGaSnH,0.043
531,Sm2IrPd,0.273
532,Bi2Os2O7,2.502
533,PrBi,1.18
534,Yb2SbAu,2.056
535,SiBPb,1.1440000000000001
536,Pm2CuOs,0.47100000000000003
537,Li2DyIn,1.3980000000000001
538,Ca(ZnAs)2,0.015
539,Na2Sn2O3,0.107
540,NdFeSi,0.297
541,Na2PtC2,0.10099999999999999
542,TmHfRu2,0.08
543,NaTeO3,0.013999999999999999
544,TcN,0.5379999999999999
545,Sr2Ni(N3O)2,2.4290000000000003
546,MgInPd2,0.121
547,Rb3BrO,0.005
548,ScN,0.188
549,TmTc2W,0.34700000000000003
550,CaCdPb,1.629
551,Pd3(PbS)2,2.063
552,SmAl,0.109
553,Bi2Se3,0.755
554,Ti3InN,0.856
555,HoAgSn,0.128
556,YSi,0.004
557,V3Sb2,0.449
558,BaBi3,2.186
559,Ho3AlC,2.62
560,MgCuAs,0.185
561,Sm2CuRu,0.18100000000000002
562,Hf2TcOs,0.307
563,ZnAs,0.018000000000000002
564,BaGaGeH,0.303
565,CoBiO4,0.109
566,Ho2CuRh,0.08
567,AlTc2Pb,0.955
568,TiSiRu2,0.027000000000000003
569,NdSb2Pd,0.48200000000000004
570,Y2NiIr,1.456
571,TaAlRu2,0.084
572,DyIn,0.04
573,CdSnO3,0.003
574,Pr3SnC,0.052000000000000005
575,TmP,0.145
576,YMgZn2,0.004
577,Zr3(Cu2Ge)2,0.34299999999999997
578,CaB2,0.002
579,ErCdCu4,0.384
580,Zr3Au,1.137
581,NiSb2,0.669
582,Sc2CdTc,0.085
583,ZrCu2Hg,1.192
584,PrH,0.033
585,Ta3AlC2,0.653
586,Tl4SnTe3,2.26
587,OsS2,0.479
588,LiPt2,0.821
589,Ce(Fe2P)2,0.066
590,SmInRh2,1.37
591,P2Pd,0.018000000000000002
592,TiRu,0.034
593,SrSi2,0.008
594,PrP,0.78
595,ErInPd2,0.05
596,Hg2Pt,0.231
597,Sr(SnAs)2,0.9990000000000001
598,CdSnAs2,0.4270000000000001
599,KCuSe,0.022000000000000002
600,LuBi3,1.0659999999999998
601,NbW5Se2,0.305
602,ScGaCu2,0.017
603,SrCaSi,0.006999999999999999
604,CaPb3,2.11
605,BaBe2Te,0.052000000000000005
606,Y(BRh)4,0.271
607,Pr(Re2Si)2,0.628
608,Tm2GaOs,0.27
609,KFeTc2,2.51
610,Pt3PbC,1.1540000000000001
611,TbPmRh2,0.281
612,InP2Pb,0.835
613,YErIn2,0.179
614,LiHo2Rh,0.08800000000000001
615,LiTmPt2,1.139
616,GeSb4Te7,2.075
617,LiCaSn,2.02
618,Tm2CuOs,0.225
619,ZnFePb,1.393
620,Ba2Ge,0.075
621,Rb3As,0.038
622,ErInRh2,0.5720000000000001
623,SmAgPb,0.87
624,Pm2SiHg,0.172
625,ZnNi2Ge,0.026000000000000002
626,Sr4Bi3,2.291
627,SiGe,0.004
628,NaPrHg2,0.57
629,PaAlTc2,0.597
630,SrSbPt,0.125
631,NdIr2,1.8430000000000002
632,Er2MgTl,0.39
633,Si2OsRu,1.472
634,InSiIr,0.379
635,HoNiBi,0.319
636,YSbPt,2.7939999999999996
637,TmSbPd2,0.643
638,ZrSb2,0.7390000000000001
639,Ti2AlMo,0.045
640,LaAs,0.064
641,Th6CoBr5,0.3
642,RbAsO3,0.092
643,Rb3Os2Br9,0.7070000000000001
644,LiSc2Os,0.22699999999999998
645,PrIn,0.026000000000000002
646,Ba(CdAs)2,0.081
647,HoCd,0.44
648,V3Sn,0.371
649,LiBiRh2,0.6920000000000001
650,WN2,0.387
651,Li2HgAu,1.923
652,Ni3SnN,0.516
653,Dy(CuO2)2,0.507
654,Te2Ru,0.165
655,PmSbPd2,2.043
656,ScSnPt2,0.787
657,TmCdPd2,1.167
658,Te2Ir,1.077
659,Ba3BiP,2.13
660,Sm(SiRu)2,0.345
661,RbCu3S2,0.013000000000000001
662,AlMo3,0.11699999999999999
663,LiYS2,0.002
664,SmSbIr,2.13
665,TaBeO3,0.611
666,ZnSb,0.11699999999999999
667,K4CdAs2,0.006999999999999999
668,LiGePd2,0.094
669,SrBiB,1.889
670,KSnSb,0.11
671,Ti2InCo,0.977
672,ZrB2,0.038
673,Ta3Sb,2.205
674,CaTl2Cd,1.464
675,HfHgO3,1.196
676,Lu2BeOs,0.315
677,Sb2O5,0.011000000000000001
678,CdGeAs2,0.263
679,SnAu3,0.368
680,CaAcZn2,0.813
681,Zn3(InS3)2,0.057
682,SnBiO4,0.034
683,PmGaCu2,0.644
684,MgBi2O5,0.14400000000000002
685,Dy2AgRu,0.083
686,AgBrO4,0.016
687,Lu2TlHg,0.494
688,Ni(BMo)2,0.557
689,LiTm2Ru,0.126
690,Bi2Pb2Se5,0.8390000000000001
691,ZrGaAu,0.626
692,NaLu(Pd3O4)2,0.9159999999999999
693,Li2PrAl,0.242
694,NbCrSi,0.429
695,Ti2TcPt,0.40399999999999997
696,TaInRu2,0.201
697,Sc2TcPd,0.441
698,OsC2,0.214
699,NbSeI3,0.215
700,Er3Ni7B2,0.457
701,RuCl2O,0.41100000000000003
702,Yb2AgSn,0.109
703,TaTe5Pt,1.3969999999999998
704,InAgO2,0.03
705,ZrFeSe,0.006999999999999999
706,TmZnRh2,0.456
707,DyInCu2,0.06
708,BaLiAs,0.01
709,GaCuRh2,0.195
710,Ca3AsP,0.027999999999999997
711,KAg3Se2,0.145
712,Ca3In,0.011000000000000001
713,SrN2,0.002
714,LiZn2Pt,0.579
715,Pm2ZnRu,0.08
716,LiCdAu2,0.087
717,TaGaOs2,0.8809999999999999
718,Ag3AsO4,0.06
719,HoAlAu2,0.191
720,Pr(SbOs2)2,1.043
721,LuGa3,0.039
722,CdC,0.008
723,AlTlSe2,0.039
724,PdAu3,1.006
725,NaSr2Tl,0.807
726,Cu2GeS3,0.045
727,Ag3Sn,0.18
728,DyYCu2,1.828
729,Rb(TeO3)2,0.051
730,TbTl3,0.9990000000000001
731,Er2In,0.218
732,BaYbCdSb2,0.159
733,Cd2PbO4,0.062
734,Lu2ZnIr,0.637
735,Te2Mo3S4,0.052000000000000005
736,SmS,0.446
737,HoInCu2,0.064
738,BaBiAu,1.4569999999999999
739,Ca2Sb,0.017
740,Sr2YTlSn2O7,0.028999999999999998
741,Pr(CuSi)2,0.013000000000000001
742,NdTeF,0.049
743,NaBi2AuO5,0.5770000000000001
744,Mg2PdAu,0.048
745,DyNbRu2,0.098
746,Sc2AlRu,0.055999999999999994
747,Yb2SeO2,1.21
748,Tb2SnS5,0.062
749,CaPmPd2,0.7140000000000001
750,Ti2Sn,0.015
751,MgInNi2,0.145
752,CaSnHg,0.6809999999999999
753,Na2TlSb,0.17600000000000002
754,NaAg2,0.028999999999999998
755,AgBiS2,1.775
756,Er3AlN,0.086
757,TmH2,0.022000000000000002
758,Mg2Pb,1.294
759,NaAu2,0.369
760,Li2NdSb2,0.7809999999999999
761,Li2InRh,0.435
762,Bi2Ir2O7,2.164
763,LaBiAu2,2.8710000000000004
764,NdC2,0.593
765,Bi2Te3,2.094
766,CaSi2,0.001
767,Be2IrPd,1.186
768,TbTlAg2,0.20600000000000002
769,Ag2O,0.019
770,InAsPd5,0.135
771,Yb(Fe2P)2,0.48700000000000004
772,Re3F,0.737
773,Yb2CdHg,0.536
774,Yb2Pb,1.3019999999999998
775,SmMgTl,0.9490000000000001
776,Sr2CdIn,0.29600000000000004
777,TiGaRu2,0.634
778,HfSnRh2,0.685
779,ErNiSb,0.057999999999999996
780,MgSbPd2,0.064
781,Li3HoSb2,0.384
782,KAuBr4,0.172
783,TmSnRu2,0.95
784,YbMgSn,0.5720000000000001
785,Hf2ReIr,0.40700000000000003
786,Sr2Sb,0.032
787,Ba(ZnAs)2,0.326
788,CaSn3,0.21
789,Al2W,1.147
790,BaCa(AgO2)4,0.29
791,NdBRh3,1.903
792,TlCuCl3,0.022000000000000002
793,BaBiO3,0.076
794,SrP3,0.004
795,TaTe4Ir,3.318
796,Ga3Fe,0.021
797,K2NiAs2,0.439
798,Y2ZnSe4,0.077
799,ScGaRh2,0.031
800,Ta2TcW,0.532
801,Tl6TeO2,2.089
802,Ca(MgBi)2,2.072
803,SrPb3,2.229
804,As4C3,0.77
805,In2AgSe4,0.667
806,YbBiPd,0.322
807,SnPt3C,1.479
808,Nb3Pt,1.739
809,Nd(NiBi)2,0.9840000000000001
810,Nd2Cd2O5,0.016
811,NdTe2,0.371
812,Ta2InC,0.626
813,TiPd2,0.040999999999999995
814,SrMgSi,0.044000000000000004
815,ScSbRu2,0.32799999999999996
816,WBr6,0.05
817,YPbAu,2.052
818,Sm2AgRu,0.087
819,PmInAg2,0.172
820,LiDy2Tc,0.374
821,SmZn2Ag,0.8079999999999999
822,PrAl2,0.5329999999999999
823,CuAsSe2,0.024
824,Rb6AlSb3,0.08
825,LiLu2Os,0.287
826,Bi4Te3,3.432
827,AcAgHg2,0.585
828,LuP,0.406
829,HfSiRh,0.34299999999999997
830,Pm2SiPd,0.29100000000000004
831,Sc2ZnSe4,2.01
832,TmNiSb,0.06
833,Sc3InC,0.273
834,GaTe,0.12
835,La2ZnAg,0.86
836,Ta3B2,2.2
837,GaAuO2,0.18100000000000002
838,PmCd3,0.027000000000000003
839,LuPaOs2,1.429
840,Mn2AlRe,0.115
841,LaBiPt,1.463
842,SmTh3,0.9670000000000001
843,AgPb3,2.376
844,ZnSnSb2,0.569
845,HoTaRu2,2.121
846,Li2AlRh,0.552
847,Pm2MgTl,0.172
848,Mo2W(Se2S)2,0.048
849,ScTc2Mo,0.165
850,BaTi2As2O,0.425
851,SmB2,0.008
852,HfZnIr2,0.292
853,ThSbTe,0.8440000000000001
854,SmPbAu2,0.9359999999999999
855,HoP,0.136
856,NbAlFe2,0.018000000000000002
857,Y5Ge3,0.036000000000000004
858,Sr3PbO,2.115
859,BaCuSb,0.45899999999999996
860,CaMgHg2,0.872
861,Sc2CuAu,0.706
862,YInAu2,0.747
863,YbPmPt2,1.402
864,LaAs,0.069
865,TlPPd5,0.392
866,TeMoSe,0.10800000000000001
867,YTlCd,0.986
868,LiZnAu2,2.044
869,ScPt3C,1.224
870,Pr4Sb3,0.8190000000000001
871,Tm2InOs,0.305
872,LuPb3,1.386
873,LuMgCd2,0.043
874,TiAlOs2,0.589
875,Sm2Se3,0.087
876,TiS2,0.02
877,SmSnPd2,0.659
878,Tm2ZnTc,0.247
879,Bi2Te5Pb2,2.194
880,BeSbAs2,1.7519999999999998
881,BaSi2,0.028999999999999998
882,YInRh2,0.42200000000000004
883,KCdAs,0.037000000000000005
884,Dy2PdRu,0.185
885,RhF3,0.092
886,SnP7Au3,0.321
887,HoCdPd2,0.7859999999999999
888,Yb2AgRh,0.268
889,LiDyTl2,0.675
890,TmHfIr2,0.4
891,Pr(AlZn)2,0.035
892,Ti2AlRe,0.10800000000000001
893,BaPPt,1.203
894,Li4SbS4,0.017
895,Sc2ZnOs,0.215
896,Pd3Pb,2.051
897,Ta3SeI7,0.38
898,Mg3Nb6O,0.012
899,NdAg,0.016
900,Ag3O,0.027999999999999997
901,LiLu2Ir,0.503
902,YbMgHg2,0.8540000000000001
903,HfSbRu,0.429
904,HfAlPd2,0.19699999999999998
905,ZnBi2O5,0.166
906,Tm2CdIn,0.8909999999999999
907,LiAl2Pt,0.29600000000000004
908,TbInAu2,0.441
909,AgPtO2,0.19699999999999998
910,ZrSbRu,1.093
911,AgF2,1.9769999999999999
912,AcAg2Sn,0.18
913,Ba(PPd)2,2.0069999999999997
914,BiI,1.275
915,Mg2AgRh,0.11199999999999999
916,ScNbOs2,0.273
917,Ho2Ge2Os,0.617
918,Ba3PN,1.155
919,Lu2AgRu,0.10300000000000001
920,TiSnPd,0.011000000000000001
921,NdB6,0.027999999999999997
922,PmCdPt2,1.716
923,GaRu,0.065
924,MgSc2In,0.006
925,Na8SnSb4,0.28
926,MgPd,0.057999999999999996
927,Ge2Te5As2,0.242
928,RbFe2S3,0.873
929,ScInCu2,0.021
930,Yb2SnHg,2.051
931,Dy2CuOs,0.203
932,LiNdGe,0.72
933,ZrGeTe,0.937
934,Ge3As4,0.023
935,ScNiSb,0.024
936,SmAg2Hg,0.8690000000000001
937,NdMgTl2,0.365
938,Ca3Tl,0.11199999999999999
939,DyTaRu2,1.8130000000000002
940,ErS,0.85
941,PmZnAu2,0.8340000000000001
942,Al2Bi2O7,1.568
943,ScNi2Sn,0.021
944,NiAsSe,0.047
945,DyP,0.132
946,LaNiSb,0.14
947,NbSe2,0.385
948,LiAl2Pd,0.022000000000000002
949,CaNiTe,0.44799999999999995
950,Th(AlC)4,0.044000000000000004
951,YbRh,0.064
952,GeSe,0.078
953,ErZnRh2,0.475
954,NdSnRh,0.495
955,CdCu2GeSe4,0.363
956,IrC2,1.061
957,LiBiF5,0.027000000000000003
958,NbAs2,0.371
959,PbSe2,0.243
960,HfSe3,0.172
961,InCuPt2,2.146
962,CaDyHg2,0.35700000000000004
963,CaCuAs,0.012
964,Sc6Te2Os,0.55
965,BaAlGe,0.009000000000000001
966,AcGaTe2,0.11699999999999999
967,K3Cd,0.04
968,Ho5Ni2Sb,0.733
969,NaAcHg2,0.488
970,LaInCu2,0.757
971,TaNi2,0.073
972,PrNdZn2,2.0140000000000002
973,Zr3Cu,0.131
974,SrAgAs,0.13
975,YAs,0.452
976,Ho2CuRu,0.083
977,ZrO,0.005
978,PmMg,0.023
979,NdInCu2,0.348
980,LiYb2Tl,0.917
981,LiMg2Ga,0.659
982,Sr3BiAs,0.6990000000000001
983,TiIN,0.174
984,Li2PmGa,0.431
985,Ta2CS2,0.51
986,InP,0.023
987,SmMgAg2,0.036000000000000004
988,TbInCu4,0.027000000000000003
989,Ba2YTlNi2O7,0.377
990,YMgAg2,0.168
991,Tm(AlC)3,0.038
992,Re3Pd,1.7530000000000001
993,Sr(CdAs)2,0.071
994,B2W,0.284
995,KAg2SbS4,0.013999999999999999
996,ZrCu5,0.092
997,Dy2ZnGa,0.055999999999999994
998,Nd2Zr2O7,0.086
999,AsRh2,0.155
1000,Ca3Hg,1.841
1001,Ca(SbO2)4,0.015
1002,Rb3Ag,0.006
1003,CdHgO2,0.23600000000000002
1004,YZn,0.015
1005,Er2ZnOs,0.18600000000000005
1006,RbZn4P3,0.003
1007,ErInAu2,0.7140000000000001
1008,Zr6CI2,0.158
1009,Hf2Ga,0.16899999999999998
1010,Lu(SiOs)2,1.1
1011,Ta3N5,0.10800000000000001
1012,PPdSe,0.07400000000000001
1013,Ag5SbS4,0.051
1014,ErGeAu,0.261
1015,Er2ZnIn,0.46399999999999997
1016,Sm2MgGe2,0.064
1017,In5AgS8,0.024
1018,Sn(BiTe2)2,2.162
1019,MgInAg2,0.063
1020,CdGeP2,0.006
1021,Ca2TlPb,1.087
1022,ZrNiBi,0.603
1023,BaMgOs2,1.416
1024,Sc2NiIr,0.722
1025,Ni3Sb,0.062
1026,HfCoSn,0.35100000000000003
1027,LiCdPd2,0.034
1028,CuHgSBr,0.085
1029,Ba(SbRu2)2,0.552
1030,YGeAu,0.41100000000000003
1031,TmCdHg2,0.239
1032,LiTmAu2,1.328
1033,LiPb,2.031
1034,NbInPt,0.89
1035,Tm2OsPd,0.563
1036,InGaTe2,0.43
1037,SmMgPt,0.5720000000000001
1038,Sr2PdO3,0.032
1039,Ti4CoBi2,0.738
1040,Th(GeOs)2,2.194
1041,NaPrAu2,0.551
1042,NbGeAs,0.273
1043,AlCuAu2,0.337
1044,LiCa2In,0.65
1045,YMgZn,0.081
1046,Rb2PdI6,1.355
1047,YP5,0.003
1048,YbSb,1.024
1049,PmCdAg2,0.7809999999999999
1050,PaC,0.426
1051,Te2Mo(WSe2)2,0.1
1052,Sr(GaTe2)2,0.08199999999999999
1053,BiTe,1.2990000000000002
1054,Ba(SnO2)4,0.033
1055,TaRu3C,0.327
1056,AgBi3S5,0.491
1057,TmLuTl2,0.485
1058,SbIr,0.484
1059,CaPd3C,0.672
1060,Ga2HgO4,0.038
1061,YHoZn2,1.597
1062,NdP5,0.053
1063,HfBe2,0.064
1064,TaTc,0.257
1065,TbC2,0.297
1066,YBPd3,0.096
1067,TmInRh2,0.41100000000000003
1068,YbErPd2,0.868
1069,Sr(ZnSb)2,1.3259999999999998
1070,ZrInNi2,0.027000000000000003
1071,FeSiGe,0.026000000000000002
1072,Sm2MgRu,0.486
1073,NaLiPt,0.515
1074,Ho2AlZn,0.085
1075,Cu2GeS4,0.445
1076,TaSiAs,1.137
1077,DySbPt,1.4169999999999998
1078,RbAgCl3,0.019
1079,LiCd2Pd,0.17300000000000001
1080,PrS3,0.265
1081,Sc6Al6Ir7,1.037
1082,YbPrCd2,0.45899999999999996
1083,YAg,0.006999999999999999
1084,Mg2TaNb2O8,0.051
1085,RhI2,0.2
1086,Zr3O,1.05
1087,Sr6Sn2NF,0.899
1088,TiPt,0.5710000000000001
1089,SrSn,0.055999999999999994
1090,AcPbAu2,1.8259999999999998
1091,BMo2,0.521
1092,Ba(NiP2)2,0.019
1093,SmBiPd2,0.223
1094,LiAl2Ir,0.662
1095,BaSiC,0.006
1096,Tl2O,0.096
1097,Er2ZnTc,0.16899999999999998
1098,YTmMg2,0.337
1099,PdO2,0.03
1100,TlSe,0.106
1101,Sc2TlAg,0.071
1102,YbCuBi,2.345
1103,LiLa2Al,1.578
1104,Y2RuRh,0.14800000000000002
1105,Pr2CBr,0.45
1106,TiGaNi,0.44
1107,BaP3,0.01
1108,Y4Sb3,0.615
1109,NdAl,0.332
1110,ScBRh3,0.43799999999999994
1111,InSe,0.04
1112,Er2TlAg,0.405
1113,CeC,0.27899999999999997
1114,RuOF4,0.099
1115,P2Ir,0.17
1116,Sr(ZnAs)2,0.016
1117,HoPb3,1.376
1118,Dy2IrRu,0.22399999999999998
1119,Zr2SbP,0.71
1120,ZnPPd5,0.21100000000000002
1121,PIr2,0.534
1122,ZnCu2SnSe4,1.162
1123,HoZn(BiO3)2,0.179
1124,DyZnRh2,0.091
1125,K4ZnAs2,0.004
1126,Ca3BiSb,0.643
1127,NbI2O,0.064
1128,Ba3SiO,0.026000000000000002
1129,ZrNiGe,0.159
1130,Hf2Al3C4,0.188
1131,HoThTc2,1.1179999999999999
1132,Yb2Sn,0.179
1133,Nb3S4,0.434
1134,NbSbRu,0.016
1135,TlCdRh2,0.518
1136,LiTm2Ir,0.28600000000000003
1137,P3Rh,0.03
1138,HgBi3,1.409
1139,InBi,1.7409999999999999
1140,Sr3Sb2,0.425
1141,ScAlPd2,1.236
1142,Ca2AsAu,0.391
1143,K5As2Au,0.102
1144,MgNi2Sb,0.11199999999999999
1145,PrPt3,0.4970000000000001
1146,Y2C3,0.607
1147,NdP,0.792
1148,MoWO6,0.040999999999999995
1149,Mo3W(Se3S)2,1.025
1150,LiLu2Al,0.131
1151,LiYb2Ir,1.225
1152,ThI2,1.194
1153,LiBiPd2,0.127
1154,Hf2SnC,0.846
1155,Sm(NiBi)2,1.013
1156,MgPdAu2,0.9259999999999999
1157,ScAu,0.62
1158,LiCaRh,0.13
1159,DyAl7Au3,2.3369999999999997
1160,YMgHg2,0.312
1161,NaOsSe2,2.0909999999999997
1162,DyB4,0.08199999999999999
1163,BaSiB,0.015
1164,Yb2Nd2O5,0.054000000000000006
1165,Te2AuI,0.48700000000000004
1166,SmDyMg2,0.055
1167,ErCdPd2,0.993
1168,NaAcAu2,0.872
1169,TbCoSi,0.11699999999999999
1170,CaVBiO6,0.06
1171,Li7Pb2,2.122
1172,PmN,0.21899999999999997
1173,BeRu2W,1.023
1174,SmTmRh2,0.196
1175,KCdSb,0.602
1176,SnP3,0.21
1177,LiScTl2,0.402
1178,SmMgAu2,1.026
1179,SmTmRu2,0.11800000000000001
1180,NdPd3S4,0.36
1181,NiTe2,0.264
1182,NbTeI3,0.3
1183,InSiPt5,0.9390000000000001
1184,LiSm2Os,0.28
1185,KTl2Bi,0.972
1186,ScRu3C,0.087
1187,NbOsPb,0.371
1188,MgPb3,1.021
1189,Ta5As4,0.797
1190,Li2Ca,0.171
1191,TiBeIr2,1.151
1192,Th(SiPt)2,0.418
1193,Lu2CuPt,0.253
1194,TaZnOs2,0.743
1195,PmHoMg2,0.044000000000000004
1196,PrOs2,3.1489999999999996
1197,LiCuPd2,0.5760000000000001
1198,BePd,0.016
1199,MgTaRh2,0.802
1200,LiYb2Pd,0.253
1201,BaHg,0.11
1202,SrLiGe2,0.17600000000000002
1203,TiAlAu2,0.568
1204,PmAlAu2,0.509
1205,Na3Sr3GaP4,0.011000000000000001
1206,Rb2SnI6,1.625
1207,Y2MgRu,0.09
1208,CuMoO4,0.12
1209,Yb(FeSi)2,0.439
1210,Li2TlPt,2.134
1211,KHgF3,0.044000000000000004
1212,Nd3PbN,1.9509999999999998
1213,YMgNi4,0.094
1214,LiVRh2,0.253
1215,LiPdAu2,0.7929999999999999
1216,KZnAs,0.017
1217,Bi2SeO2,0.121
1218,HfSiRu2,0.052000000000000005
1219,Pa3Sb,1.463
1220,NdHoIn2,0.062
1221,Dy4Sb3,0.639
1222,CoSb,0.161
1223,Tm2TlAg,0.474
1224,GaAsPd5,0.157
1225,ZnSnO3,0.975
1226,GePt2,1.1440000000000001
1227,AlCuPt2,0.599
1228,Li2AcSn,1.002
1229,TmB4,1.901
1230,DyBiPt,1.534
1231,NdN,0.40399999999999997
1232,PrRh2,0.608
1233,Ba(SbO2)4,0.021
1234,TlCrTe2,1.236
1235,Te2I,0.758
1236,Dy3SnC,0.14300000000000002
1237,NaAlGe,0.294
1238,PrSbPd,0.33399999999999996
1239,Zn2SnSbO6,0.013000000000000001
1240,Li2MgPb,2.004
1241,SrAsPt,0.698
1242,Pr4Bi3,2.157
1243,Ag2GeS3,0.012
1244,LiDy2Br5,0.113
1245,TlBiTe2,2.04
1246,Tb6FeBi2,2.4459999999999997
1247,Ag3Rh,0.672
1248,MgNiSb,0.128
1249,Er3GaC,1.307
1250,PrBPd3,0.272
1251,Ac2ZnGa,2.121
1252,ZrInCu2,0.009000000000000001
1253,NdS2,0.364
1254,DyCuSn,0.086
1255,Ag(TeMo)6,0.242
1256,Zn2AgSbO6,0.038
1257,Ba(ZnSb)2,1.964
1258,ZrNi4Sn,1.767
1259,Te2Mo2WSe4,0.08199999999999999
1260,Ca3Pb,1.3419999999999999
1261,Sr2LiIn,0.625
1262,Sm(NiGe)2,0.045
1263,LiSnRh2,0.924
1264,H2Se,0.408
1265,Li2AgHg,0.723
1266,Te2Mo2W(SeS)2,0.07400000000000001
1267,TmSbPt,0.621
1268,Tm2BeOs,0.379
1269,TiGaIr2,0.493
1270,HfTc,0.113
1271,MgTa2N3,2.165
1272,NaPmHg2,0.725
1273,MgTaOs2,0.585
1274,Cu2PbO2,0.156
1275,Ho2TlAg,0.7020000000000001
1276,NaCd3,0.025
1277,Cd3As2,0.8540000000000001
1278,YbCdPd2,0.68
1279,TmCu,0.293
1280,SrBiAu,1.29
1281,LiTm2Rh,0.13
1282,LaB2Ru3,0.359
1283,SnPd,0.087
1284,AgAsSe2,0.032
1285,NdBi,1.334
1286,ThRu,0.7709999999999999
1287,BiAs2Os,1.8780000000000001
1288,Ga2BiAs,2.146
1289,Ba3SbAs,0.5770000000000001
1290,Li2YbSi,0.109
1291,Yb2CuIr,1.3630000000000002
1292,PrPPd,0.05
1293,Sr(AlSi)2,0.017
1294,LiSc2Ir,0.209
1295,LuAgPb,2.153
1296,Ca3PbO,1.6869999999999998
1297,NdS,0.5870000000000001
1298,Pm2InAg,0.779
1299,YbSmPt2,1.469
1300,HgSe,0.539
1301,Ti2AlTc,0.015
1302,Nd2MgIn,0.24100000000000002
1303,ZrPd,0.012
1304,LiY2Pt,0.366
1305,SrCaGe,0.011000000000000001
1306,Sc5Pb3,1.1179999999999999
1307,ErZrSb,0.485
1308,TaZnRu2,0.387
1309,Pm2ZnIr,0.389
1310,Ta3TeI7,0.40700000000000003
1311,AcN,0.174
1312,LiHo2Ru,0.166
1313,RbCuBr3,0.032
1314,RbSb2,0.059000000000000004
1315,LiPaRu2,0.293
1316,PmHgRh2,1.6280000000000001
1317,TiSb2,0.2
1318,Nb3B2,0.188
1319,ScSbPd,0.031
1320,NbGaFe2,0.024
1321,BaYCuSnO5,0.013999999999999999
1322,BeGaRh2,0.74
1323,YBRh3,0.17600000000000002
1324,Li3DySb2,0.39299999999999996
1325,Sm4Bi3,2.362
1326,As2Os,0.368
1327,SrGaGeH,0.013999999999999999
1328,Nb2AsC,0.079
1329,NdAl2,0.517
1330,LuPPt,0.376
1331,YAgHg2,1.022
1332,ScBPd3,0.9690000000000001
1333,Sr2Pb,0.723
1334,Ce2Cu(NO)2,0.462
1335,Hf3(Cu2Si)2,0.65
1336,BaGaSiH,0.006999999999999999
1337,Cd2PdRh,0.596
1338,BaHg2Pb,2.286
1339,TbSmIr2,2.105
1340,PdSe,0.12
1341,CaThRh2,0.8109999999999999
1342,HfBe5,0.071
1343,RbCu4S3,0.217
1344,CaInHg2,2.591
1345,Al2Sb2O7,0.013999999999999999
1346,ZrC,0.006999999999999999
1347,PaNi2Sb,0.371
1348,Yb(ZnAs)2,0.067
1349,TbYbHg2,0.522
1350,LiAs,0.022000000000000002
1351,HoPd3,0.045
1352,GaAs,0.057999999999999996
1353,AcCdRh2,0.48700000000000004
1354,TlSiPt5,1.005
1355,DyAgPb,1.65
1356,NbSi2,0.022000000000000002
1357,Ba2ZnCd,0.14400000000000002
1358,Sb2Te2Se,0.706
1359,HfInRh2,0.154
1360,LiMgSbPd,0.6990000000000001
1361,LiTi2O4,0.431
1362,Sc2PdRu,0.201
1363,BaPt2,1.341
1364,SmAg2Sn,0.032
1365,NbCr3,0.045
1366,Li3SmBi2,0.7559999999999999
1367,SiPt,0.332
1368,Er3TlC,0.68
1369,Sc2IrRu,0.233
1370,ErNi2,3.995
1371,Yb(NiGe)2,0.36
1372,Tm2OsRu,0.41700000000000004
1373,Sc3PbC,0.158
1374,ScZn2Ag,0.193
1375,YAgSe2,0.016
1376,LiAsRh2,0.475
1377,HgN,0.635
1378,CaPrAg2,0.065
1379,Cs2PdI6,2.888
1380,Ta5Si3,2.375
1381,ScCdAg2,0.67
1382,NdTlCd,0.85
1383,ZrSnPd,0.015
1384,Li2InAg,0.057999999999999996
1385,SmHoRu2,0.099
1386,NbInS2,0.03
1387,Yb(SbTe2)2,0.235
1388,LuSbPt,0.745
1389,Ac2IrPd,1.21
1390,Li2InAu,0.5710000000000001
1391,LiHo2Os,0.301
1392,In2Bi,2.177
1393,LiGeAu2,0.10400000000000001
1394,Lu(SiPd)2,0.188
1395,HoHg2,1.138
1396,Cu2HgI4,0.198
1397,ErCu,0.27399999999999997
1398,ZrInAu,0.05
1399,HoSe,0.996
1400,SmMgGa,0.871
1401,Sm2O3,0.789
1402,Er(SiPd)2,0.067
1403,NdBiPd,0.47
1404,Te2Mo(WSe2)3,0.127
1405,Sc2RuPt,2.029
1406,Rb3AuO,0.019
1407,YbInCu4,0.20800000000000002
1408,Li2SbPd,0.048
1409,YbGaPd2,0.815
1410,Yb2TlCd,0.9229999999999999
1411,Ba(AgTe)2,0.162
1412,ReSnGe,0.53
1413,LuSnRu2,0.6759999999999999
1414,BeTcSe,0.983
1415,HfI3,0.628
1416,CdSbAu,0.53
1417,Cu2Se,0.025
1418,Er2MgIn,0.062
1419,CrWO6,0.08900000000000001
1420,InSiTe3,0.179
1421,HoAs,0.599
1422,TbSb,1.129
1423,Pb2ClO2,0.057
1424,RbAu5,0.22899999999999998
1425,ZrAgB,0.064
1426,SmZn2Cd,0.013999999999999999
1427,SbS2,0.42
1428,TlIn5Se7,0.10800000000000001
1429,Li2GaAu,0.65
1430,TlBiSe2,2.036
1431,ZrAlRh2,0.768
1432,SmMg2Ag,0.841
1433,TiAlPd2,0.054000000000000006
1434,TmPa3,1.34
1435,Re3Sb,0.925
1436,Ac2CdSn,0.239
1437,Te4Mo2WS2,1.109
1438,BaSb3,0.22399999999999998
1439,SmAs3,0.065
1440,Li2GaSb,2.004
1441,Ti2RePd,2.218
1442,Er2PdRu,0.531
1443,Au7I,0.24100000000000002
1444,Ga2RuRh,0.077
1445,Pm2ZnGa,0.12300000000000001
1446,TiInNi2,0.018000000000000002
1447,ErBiPt,1.3019999999999998
1448,Re3As7,2.233
1449,YbCd3,0.6859999999999999
1450,SiPd,0.038
1451,Nd(Fe2P)2,0.023
1452,In3AsSe3,0.309
1453,Nd2(Zn2Ge)3,0.03
1454,BiBr,1.179
1455,Zr2SnC,0.177
1456,SmMgHg2,0.243
1457,BaCa(SbO2)4,0.026000000000000002
1458,HfVSi,1.093
1459,SrPd3O4,0.9109999999999999
1460,Sc2TlTc,0.273
1461,ThTeO,1.835
1462,NdDy3,0.799
1463,Ag2H3IO6,0.019
1464,SmBiAu2,2.129
1465,Nb3Ru,0.094
1466,Si3W,2.147
1467,UB2,0.547
1468,Y3AlC,0.145
1469,YRhW2,2.112
1470,NaHgPd2,0.125
1471,P3Ir,0.16699999999999998
1472,SrS2,0.003
1473,TiAlRh2,0.094
1474,YbBiAu,0.8909999999999999
1475,Hf3Sb,0.447
1476,YbBPd3,0.684
1477,Li2MgIn,0.042
1478,TlBi2,2.048
1479,Na3Rh,0.33899999999999997
1480,Bi2TeO2,0.183
1481,HfSiS,0.41200000000000003
1482,Y3Sb4Au3,0.292
1483,PrAgSn,0.435
1484,AuSe,0.09300000000000001
1485,SnBi3,2.23
1486,Dy2S3,0.114
1487,YAs,0.366
1488,Y(Sn3Ru2)2,0.898
1489,Tm2ZnRu,0.474
1490,ErP,0.14300000000000002
1491,LiMgTl2,2.119
1492,LiSc2Ru,0.031
1493,HfNiPb,0.08800000000000001
1494,CaLaHg2,0.307
1495,SrZrN2,0.003
1496,Sr2PtAu,1.213
1497,CeCo2,0.294
1498,MgPt3,2.193
1499,ScB4Ir3,0.8270000000000001
1500,TeWSe,0.08900000000000001
1501,TaZn2CuO6,0.081
1502,LiPm2Al,0.064
1503,ZrSiS,0.046
1504,Mg2AgIr,0.983
1505,NaSb,0.13
1506,ErAgSn,0.138
1507,DyBiPd,0.82
1508,SrCuBi,2.608
1509,BeAlIr2,0.73
1510,LiAlRh2,1.311
1511,Na2Ti2As2O,0.425
1512,BaCuBi,2.265
1513,PrPb3,1.339
1514,LiTaRh2,0.10099999999999999
1515,TmBiPd2,0.255
1516,ZnCu2GeS4,0.03
1517,Ta2H,2.0
1518,ThH2,1.218
1519,Te4Mo2WSe2,0.114
1520,LiSnPd2,0.075
1521,HfPd,0.153
1522,LiY2Os,0.268
1523,Be2RuAu,0.78
1524,YbPrRh2,0.19
1525,HfGeSe,0.29
1526,PrB6,0.026000000000000002
1527,TmInNi4,1.3519999999999999
1528,Lu2TcPd,0.446
1529,Pm2MgAl,0.68
1530,TbAl7Au3,2.214
1531,Sc5Ge3,0.4320000000000001
1532,SrCaPb,0.47
1533,Ca2TiSbO6,0.009000000000000001
1534,BPbO3,1.5919999999999999
1535,HfGeTe,0.365
1536,NaH2Pd3,0.7190000000000001
1537,ZrSb,0.094
1538,TaOsPb,0.207
1539,Yb(AlGe)2,0.6409999999999999
1540,TiAsRh,0.19
1541,Pr3(BN2)2,0.027999999999999997
1542,Li2SmIn,1.153
1543,AgAsO3,0.024
1544,Sr(GaAs)2,0.034
1545,CrAgO4,0.012
1546,Ba4Bi3,2.8310000000000004
1547,LiBi,0.595
1548,SmErRu2,0.122
1549,RuSe2,0.054000000000000006
1550,Bi2B2O7,0.12300000000000001
1551,InAs,0.16
1552,Ag3PSe4,0.049
1553,LiTmRh2,0.05
1554,Li(BiO2)3,0.405
1555,PdPb2,1.068
1556,SmRh3C,0.713
1557,YbZn,0.106
1558,BaZrSe3,0.043
1559,MgZrPd2,0.153
1560,Ca(YbS2)2,0.579
1561,TaGaFe2,0.098
1562,SrTl,0.335
1563,SmSb,1.169
1564,Sm2AlCd,0.141
1565,UNi5,1.311
1566,Sc2BeTc,0.044000000000000004
1567,SnIrSe2,1.2830000000000001
1568,Hg3Ir,0.395
1569,Sc6Te2Rh,0.647
1570,V3Pd,0.708
1571,YbSnAu2,0.9
1572,Ho2CdSe4,0.086
1573,ZrCdRh2,0.14800000000000002
1574,SmPt3,1.254
1575,AgPbBrO,0.076
1576,Ti3AlN,0.385
1577,SrPb,0.395
1578,InCuTe2,0.541
1579,ZnNiSb,0.031
1580,NbI2O,0.064
1581,TlGaTe2,0.134
1582,BaCd,0.013000000000000001
1583,CaSbO3,0.015
1584,LiZnSb,0.073
1585,Ba2YSn3O8,0.034
1586,Cu2SiSe3,0.042
1587,DyGeAu,0.35100000000000003
1588,LaCdAg2,0.642
1589,Y5Si3,0.10300000000000001
1590,TiVRe2,2.062
1591,Ca2MgIn,0.021
1592,SmTe,0.61
1593,LiIn2Ru,0.049
1594,Hg(BiO3)2,0.28600000000000003
1595,SiSn,0.049
1596,TlAsPd5,0.413
1597,DyMgRh2,0.084
1598,LiPd2Pb,0.157
1599,BaCuP,0.086
1600,NaTlO,0.10099999999999999
1601,HfSbRh,0.5920000000000001
1602,MoC,0.084
1603,Cu2GeSe4,1.035
1604,ZrInNi4,1.2919999999999998
1605,YPb3,1.344
1606,InRh,0.042
1607,TbTe,0.91
1608,Li2Pd,0.073
1609,AgPdO2,0.036000000000000004
1610,Rb3Zn,0.005
1611,HoSb,1.105
1612,CaAcHg2,0.495
1613,CaCdHg2,1.6769999999999998
1614,Zr2Te2P,0.894
1615,HoB6,0.043
1616,LiLuPt2,1.146
1617,LiGeRh2,0.867
1618,YbNi2,0.175
1619,Na(SnO2)2,0.436
1620,HgO2,0.028999999999999998
1621,CaSmHg2,0.318
1622,PrW3,0.772
1623,Ba2CaWO6,0.019
1624,BaNiO2,0.033
1625,SmRh,0.20800000000000002
1626,HgPt,0.7090000000000001
1627,LiAg2Pd,0.20600000000000002
1628,RbAg3Se2,0.10099999999999999
1629,PmMgRh2,0.09
1630,LiDy2Cl5,0.087
1631,Yb2Ru2O7,1.474
1632,NdZnSbO,2.009
1633,Sm2TlZn,0.22899999999999998
1634,PrMgAu2,0.599
1635,TaFeSb,1.253
1636,Sc2GaOs,0.35700000000000004
1637,LaSe,0.392
1638,TaAlFe2,0.068
1639,HfAs2,0.87
1640,CaGaSnH,0.033
1641,Bi4Te7Pb,3.062
1642,TaSnO3,0.826
1643,YbDyHg2,0.7979999999999999
1644,TaAlNi2,0.099
1645,Sr2CuO3,0.009000000000000001
1646,HoH3,0.28800000000000003
1647,TiNbRe2,0.531
1648,Nd2Ni6Sn,0.77
1649,Ho2RuAu,0.885
1650,Hf5CuPb3,1.034
1651,HfSnPd,0.055999999999999994
1652,Er3SnC,1.614
1653,Ti3TlN,0.09300000000000001
1654,Ba3Sn5,0.764
1655,LiGaPt2,0.892
1656,Sm3Tm,0.9009999999999999
1657,Li2TlAg,0.349
1658,ZrSe3,0.086
1659,Sm3AlN,0.703
1660,Tm2AlZn,0.08
1661,Ta5Ge3,2.654
1662,Ho2CoOs,0.452
1663,GaCuTe2,0.287
1664,TiZnIr2,0.185
1665,Ta6Si7Ni6,1.67
1666,Ba2Zn3(AsO)2,0.106
1667,Pm2RuAu,0.638
1668,Si3As4,0.016
1669,SmNi2,1.21
1670,YGe,0.01
1671,LiNd2Os,0.494
1672,Ca2AgPb,0.311
1673,Er2InAg,0.812
1674,NaBiSe2,0.665
1675,Dy4CdRh,0.503
1676,ZrSnPd,0.016
1677,ErGa2,0.027999999999999997
1678,Ni2SbTe2,2.287
1679,Tl4CuTe3,2.253
1680,Zn2CuSbO6,0.036000000000000004
1681,Ta2NbIr,0.316
1682,LiCd2Pt,0.435
1683,ZnCu2GeSe4,0.469
1684,Ag3AuSe2,0.263
1685,MgZrAu2,0.8240000000000001
1686,TmBi,1.2919999999999998
1687,Li2CaGe,0.131
1688,VGaNi2,0.02
1689,InReGe,1.401
1690,SmCuSn,0.057999999999999996
1691,CeNiSb2,0.929
1692,Tl4Te3Pb,2.242
1693,K2BaCdSb2,0.358
1694,YInCu2,0.015
1695,K3Ag,0.005
1696,Li2CdPb,2.089
1697,Te4Mo3S2,1.035
1698,LiPd3,0.784
1699,Cu6PbO8,0.095
1700,MgSc2Tc,0.23800000000000002
1701,MgInIr2,0.7709999999999999
1702,Fe(BW)2,1.7309999999999999
1703,PrZnGa,0.08900000000000001
1704,Zn2AsO4,1.621
1705,In7GeIrO8,0.057999999999999996
1706,DyB2,0.017
1707,PrN,0.325
1708,PbAu3,0.29
1709,HfSe2,0.035
1710,ScNbTc2,1.273
1711,YbGa2Ir,0.47
1712,Te2W3S4,0.971
1713,Ca3CuRhO6,0.425
1714,ZrPtPb,0.993
1715,LuScZn2,0.057999999999999996
1716,Sr2HgPb,2.052
1717,ZrAlNi2,0.062
1718,HfTc2Sn,0.509
1719,ErB6,0.044000000000000004
1720,MgNiBi,0.214
1721,Cd2PtRh,2.0580000000000003
1722,ZrAu2,0.494
1723,Cu2SnHgSe4,1.4180000000000001
1724,Al3Mo,0.027000000000000003
1725,ScGe,0.005
1726,ScZnRh2,0.04
1727,SbPt,2.151
1728,TeRuPb,0.314
1729,Ca2Ge,0.001
1730,ScPt3,1.148
1731,Zn3Pt,0.377
1732,Er8Ga3Co,0.88
1733,K3Ir,1.204
1734,BaPIr,1.5230000000000001
1735,ScZn2Pt,0.423
1736,ErLuMg2,0.8440000000000001
1737,Er2NiOs,1.714
1738,Pm2PdRu,0.675
1739,Np(SiOs)2,2.45
1740,Te2Mo3Se4,0.065
1741,NaY2In,0.174
1742,SrPd5,1.575
1743,LiZrSe2,0.027000000000000003
1744,Sr5(SnP3)2,0.036000000000000004
1745,TiNiSb,0.035
1746,YbMgCu4,1.349
1747,InNi,0.031
1748,Sr(CuSb)2,2.032
1749,Sb2Pt,0.449
1750,YHf2Pb,1.081
1751,YbB6,0.027000000000000003
1752,Sc2AlIr,0.188
1753,Al2CoIr,0.231
1754,Ho(SiIr)2,0.25
1755,Ca2Pb,0.068
1756,PrFeSi,0.21
1757,TmSnAu,0.11599999999999999
1758,YAlAg2,0.111
1759,YMgPd,0.067
1760,PmAg2Sn,0.037000000000000005
1761,TbNi2,1.2429999999999999
1762,Dy2C3,1.5519999999999998
1763,DyMg,0.037000000000000005
1764,ZnGaRh2,1.304
1765,HfPtPb,0.413
1766,LiGa2Ru,0.32899999999999996
1767,TbRh3C,0.7979999999999999
1768,Y2Bi2O7,0.085
1769,HgS,0.525
1770,PmZn2Au,0.648
1771,Li3NdSb2,0.444
1772,BaAu2,0.135
1773,LiPrSn,0.46399999999999997
1774,SmRh2,1.069
1775,Li3LaBi2,0.19399999999999998
1776,V6Ga5,0.131
1777,InCuO2,0.054000000000000006
1778,ScTiRu2,0.051
1779,Tm3GaC,0.7190000000000001
1780,LiIn2Rh,0.257
1781,Zn2CuIr,0.636
1782,SmAl2,0.593
1783,SmPd3,0.039
1784,ErTaOs2,0.501
1785,ZrB,0.016
1786,Sb2Au,0.77
1787,Sc2ZnPt,0.97
1788,Li2PbAu,2.056
1789,Pb2O,0.991
1790,TmTe,0.769
1791,Rb2Te5,0.179
1792,TmAlAg2,0.087
1793,Zr6Sb2Pt,0.619
1794,TlSe,0.807
1795,Sr2CdSn,2.008
1796,LiIn2Pt,0.637
1797,MgAgAs,0.826
1798,ZnCu2GeTe4,2.0380000000000003
1799,Yb(NiP)2,0.043
1800,Rb7Au5O2,0.102
1801,NdBiO4,0.07
1802,Ag2Hg7(P4I3)2,0.235
1803,TaGaNi2,0.075
1804,MgNbRu2,0.061
1805,CaWN3,0.025
1806,PrTmMg2,0.455
1807,NaLi2Pb,0.932
1808,FePbW2,0.917
1809,TeW2Se2S,1.0759999999999998
1810,GeTe7As4,0.38299999999999995
1811,YAl3,0.002
1812,CuBiSeO,0.6709999999999999
1813,YbCdCu4,0.22399999999999998
1814,Ca2PdAu,0.946
1815,LuInAu2,0.7140000000000001
1816,Sr2CuO4,0.4320000000000001
1817,Ba3CrN3,0.099
1818,Sc2TcAu,0.461
1819,Lu2ZnPd,0.10300000000000001
1820,TeMoS,0.05
1821,YbMgSi,0.523
1822,Lu2IrRh,0.24600000000000002
1823,Lu2CoRu,0.083
1824,AgI2,1.105
1825,Nb2CoS4,0.431
1826,GeRu,0.057999999999999996
1827,Sc2CoRu,0.027000000000000003
1828,TlPd3,0.602
1829,Pd3PbC,0.519
1830,Hf2GaSb3,0.991
1831,BaMgPb,2.102
1832,SmI,0.046
1833,VCuRh2,0.281
1834,PaAlCu2,1.432
1835,Te2AuCl,0.28600000000000003
1836,Re2O7,0.257
1837,Zr5SiSb3,0.29100000000000004
1838,CdPt,0.652
1839,Nb2Te6I,0.532
1840,ErBi,1.301
1841,YbPmPd2,0.278
1842,HfMoP,0.37
1843,MgCuSn,0.166
1844,HW,1.065
1845,Ca2AgGe,0.008
1846,BiBCl,1.791
1847,HfVGe,1.043
1848,PmDyCu2,0.24600000000000002
1849,Pr2ZnAg,0.452
1850,SmIn3,0.032
1851,Rb3ClO,0.003
1852,HoSnPd2,0.243
1853,KAgO,0.537
1854,BaHfMo,0.11199999999999999
1855,YCdGa,0.644
1856,SmNiAs,0.049
1857,Ho2CdS4,0.033
1858,PrCoC2,0.046
1859,LiSnIr2,0.835
1860,NbCoO4,0.042
1861,NbPt3,1.6869999999999998
1862,Ho2OsAu,0.685
1863,Ag2HgO2,0.106
1864,TmZrRu2,0.052000000000000005
1865,MgGeAs2,0.015
1866,Ca(SnO2)4,0.008
1867,YHoRu2,0.102
1868,MgSc2Ru,0.019
1869,Te2Os,0.986
1870,BPd2Br,0.036000000000000004
1871,SmMg2Sc,0.11199999999999999
1872,LaMgAg2,0.057
1873,Nb2CS2,0.028999999999999998
1874,Sm2SnS5,0.067
1875,TiNi2Sn,0.018000000000000002
1876,Li2AcIn,0.878
1877,YInPt,1.21
1878,Pr(ZnP)3,0.015
1879,Sb2Te4Pb,2.0380000000000003
1880,Sc2RuRh,0.034
1881,AuClO2,0.075
1882,DyInAg2,0.519
1883,BaAgBi,0.9490000000000001
1884,Te2W2SeS,1.4
1885,B2Mo,0.034
1886,UNiSn,1.137
1887,ZrRu3C,0.039
1888,TaAs,0.155
1889,Sr2AgPt,1.22
1890,K3As,0.016
1891,TiTeAs,0.313
1892,Al2Mo,0.006
1893,LuP5,0.043
1894,Ho5Pb3,1.308
1895,ScBiPd2,0.6559999999999999
1896,Sn7Os3,3.445
1897,Rb5SiAs3,0.043
1898,Li2AlAg,0.012
1899,Rb4Br2O,0.006999999999999999
1900,ThCdAg2,0.645
1901,Mg2RhAu,0.16899999999999998
1902,ErN,1.011
1903,PtSe2,0.731
1904,Y2TlAg,0.5429999999999999
1905,InAg(PSe3)2,0.081
1906,TaNiB2,1.125
1907,PrH3,0.008
1908,TmAgPb,2.1390000000000002
1909,LaIn,0.035
1910,ZrGePt,1.3519999999999999
1911,HoCuPb,0.385
1912,TaSb2,1.033
1913,ErSnPd2,0.243
1914,CdPOs2,0.7290000000000001
1915,CdAs2,0.013000000000000001
1916,Ge2Mo,0.028999999999999998
1917,CaSbAu,2.089
1918,BiTe3,1.058
1919,Th(FeSi)2,0.17
1920,Ca2CuSbO6,0.018000000000000002
1921,SnSe2,0.027999999999999997
1922,Er3As,0.09699999999999999
1923,YbMgGe,0.47700000000000004
1924,ZnPt3,2.272
1925,YSeF,0.012
1926,ZnAgAs,0.11599999999999999
1927,SmZn,0.272
1928,Dy4MgRh,0.491
1929,ErB2,0.019
1930,Li2SbPt,0.28600000000000003
1931,ScBi,1.266
1932,TlS,0.28300000000000003
1933,TiBeRh2,1.012
1934,Tl3AgTe2,0.433
1935,LuMgAu2,0.423
1936,HfV2,1.501
1937,Li3Tl,0.998
1938,TlCdSb,0.37799999999999995
1939,RbTe6,0.516
1940,ZrCuSi2,0.018000000000000002
1941,LiHoAu2,2.043
1942,NdAs,0.447
1943,Er2AlSi2,0.046
1944,PtS,0.15
1945,PmNi2Sn,0.17
1946,Mg(PtO2)3,0.25
1947,Ba2SrWO6,0.02
1948,RbSr3,0.021
1949,CaPmZn2,0.43799999999999994
1950,Dy2OsPd,0.45399999999999996
1951,PdSe2,0.061
1952,CaCdAu2,2.03
1953,FeSnRu2,2.3369999999999997
1954,TlCdSe2,0.532
1955,Zr2CoP,0.177
1956,Hg3Sb,0.32899999999999996
1957,Ba2Ho(CuO2)3,0.501
1958,ScInPt2,0.609
1959,K8SnSb4,0.21600000000000005
1960,YRh,0.055
1961,NaYSi,0.044000000000000004
1962,MgScCd2,0.012
1963,RbNdTe4,0.17300000000000001
1964,InAgSe2,1.662
1965,NaIrPb,2.25
1966,CoAsSe,0.049
1967,TbCdRh2,0.096
1968,Ca3Sb2,1.239
1969,Hf2Hg,0.479
1970,RbHfAgTe3,0.16899999999999998
1971,ScSnPd2,0.47100000000000003
1972,NdH3,0.045
1973,SmYIr2,2.09
1974,NaGaTe2,0.1
1975,ErInAg2,0.488
1976,ZrGeRu2,0.031
1977,TlCdS2,0.026000000000000002
1978,Yb4As6Rh7,0.887
1979,Er5Rh3,1.23
1980,Rb2SnTe5,0.313
1981,NbGeRh,0.10099999999999999
1982,HfPaTc2,0.28800000000000003
1983,HfBRh3,1.041
1984,OsSe2,0.846
1985,NaAcTl2,0.4270000000000001
1986,Y2GeI2,0.025
1987,ThC,1.001
1988,TaBeRu2,0.461
1989,Sm2CuO4,0.027000000000000003
1990,YGa2Ni,0.034
1991,Ba4As2O,0.027999999999999997
1992,Rb3Na,0.006999999999999999
1993,HoScRu2,0.077
1994,Sr3SbN,0.044000000000000004
1995,Mg2Ge,0.055
1996,HoNiSb,0.055999999999999994
1997,LiTaIr2,2.109
1998,PmSbAu2,2.124
1999,PtO,0.892
2000,Si3Rh5,0.455
2001,Mn2MoP2,0.013000000000000001
2002,TiB2,0.004
2003,HfGaRu2,0.573
2004,ScAu3,2.293
2005,Ti2TcIr,0.294
2006,PbN,0.08199999999999999
2007,Ba4Sb2O,0.055
2008,Sr(ZnGe)2,0.013999999999999999
2009,YB2,0.002
2010,TlBi,1.235
2011,As3Ir,0.28600000000000003
2012,ErCrB4,0.075
2013,MgInRh2,0.815
2014,LiYGe,0.55
2015,Na2LiN,0.309
2016,HoHfOs2,0.401
2017,PrAl7Au3,2.158
2018,DyAgHg2,1.0
2019,MgAg3,0.094
2020,Hf3Zn3C,0.486
2021,CaInCu4,0.134
2022,Mg(AgO2)2,0.028999999999999998
2023,NiPRh,0.035
2024,HfAlNi2,0.16399999999999998
2025,Te4Mo3WSe4,0.125
2026,TmTl,1.6030000000000002
2027,HfZnAu2,0.126
2028,NaPt2,0.95
2029,NdTl,0.38
2030,Li3Bi,0.159
2031,NbTlO3,0.013000000000000001
2032,YHoAl2,0.027000000000000003
2033,Nb5Ge3,0.19
2034,Cu4Sn,0.013999999999999999
2035,Ta2NiS5,0.384
2036,YBPt3,1.7069999999999999
2037,Ti3InC,0.41700000000000004
2038,PrIr2,1.956
2039,CdN,0.135
2040,Sr2Si,0.006999999999999999
2041,Na2MgSn,2.012
2042,Pr(NiGe)2,0.09
2043,LiCu2Ge,0.027999999999999997
2044,HoSnRh2,0.885
2045,PmGaAg2,0.195
2046,BaTiS3,0.23
2047,Tm2AgOs,0.249
2048,PmAgHg2,1.2930000000000001
2049,Ca2IN,0.02
2050,MgSc2Cd,0.429
2051,Ba2AgSb,0.036000000000000004
2052,TbSbPd,0.122
2053,YTiO3,0.20800000000000002
2054,GaAs2W,1.729
2055,Ta2H4O7,0.06
2056,Zr3Tl,0.366
2057,LuTaRu2,0.32299999999999995
2058,LiTb(CuP)2,0.02
2059,Zn2PtRh,0.256
2060,LiMgBi,2.677
2061,NdInAu2,0.406
2062,CuAu3,0.5379999999999999
2063,Sr2CdPb,0.376
2064,ZrBiRh,0.9390000000000001
2065,Li2ZnAu,0.478
2066,AgCO3,0.052000000000000005
2067,LiDy2Ru,0.156
2068,LiHfPt2,0.7809999999999999
2069,Pr2AgRu,0.358
2070,Yb3PbO,3.195
2071,Hf2TcRu,0.18600000000000005
2072,Re3Ge,1.005
2073,Nd(BIr)4,2.278
2074,TiIr3,0.5489999999999999
2075,TiInCu2,0.006999999999999999
2076,Mg2ZnPd,0.026000000000000002
2077,LiInPt2,1.13
2078,TePt,0.48
2079,InPd2Au,0.239
2080,Nb4C3,0.5529999999999999
2081,CaZrRh2,0.057
2082,Zr5Te4,0.242
2083,YbPb3,2.209
2084,MgTaIr2,0.589
2085,ZrSnPd2,0.03
2086,Nb2Tl2O7,0.46399999999999997
2087,RbAgO,0.125
2088,K2Se3,0.024
2089,CaP3,0.001
2090,Si2Mo,0.01
2091,Tm3Mg,0.627
2092,Ti5Se4,0.067
2093,Sr(SbRu2)2,0.573
2094,Ca(ZnGe)2,0.008
2095,Tm2C3,1.038
2096,CaBiAu,2.247
2097,ScGeAu,0.10400000000000001
2098,Nb3Si,0.33
2099,Ho2IrRu,0.21899999999999997
2100,Ba2Pd2O5,0.48200000000000004
2101,Bi2Rh3S2,2.19
2102,Ba2CuH6,0.025
2103,YbSbPd2,0.057999999999999996
2104,K4HgAs2,0.033
2105,Tl3AsSe3,0.08900000000000001
2106,LuGaRh2,0.266
2107,Ba3N2,0.19899999999999998
2108,VCu3Te4,0.068
2109,RbBr,0.002
2110,Tb2O3,0.747
2111,YZr,0.371
2112,CdGaRh2,0.634
2113,YCd3,0.011000000000000001
2114,SrHfRe2,1.819
2115,YbZnSn,2.049
2116,LaIn3,0.039
2117,TmPPt,0.38299999999999995
2118,TiFe2Sn,0.036000000000000004
2119,ScAlAu2,0.284
2120,Ba3P2,0.028999999999999998
2121,CaPAu,0.29100000000000004
2122,Mo5As4,0.179
2123,Ta9(NiS3)2,1.5919999999999999
2124,Sr2TlCuO5,0.04
2125,PrN,0.369
2126,Cu2PdAu,0.336
2127,NbS3,0.013999999999999999
2128,SmMg3,0.306
2129,LuRhO3,1.1740000000000002
2130,HfMgIr2,3.22
2131,RbTlBr3,0.036000000000000004
2132,GaNi3,0.573
2133,Ca3TlN,0.7709999999999999
2134,SrTlHg2,0.91
2135,PmAlCu2,0.7490000000000001
2136,Cd3TeO6,0.015
2137,TmInCu2,0.069
2138,YbErZn2,0.066
2139,SrCaIn2,0.235
2140,Li2PrIn,0.5579999999999999
2141,ZrAlW,1.5719999999999998
2142,Zr3Hg,0.429
2143,TbSnAu2,0.23399999999999999
2144,Te2Br,0.631
2145,DySn3,1.083
2146,Bi2Rh2O7,0.552
2147,DySbPd,1.2590000000000001
2148,TeMo2Se3,0.076
2149,DyP5,0.03
2150,Y2PdRu,0.15
2151,Ba3N,0.157
2152,TlAgBr3,1.278
2153,LiZrPt2,0.752
2154,Ta2C,0.37
2155,BaCa(SnO2)4,0.015
2156,LiCaGe2,0.08
2157,Hg2Sb2O7,0.19
2158,NbW3Se8,0.11
2159,MgTaZn,0.218
2160,LuMgHg2,0.498
2161,Ca2AgAu,0.524
2162,Sb2Os,0.431
2163,PmYAl2,0.026000000000000002
2164,NdN,0.313
2165,Sr(Ni2Sn)2,0.6729999999999999
2166,KAgSe,0.018000000000000002
2167,ThPbAu2,0.8270000000000001
2168,Sc2NiOs,2.04
2169,Er2CuRu,0.086
2170,CdAg2Au,0.19
2171,PrCd3,0.02
2172,Yb2CdIn,0.32299999999999995
2173,LaAg,0.011000000000000001
2174,SmTlAu2,1.6769999999999998
2175,Li2AgSb,1.3090000000000002
2176,LiYSi,0.03
2177,LiLa2Os,0.758
2178,ErPt2,0.445
2179,HfGePd,0.35
2180,LiHfRh2,0.078
2181,Ca3BiAs,0.636
2182,LiY2Ru,0.034
2183,Lu2ZnPt,0.696
2184,HoHg,0.32
2185,TbSi2,0.218
2186,NiHg4,0.978
2187,Ca2CdSn,0.292
2188,TlAsPt5,2.256
2189,PrGe3Rh,0.059000000000000004
2190,RbAs,0.026000000000000002
2191,OsN2,0.57
2192,HgPd3,0.41200000000000003
2193,ErBRh3,1.597
2194,AuN,0.18
2195,YbThRh2,1.075
2196,ScAgO3,0.025
2197,NaCdHg2,0.249
2198,Hf2CoIr,2.015
2199,HoNi2,1.531
2200,LiSbS2,0.326
2201,Tm2NiIr,1.3
2202,SiPt2,0.418
2203,Sc3TlC,0.305
2204,Al2RuRh,0.062
2205,ReTe,1.6059999999999999
2206,RbCuO,1.247
2207,NbCuTe2,0.36200000000000004
2208,GeBi4Te7,2.484
2209,Ta3SnS6,2.14
2210,Li2NdIn,0.595
2211,Er3AlC,2.057
2212,ZnCu2GeSe4,0.469
2213,ScGaPt2,1.068
2214,NdCdAu2,0.7759999999999999
2215,Sc2GaAu,0.168
2216,BaMgGe,0.04
2217,SnBO3,0.003
2218,TaCr2,0.518
2219,Sc5Si7Pt9,0.637
2220,TlHg,0.34
2221,Li2PmIn,1.156
2222,LuSi2,0.091
2223,Ag2CO3,0.016
2224,YbGa2,0.025
2225,LiYb3,0.425
2226,NaCuSe,0.1
2227,Tb2IrRh,0.631
2228,HoTe2,0.35700000000000004
2229,ErSi2,0.077
2230,Ba(AsPd)2,0.193
2231,Yb2AgIr,1.121
2232,Ta2Be,0.797
2233,HfCdCu2,0.20199999999999999
2234,Dy2TlCd,0.521
2235,Li3H4Rh,0.016
2236,LiAlAg2,0.062
2237,HfAlPt,2.4130000000000003
2238,PmRh2Pb,0.64
2239,TmRh3C,0.804
2240,PrInAg2,0.134
2241,NdTl3,0.304
2242,TeWS,0.7979999999999999
2243,HoErTl2,0.47200000000000003
2244,Al2CoOs,0.424
2245,Rh2S3,0.11599999999999999
2246,GaPt3,2.208
2247,MgSiRh2,0.57
2248,Ca2AgSbO6,0.022000000000000002
2249,BaPbO3,0.054000000000000006
2250,KBIr2,0.645
2251,CoGe,0.275
2252,Rb2SBrCl6,0.079
2253,TiAu4,0.7559999999999999
2254,ZrW2,0.8370000000000001
2255,TiGaRh,0.295
2256,YbPt3,2.188
2257,MgTlRh2,1.3840000000000001
2258,Na2Pd3O4,0.032
2259,IrO2,0.7070000000000001
2260,NdTeCl,0.046
2261,TbH3,0.469
2262,Er2CuO4,1.645
2263,LiYHg2,0.9229999999999999
2264,Si2TcOs,1.629
2265,HfC,0.205
2266,CaAgHg2,0.711
2267,SmHoIn2,0.055
2268,Tb5BiAu2,0.973
2269,PmSnPd2,0.6629999999999999
2270,Sr(CuGe)2,0.018000000000000002
2271,Zr2Al3,0.037000000000000005
2272,YHgPd2,2.044
2273,MgNbRh2,0.141
2274,GaGeRu2,1.757
2275,Te2Mo3(SeS)2,0.057
2276,NdAu,0.07400000000000001
2277,LiHg3,0.462
2278,NdBPd3,0.19
2279,NbI5,0.43
2280,DyCuSb2,1.82
2281,HoAlAg2,0.087
2282,LiYbPb,2.202
2283,Er2Nb2O7,0.46399999999999997
2284,NaAsO3,0.135
2285,Li2Pt,0.4320000000000001
2286,CaNdRh2,0.253
2287,Cu2HgGeSe4,0.5660000000000001
2288,TlC,0.446
2289,BaAlCuBiO5,0.073
2290,PmTlRh2,1.999
2291,Ta3SiTe6,1.043
2292,SnSe,0.033
2293,Li2CuSb,0.033
2294,LiTm2Os,0.23399999999999999
2295,TlP,0.491
2296,NdSmZn2,0.077
2297,LiDyIn2,0.059000000000000004
2298,Pm2ZnSi,1.308
2299,YInAg2,0.586
2300,BaB6,0.006
2301,TmAgSn,1.248
2302,Sc2AgRu,1.022
2303,UO3,0.885
2304,CaAgAs,0.598
2305,HfSiSe,0.861
2306,Ca2TaAgO6,0.05
2307,CaHg2,0.44799999999999995
2308,Sb2Ir,0.38299999999999995
2309,MoC,0.013999999999999999
2310,ErMgHg2,0.48200000000000004
2311,NaTl2Cd,1.308
2312,HgPd,0.38
2313,TiInPd2,0.021
2314,Ti2ReIr,0.4
2315,MgScGa,0.005
2316,ScTc2W,0.27899999999999997
2317,Sr3AsP,0.08900000000000001
2318,Yb3SnO,0.281
2319,ErInCu2,0.067
2320,TiInAu2,0.10400000000000001
2321,P2Ru,0.02
2322,MgSc2Os,0.177
2323,Pr(CdP)3,0.025
2324,Sr3SbAs,0.47700000000000004
2325,AlRe2,1.13
2326,Nd3TlC,2.221
2327,BaCuAs,0.040999999999999995
2328,Zn(InS2)2,0.006999999999999999
2329,Mg2Sn,0.433
2330,SbRh3,0.16399999999999998
2331,Ho2O3,0.7809999999999999
2332,HoTmCu2,2.166
2333,Nd2CuO4,0.027000000000000003
2334,TbSe2,1.3030000000000002
2335,Er2Si3Rh,0.205
2336,YCu3(Sb2O)2,0.1
2337,YbAu,0.713
2338,Tb2S3,0.106
2339,Hf2Ge,0.13
2340,LaMgCd2,0.017
2341,Er2PdAu,0.23
2342,Ba3SbP,0.368
2343,Li2PmGe,0.987
2344,WS,1.395
2345,LaZn,0.33799999999999997
2346,LaGeOs,1.07
2347,LuSiIr,0.698
2348,SmDyTl2,0.28300000000000003
2349,IrPbBr,2.131
2350,BiB,3.0189999999999997
2351,ErAl3,0.022000000000000002
2352,NiBTe,0.8859999999999999
2353,Ca3GeO,3.135
2354,DyInRh2,1.112
2355,Tb3PbC,0.637
2356,CuGeRh2,0.052000000000000005
2357,Y(Mg3Al)2,0.005
2358,SmHoIr2,2.1069999999999998
2359,TaGaRu2,0.124
2360,AlVOs2,0.187
2361,TmNi2Sn,0.071
2362,Ni3Ge,0.218
2363,LiCdP,0.004
2364,DyMg3,0.025
2365,NdCuSb2,0.6890000000000001
2366,Sn5(BRh3)2,0.147
2367,Cd(PtO2)3,0.26
2368,YbLuPt2,0.847
2369,PrMg2Ag,0.204
2370,Er2IrRh,0.8909999999999999
2371,BaTl2O4,0.086
2372,TlAs,1.2919999999999998
2373,LiEr2Ru,0.11199999999999999
2374,TiPd3,0.425
2375,Ti2ZnRe,0.9229999999999999
2376,SrCdHg2,0.836
2377,PaIr3,1.254
2378,BeSiOs2,1.633
2379,CuBiSCl2,0.32
2380,LiAsPd2,0.066
2381,Zr4In5Co2,0.077
2382,Na3(GePt)4,0.9740000000000001
2383,SmP,0.8240000000000001
2384,NaPd2Pb,0.6970000000000001
2385,KHgAs,2.0540000000000003
2386,LiNdHg2,0.853
2387,MgSnRh2,0.46299999999999997
2388,LiTl2Rh,0.19
2389,TaO,0.498
2390,Mg2As,0.006999999999999999
2391,PmH,0.04
2392,LiMg2Ge,0.01
2393,CaZnSn,0.6970000000000001
2394,SrBi3,2.097
2395,Sr2LiTl,1.052
2396,CuBi(PSe3)2,0.33299999999999996
2397,LiTiRh2,0.025
2398,Sc2InAg,0.011000000000000001
2399,RbZn4As3,2.006
2400,BaSi,0.016
2401,Sm3Hf,1.258
2402,PbS2,0.13
2403,PaO2,0.298
2404,TaFe2,2.8710000000000004
2405,Mg2SnN2,0.01
2406,AsRu,1.0759999999999998
2407,Ca2Sn,0.006999999999999999
2408,Ti3TlC,0.456
2409,Tb2Fe2Si2C,0.3720000000000001
2410,ZrGaNi2,0.051
2411,BaAgAs,0.257
2412,Sm(AlZn)2,0.017
2413,Rb3Hg,0.4370000000000001
2414,Hf3Ge2,0.795
2415,Nb3GeS6,2.013
2416,Sr2Cu(IO)2,0.044000000000000004
2417,Li2NdTl,1.311
2418,Dy2O3,0.7509999999999999
2419,BaCaYb2,0.845
2420,LiHgPd2,0.142
2421,ScAg,0.708
2422,As2Pt,0.273
2423,TaRu,0.826
2424,PmMgHg2,0.262
2425,Tl(MoSe)3,0.11599999999999999
2426,Lu2AlZn,1.625
2427,Ba3BiSb,2.224
2428,Ca2AgSn,0.040999999999999995
2429,TlInS2,0.04
2430,Sm2GeRh3,0.527
2431,ZrAl5Ni2,0.016
2432,Lu2AgOs,0.28600000000000003
2433,Sr(CdSb)2,2.082
2434,Sr3SbP,0.302
2435,ErH,0.040999999999999995
2436,HoAs,0.474
2437,LiGa2Ni,0.11900000000000001
2438,HfSnRu2,0.11199999999999999
2439,Pr5Al2Ru3,0.47600000000000003
2440,MgScPd2,0.172
2441,ZrGa3,0.099
2442,Y(SiRh)2,0.616
2443,Sn2Ir,0.647
2444,Tb4Sb3,0.644
2445,Sm2C3,0.755
2446,Na2CdHg,0.556
2447,Ge5(Te4As)2,0.293
2448,Sb2Ru,0.136
2449,Ba2TlSb2O7,0.040999999999999995
2450,Sm4Sb3,0.868
2451,SmSiAg,0.265
2452,HoMgIn,0.287
2453,NaCa2In,0.639
2454,AcYbRh2,0.23399999999999999
2455,TaAgS3,0.096
2456,HoP5,0.033
2457,Hf2MoIr,0.748
2458,YbDyPd2,0.401
2459,ZnBiF6,0.031
2460,Li2MgCd,0.111
2461,HgO2,0.066
2462,BiO2,0.711
2463,Ti2TcOs,1.994
2464,TmMgPt2,1.892
2465,Y3PbC,0.26899999999999996
2466,ErN,0.024
2467,ErAsPd,0.128
2468,TbSbPt,1.6440000000000001
2469,YP,0.002
2470,Rb3Cd,0.34600000000000003
2471,Th(Fe2P)2,0.057999999999999996
2472,NiPb2(N3O)2,0.043
2473,Tm2CoRu,0.079
2474,Ba3AsN,0.7140000000000001
2475,CoAs3,0.035
2476,Li2BiAu,1.391
2477,NdMg,0.016
2478,Ba3AsP,0.121
2479,PtO,1.98
2480,NaZnAs,0.021
2481,Nb2CuS4,0.127
2482,ZrZnCu2,0.278
2483,MgSnIr2,0.515
2484,TeOsCl2,1.028
2485,Bi2TeI,3.491
2486,NaLi2Bi,1.639
2487,Bi2O3,0.218
2488,NdAs2,0.051
2489,TePdI2,0.324
2490,Tb2AgIr,0.28600000000000003
2491,LiAlPd2,0.588
2492,Yb2GaHg,0.6409999999999999
2493,HoN,1.1179999999999999
2494,Te4Mo(WS)2,2.055
2495,Sm(DyS2)2,0.309
2496,SrMgSn,0.963
2497,MgPd2,0.642
2498,LaN,0.381
2499,Y2ZnS4,0.006999999999999999
2500,Ag3SeNO3,0.024
2501,Cu2SiTe3,0.625
2502,NaCdAs,0.825
2503,Pd3Au,2.233
2504,Sn(SbTe2)2,2.028
2505,AgSnO3,1.565
2506,Ba2ZnN2,0.015
2507,LiYAu2,2.029
2508,OsO2F3,0.361
2509,CaCd,0.033
2510,Er5Ge3,0.303
2511,Ba(CuS)2,0.015
2512,Li2MgSn,0.934
2513,Dy2MgSi2,0.092
2514,Sc2AlCd,0.425
2515,GeP3,0.004
2516,Yb4Sb3,0.642
2517,TaInSe2,0.122
2518,Li2GePd,0.023
2519,PrH2,0.008
2520,Ag2SeO4,0.024
2521,Sm3Se4,0.762
2522,SmCdAg2,0.679
2523,Sr3(AlGe2)2,0.012
2524,Hg4OF6,0.256
2525,PrBiO3,1.31
2526,Th(CuP)2,0.053
2527,ScRh3C,1.175
2528,NdDyMg2,0.049
2529,ThPb3,1.4069999999999998
2530,HfGePt,0.24600000000000002
2531,Nd3Cu3Sb4,0.23600000000000002
2532,BaZnSi,0.019
2533,ZnAg,0.09300000000000001
2534,AgAuS2,0.064
2535,ThCdRh2,0.8420000000000001
2536,PmDyRu2,0.099
2537,Mg2ZnRh,0.094
2538,Li2PrTl,1.308
2539,CsSnI3,2.025
2540,Na2Zr(CuS2)2,0.021
2541,Rh2S3,0.054000000000000006
2542,KSnAs,0.039
2543,YC2,0.037000000000000005
2544,K2NaAs,0.012
2545,PrNiGe3,0.043
2546,NbBr2O,0.013999999999999999
2547,LaMgZn2,0.009000000000000001
2548,BeVRu2,0.19
2549,HfTc2W,0.261
2550,HfMo2,0.6629999999999999
2551,Li2DyTl,1.3090000000000002
2552,Ca2MgTl,0.349
2553,LaP,0.028999999999999998
2554,Er2CuOs,0.215
2555,TmSnRh2,0.919
2556,Rb4CO4,0.003
2557,TlBiS2,0.43799999999999994
2558,BW2,0.9490000000000001
2559,LuPb2,2.077
2560,LuGaPd2,0.073
2561,PmH3,0.419
2562,NaPrTl2,2.044
2563,YInAu,0.5479999999999999
2564,Nd3InC,1.329
2565,NbAlRu2,0.132
2566,Ba3BiAs,2.153
2567,Y3GaC,0.031
2568,AgSbO3,1.395
2569,LuB2,0.024
2570,GaPPd5,0.193
2571,Sr3P2,0.013999999999999999
2572,ScSnRu2,0.209
2573,Rb2Bi2O5,0.204
2574,Er3PbC,1.665
2575,Ca(ZnSb)2,1.455
2576,V2CrOs,0.525
2577,In2Co3S2,0.033
2578,MgSbRu2,0.098
2579,TbCdPd2,0.45799999999999996
2580,Pr3Sn,0.256
2581,PrTe,0.5589999999999999
2582,Lu2ZnTc,0.32899999999999996
2583,Zn3As2,1.003
2584,PaGaTc2,0.897
2585,Y6FeSb2,0.644
2586,LiTmHg2,0.93
2587,Rb3Sb,0.065
2588,LiInPd2,0.35100000000000003
2589,MgZnRh2,0.163
2590,Lu(BC)2,0.045
2591,KMgBi,2.094
2592,Mg(InSe2)2,0.043
2593,Li2TlSn,0.851
2594,HfScRh2,0.221
2595,Yb2C3,0.428
2596,Ba6Hf5S6,0.145
2597,La(PRu2)2,0.036000000000000004
2598,NbSnS2,0.792
2599,Bi2PbSe4,2.165
2600,YbGaRh2,1.6059999999999999
2601,ZrSnTe,0.442
2602,Ni2SbTe,0.45
2603,Ni2Ge,0.07200000000000001
2604,ZnAu,2.042
2605,B2IrCl,0.743
2606,DyAgSn,0.12
2607,SrMgGe,0.63
2608,Ti2O,0.055999999999999994
2609,NdPb3,1.3359999999999999
2610,Yb4As3,0.537
2611,Ba2YTlSn2O7,0.037000000000000005
2612,CaIn2Au,0.6729999999999999
2613,HfNiSn,0.047
2614,YSb,0.535
2615,Ca(AgO2)2,0.109
2616,Ca2B5Os3,0.34700000000000003
2617,Mo3Pd2N,0.179
2618,Pd6S7,0.8959999999999999
2619,NbC,0.061
2620,Ti2C,0.002
2621,PmTlAu2,1.649
2622,CaGa2,0.14300000000000002
2623,Ba2AlCu3O8,0.441
2624,BaPb,0.579
2625,NbNi2Sn,0.023
2626,Li2AlPd,0.008
2627,Lu2ZnOs,0.631
2628,ThSnRu2,2.0540000000000003
2629,Ba4NaBi3O2,0.099
2630,Ba2Lu(CuO2)3,0.8640000000000001
2631,ScZnPd2,0.575
2632,Sr3As2,0.301
2633,KHg,0.732
2634,TmSi2,0.084
2635,Hf5ZnSb3,2.418
2636,Nb2Hg2O7,0.052000000000000005
2637,Tm2CdHg,0.473
2638,KPrTe4,0.17300000000000001
2639,HfZn,0.21899999999999997
2640,Ta2PdSe6,0.162
2641,YbRh2Pb,1.754
2642,Rb3Li,0.42
2643,NiMoP,0.705
2644,Dy3Sb4Au3,0.385
2645,TlPt2Se3,0.319
2646,Ag3Hg,0.174
2647,Ba(CdP)2,0.009000000000000001
2648,LuInAg2,0.7040000000000001
2649,PmInRh2,1.119
2650,Lu6FeSb2,1.6980000000000002
2651,ZnPb3,1.245
2652,TaCuN2,0.023
2653,MgGaNi2,0.07
2654,Cd3In,0.040999999999999995
2655,Si3Ru,0.038
2656,Sr3BiSb,0.6859999999999999
2657,GePbO3,0.019
2658,ScZn2Pd,0.327
2659,HgOsPb2,0.978
2660,RbAu,0.018000000000000002
2661,RuRh3,0.643
2662,TmInAg2,0.483
2663,SbPd3,0.10300000000000001
2664,Sc2AgOs,0.76
2665,PrSe,0.7929999999999999
2666,HoAl3,0.02
2667,TmPt3,0.514
2668,TiGaNi2,0.028999999999999998
2669,YNiP,0.006
2670,Ba3SbN,1.107
2671,Lu4Ge6Ru7,1.034
2672,PrAs,1.094
2673,Ho5Sb3,1.079
2674,Rb3Ir,0.27699999999999997
2675,LiHoTl2,0.6629999999999999
2676,Sm3Dy,0.391
2677,Nb2C,0.265
2678,Co2(GeSe)3,0.055
2679,LiCdAs,0.713
2680,Er(NiP)2,0.045
2681,PrMgTl2,0.373
2682,TlSbTe2,2.022
2683,CaPd3O4,0.868
2684,Tl2O,0.096
2685,Ca3SnH2,0.017
2686,Sr2CuC(NO)2,0.027999999999999997
2687,LaPb3,1.4340000000000002
2688,KZr2Nb,0.45799999999999996
2689,HgPRh,0.22699999999999998
2690,CaPmCd2,0.040999999999999995
2691,AlPPt5,2.217
2692,TiNiGe,0.59
2693,AgSe,0.045
2694,MgRe3,1.796
2695,YErMg2,1.6119999999999999
2696,Be2Ag,0.368
2697,Sm(SiAg)2,0.062
2698,Zn2In2S5,0.06
2699,Sr2Sn,0.047
2700,SrZnSb2,0.8909999999999999
2701,SrLi2Pb,1.7930000000000001
2702,Tb2SbO2,0.7240000000000001
2703,SnAu,0.938
2704,DyYRh2,0.105
2705,CaCdSi,0.271
2706,DyMgHg2,0.381
2707,Lu2MgOs,0.228
2708,SrAgBi,2.404
2709,Ba3SnO,0.152
2710,HoGeAu,0.605
2711,NiAs,0.22399999999999998
2712,TbSe,0.9520000000000001
2713,MgTaRu2,0.484
2714,Ag2SnHgSe4,0.483
2715,YbSb2,0.237
2716,LiNi2Ge,0.061
2717,PmTlAg2,0.41600000000000004
2718,SmLuZn2,2.005
2719,HoAl2,0.266
2720,ReRuBr,0.562
2721,BiN,0.342
2722,Zn2AgAu,0.057
2723,ScGa3,0.004
2724,HfZnPt2,0.951
2725,NdMgZn2,0.013000000000000001
2726,DySb,1.117
2727,HfZnNi2,0.763
2728,RbTl2Bi,1.036
2729,CdCu2SnSe4,0.456
2730,SiRu,0.33799999999999997
2731,TlCu3S2,0.055
2732,ZrSiTe,0.578
2733,AlRh,0.028999999999999998
2734,TlPdF3,0.073
2735,Ba2Si,0.126
2736,ZrAlPd2,0.071
2737,LiMgSnPd,0.102
2738,HoO,0.425
2739,Li2LaPb,2.008
2740,Dy3InC,1.4769999999999999
2741,TbYRh2,0.11699999999999999
2742,ScInAg2,0.237
2743,DyAlAg2,0.087
2744,SmAgHg2,1.261
2745,RbTeO3,0.015
2746,Nb3Te3As,1.776
2747,Rb2Ni3Se4,0.038
2748,SmTa3,0.785
2749,YAu,0.545
2750,HfGeTe4,0.27899999999999997
2751,Y2Cl3,0.006999999999999999
2752,CuBiS2,0.73
2753,USbRh,1.2309999999999999
2754,Hf2InC,0.371
2755,LuReTc2,0.308
2756,LiGaCu2,0.9540000000000001
2757,HoCdCu4,0.243
2758,LiYb2Ga,0.136
2759,LiHoPd2,0.638
2760,Ba2ZrS4,0.011000000000000001
2761,TlNi,1.245
2762,Ta2Ni,0.618
2763,In2Se3,0.08900000000000001
2764,KHfNi,0.77
2765,AlAs,1.06
2766,Ho2CuPd,0.065
2767,CaGe,0.016
2768,DyThTc2,1.153
2769,LiCdAg2,0.025
2770,PmTlTe2,0.08199999999999999
2771,ScHgW2,0.9620000000000001
2772,CaPrHg2,0.305
2773,TaS2,0.16899999999999998
2774,Sr3Hg2,2.83
2775,Sr2TlCd,0.8859999999999999
2776,ZrNi2Sb,0.239
2777,Li2PmSn,0.623
2778,NaErTl2,0.32899999999999996
2779,ScNiBi,0.22699999999999998
2780,NaCd2Au,0.327
2781,Mg2PdPt,0.637
2782,PtN,0.659
2783,CaHgPb,2.185
2784,LiHo2Pt,0.41200000000000003
2785,In5AgSe8,0.055
2786,DyH2,0.018000000000000002
2787,LiRh2Pb,0.249
2788,In2Te5,0.263
2789,NdCoC2,0.051
2790,YbZnAu2,0.506
2791,BaZnGe,0.031
2792,Ti3Pb,1.699
2793,Ni(WO4)2,0.068
2794,Sn2Pt,0.228
2795,CaPb,2.045
2796,DyNiSb,0.055
2797,SrCuP,0.081
2798,SrPt2,1.906
2799,Ta3Ga2,2.332
2800,KBa4Bi3O,0.565
2801,TiC,0.005
2802,HPd,0.051
2803,BaCdGe,0.106
2804,LuSnAu,0.9279999999999999
2805,Sc2GaIr,0.997
2806,KAgBr3,0.034
2807,HoMgRh2,0.08
2808,Ta5N6,0.498
2809,YbPd2Pb,1.321
2810,MgCu4Sn,0.015
2811,Ga3Cu,0.076
2812,Tm2AgHg,0.157
2813,Sm2IrRh,0.455
2814,Ho2OsPd,0.42
2815,ZrMo2,0.254
2816,Sm3GaC,0.843
2817,Te2MoW3(Se2S)2,1.068
2818,Zr2Al,0.017
2819,YBiPd,0.7559999999999999
2820,YbTlS2,0.040999999999999995
2821,Ga3Pt2,0.19399999999999998
2822,Sr3AsN,0.011000000000000001
2823,YbSbPt,0.149
2824,YNi2,0.534
2825,In3Ru,0.09300000000000001
2826,Sr2CdAs2,0.025
2827,Al2Pd,0.326
2828,TmCdRh2,1.608
2829,Ge3N2,0.006999999999999999
2830,Li5Sn2,0.589
2831,Hf2FeOs,1.1520000000000001
2832,DySe,0.972
2833,HfGaRh2,0.924
2834,CaBiB,0.573
2835,Ag2PdO2,0.062
2836,DyCoSi,0.11900000000000001
2837,LiCaBi,1.301
2838,PmDyIn2,0.059000000000000004
2839,Dy2Se3,0.14400000000000002
2840,YAlPd,0.35600000000000004
2841,ZrAs,0.449
2842,AcAgTe2,0.162
2843,TeN2,0.012
2844,AcCdAg2,0.34600000000000003
2845,NaCdSb,2.485
2846,NbPd3,0.087
2847,LiHoSn2,0.207
2848,BaAgO2,0.027999999999999997
2849,Nb3TeI7,0.122
2850,HoPbAu,1.32
2851,YbSnPd2,0.055999999999999994
2852,Sm(ZnP)3,0.019
2853,BaCaSi,0.027999999999999997
2854,KAgF3,0.055
2855,Bi2Pt,3.173
2856,Pm2SiAg,0.036000000000000004
2857,Ag3(AsO4)2,0.204
2858,Tl2Ni3S2,0.491
2859,ThAs,0.602
2860,TaAlPt,0.53
2861,BaIn,0.091
2862,TmScRu2,0.128
2863,ZrInPt2,0.152
2864,Tm(SiPd)2,0.155
2865,LiCa2Ir,0.374
2866,Li2CuSbO5,0.016
2867,ScPRu,0.191
2868,YPt2,0.45
2869,Li3NdAs2,0.013000000000000001
2870,YNbRu2,0.39799999999999996
2871,LuTl3,0.33799999999999997
2872,GaPPt5,2.231
2873,Nd3Te4,0.325
2874,LuNi2Sn,0.289
2875,Ca3SbAs,0.387
2876,ThPb,1.148
2877,Li2PdPb,0.847
2878,LiAg2Pb,0.231
2879,TaGaPt,0.988
2880,YbBiPt,0.254
2881,Te2Pt,0.217
2882,CdAg,0.011000000000000001
2883,HfScOs2,0.5710000000000001
2884,HoSbRh2,0.198
2885,HfOs,0.28300000000000003
2886,Sn7Ir5,1.4180000000000001
2887,SmMg3,0.016
2888,AcMgHg2,0.251
2889,Cu3Se2,0.409
2890,MgTe,0.013000000000000001
2891,TePd,0.379
2892,Hf2TaN3,2.057
2893,Te3Pt2,0.948
2894,SrZnPb,2.175
2895,V3Os,0.341
2896,Nd2CuRu,0.193
2897,LiZn2Rh,0.442
2898,DyAgSb2,0.498
2899,LiZr2Os,0.217
2900,Cu(RhSe2)2,1.117
2901,Yb5Sn3,1.002
2902,CuBr,0.011000000000000001
2903,AgSbS2,0.053
2904,SnPt3,1.2109999999999999
2905,Lu3TlC,1.035
2906,KWO3,0.88
2907,Dy3(AlNi3)2,0.89
2908,HfN,1.021
2909,LiLa3,0.44799999999999995
2910,ZnCu2SnSe4,0.522
2911,PmBiPd2,0.261
2912,ZrP,0.051
2913,Tm2AgPt,0.235
2914,PbO2,0.032
2915,YTlPd,1.681
2916,Nd2MgTl,0.231
2917,SrIrO3,0.9540000000000001
2918,Ba3P4,0.033
2919,TlAgF3,0.040999999999999995
2920,Ta2OsW,2.119
2921,Ti2AlN,0.013999999999999999
2922,Er2IrPd,0.696
2923,CuSiRh2,0.033
2924,HfGeS,0.086
2925,Rb2As2Pt,0.35600000000000004
2926,Tl2Te3,0.249
2927,CuBrO2,0.017
2928,Tm3AlN,0.15
2929,TlGaSe2,0.047
2930,LiTm2Pt,0.693
2931,HfFeP,0.503
2932,Li3Pr,0.652
2933,CdCu2GeS4,0.012
2934,Rb2Hg7,0.149
2935,CaCdPd2,0.168
2936,HoH2,0.019
2937,TmZnPd2,0.9990000000000001
2938,CaMgTl2,1.0
2939,SmAsS,0.732
2940,CaAs3,0.025
2941,Sb2TeSe2,0.154
2942,ScSiAu,0.83
2943,Sm2AgRh,0.057999999999999996
2944,HfAlRu2,0.514
2945,NaMgTl2,1.23
2946,CaLaAg2,0.027999999999999997
2947,Te6Mo3WSe2,1.062
2948,TmThOs2,0.47100000000000003
2949,AgSO4,0.032
2950,LiAgF2,0.003
2951,BaGa2,0.011000000000000001
2952,Nd3SnC,0.052000000000000005
2953,BaGaSnH,2.013
2954,Nb(Te2I3)2,0.40700000000000003
2955,ScReTc2,0.129
2956,HfAlAu2,0.131
2957,ZrAs2,0.506
2958,TaTiTc2,0.34
2959,Be5Pd,0.19899999999999998
2960,NbRu2Cl,0.373
2961,MgGaRh2,1.248
2962,Ho2CuTc,0.145
2963,AlVRu2,0.465
2964,Mg4As6Rh7,2.165
2965,AcTlAu2,0.9109999999999999
2966,SnTe,2.09
2967,Tb(NiP)2,0.053
2968,SrPd2,0.049
2969,Ho(AlC)3,0.040999999999999995
2970,Tm3InC,0.8440000000000001
2971,Yb(SiRu)2,0.491
2972,ZrTe,0.23399999999999999
2973,TiGePt,1.12
2974,U(RhO3)2,0.235
2975,LiCa2Cd,0.13699999999999998
2976,Ca(SnN)2,0.506
2977,BaYCuTe3,0.075
2978,BiTe,3.713
2979,ZrInRh2,0.049
2980,Er3InN,0.067
2981,BaPAu,0.245
2982,LaH2,0.006999999999999999
2983,CuSbRh2,0.109
2984,PrSb,0.8290000000000001
2985,HfCuP,0.071
2986,Sc2CuOs,0.5529999999999999
2987,LaN,0.508
2988,B2Au,1.057
2989,Ba(BiO2)4,0.172
2990,VSbRu,0.015
2991,Sc3InB,0.028999999999999998
2992,La3AlN,0.40700000000000003
2993,Ti2TcNi,0.027000000000000003
2994,LiInSn,0.657
2995,ErH3,0.511
2996,LiCd,0.7240000000000001
2997,SrLi2Sn,0.7709999999999999
2998,TaTiMn2,0.163
2999,Er(BRh)4,0.386
3000,SnCl,1.431
3001,ThNiSn,0.136
3002,YPb2,0.956
3003,NbAl3,0.147
3004,ThBi2,2.266
3005,DyPd3,0.045
3006,Yb4Bi3,3.0580000000000003
3007,Sr(AlPb)2,2.496
3008,Sc2GaAg,0.098
3009,RbPr3,0.4970000000000001
3010,LiEr2Al,0.634
3011,YSnAu2,0.23600000000000002
3012,NdMg2Ag,0.752
3013,SmSnAu,0.095
3014,SnRh,0.406
3015,BaZn(SnO2)4,0.016
3016,TlAuO2,0.598
3017,Ca2HgPb,1.6869999999999998
3018,Hf6CoBi2,0.475
3019,HfCr2,0.9209999999999999
3020,BiTeI,0.4
3021,TbAl2,0.19699999999999998
3022,AgBiO3,0.873
3023,Tb2C3,0.889
3024,LiEr2Ir,0.318
3025,HfCdO3,0.027999999999999997
3026,Er2ZnIr,0.4370000000000001
3027,Lu2TcAg,0.4270000000000001
3028,ErPt3,0.478
3029,Yb2ZnPb,0.341
3030,Ca(PRh)2,0.456
3031,LuH2,0.025
3032,PrMgCd2,0.023
3033,Dy2ZnHg,0.48200000000000004
3034,ZrNi2Sn,0.025
3035,TcB,0.207
3036,TaCoSb,0.31
3037,Ta4AlC3,1.2890000000000001
3038,LiY2Rh,0.03
3039,TaZnRh2,0.479
3040,InAgS2,0.023
3041,ZrCl,0.021
3042,LiBiS2,1.375
3043,LiHo2Ir,0.252
3044,YErRh2,0.124
3045,Nd3GaC,0.45
3046,ThGa2,0.171
3047,Ho3SnC,0.129
3048,Li2CaPb,1.6780000000000002
3049,YAl2,0.025
3050,YAgPb,2.247
3051,Sc3GaC,0.003
3052,NbAlPt,0.5820000000000001
3053,HfAl2,0.88
3054,NaBi,0.597
3055,ZrP2,0.031
3056,PmInNi2,1.663
3057,ZrGeTe,0.937
3058,LiInGe,0.9309999999999999
3059,ScCdRh2,0.033
3060,Bi4Te3S8,3.188
3061,Sm3TlC,1.285
3062,In2Si(AgSe3)2,0.053
3063,Rb2Se3,0.026000000000000002
3064,Pr(CoB)2,0.024
3065,BaSrYb2,1.0859999999999999
3066,Sr3As4,0.027000000000000003
3067,P2Rh,0.032
3068,LiAc2Ge,0.765
3069,Dy3AlC,1.6909999999999998
3070,ZnSnP2,0.011000000000000001
3071,YZn,0.425
3072,NdTlAg2,0.298
3073,NbSnRu,0.11800000000000001
3074,Pr2CuRu,0.126
3075,Ta2Se,1.295
3076,HgTe,0.6829999999999999
3077,Ag3PO4,0.019
3078,Yb2HgGe,0.951
3079,Ta3PbS6,2.1959999999999997
3080,DyGa3,0.026000000000000002
3081,LuCuPb,0.449
3082,Nd(CoB)2,0.556
3083,LuAl2,0.204
3084,ThSiAu,0.782
3085,LiGa2Rh,0.304
3086,Si3W5,1.431
3087,ScSb,0.29
3088,Li3YBi2,0.7070000000000001
3089,GaPt3C,2.089
3090,Te2MoW2(SeS)2,0.096
3091,SmYMg2,0.071
3092,HoMgZn2,0.038
3093,SmErRh2,0.201
3094,DyHg,0.316
3095,Ba3BiN,1.588
3096,Na2SbAu,0.15
3097,ZrBe5,0.031
3098,Er(CuSi)2,0.026000000000000002
3099,Sb2Te3,2.017
3100,PrGa2,0.026000000000000002
3101,WS2,0.507
3102,P2Rh3,0.77
3103,PaZnRu2,0.20199999999999999
3104,YMgRh2,0.037000000000000005
3105,LaMg3,0.015
3106,YSnPd2,0.26899999999999996
3107,TmMg,0.071
3108,DyPb3,1.405
3109,SrInHg2,2.0269999999999997
3110,HoInAg2,0.51
3111,Li2HoIn,1.18
3112,ZrN,0.005
3113,Cd(AgO2)2,0.043
3114,LiSbAu,0.078
3115,Hf5Sn4,0.701
3116,ErSnAu,0.51
3117,Sm3SnC,0.095
3118,PrNdMg2,0.023
3119,NdSeO,0.034
3120,YbCdHg2,1.986
3121,Mg(ScGa)2,0.025
3122,BiTePd,0.804
3123,NaAc2Pb,0.5770000000000001
3124,Ca2ZnRh,1.12
3125,Ba2Sn3O7,0.018000000000000002
3126,NbAlOs2,0.701
3127,Sc2ZnIr,0.29600000000000004
3128,LiAgO2,0.049
3129,NbSiPd,1.7469999999999999
3130,Ca3SnO,3.153
3131,ThMg2,0.365
3132,Tl(CuS)2,0.161
3133,CaYRh2,0.79
3134,TmHfOs2,0.5
3135,BeSe,0.01
3136,ScTe,0.027000000000000003
3137,Ta2NbRu,0.474
3138,Li2PmSi,0.41100000000000003
3139,SmCuO3,0.028999999999999998
3140,Tb2IrPd,0.516
3141,LiY2Al,0.39799999999999996
3142,Tb2Ti2S2O5,0.026000000000000002
3143,ZrCuSiP,0.013000000000000001
3144,CoSbS,0.057999999999999996
3145,K3Sr,0.562
3146,Ni3(PbS)2,2.1919999999999997
3147,La3InN,0.031
3148,Cd(InTe2)2,0.09300000000000001
3149,PrDy3,0.752
3150,KHgSb,2.064
3151,SmTmMg2,0.055999999999999994
3152,In2HgTe4,0.171
3153,Th2BiTe,0.35700000000000004
3154,ZrNiSn,0.013000000000000001
3155,YbSbPd,0.14800000000000002
3156,TiTc,0.037000000000000005
3157,Tm2TeO2,0.057999999999999996
3158,Mo2Se3S,0.035
3159,Th3As4,0.534
3160,HfPt3,0.9740000000000001
3161,Lu2MgRu,0.42100000000000004
3162,ErSbPt,0.5589999999999999
3163,Sc2AgIr,0.158
3164,KNdPdO3,0.046
3165,Li2HoTl,1.3090000000000002
3166,SnSe,0.019
3167,Nd2C3,0.769
3168,YErZn2,0.451
3169,Te3W2Se,0.20600000000000002
3170,LiDy2Al,0.59
3171,YB6,0.006
3172,HfSiNi,1.2770000000000001
3173,Dy(SiIr)2,0.249
3174,TbB2,0.017
3175,Sr3In,0.055
3176,Ca3SiBr2,0.008
3177,LiAuI4,0.27399999999999997
3178,Tl2SnHgTe4,0.221
3179,ZrC,0.03
3180,LiInAu2,2.075
3181,Re2AuSe,0.696
3182,Dy3PbC,0.449
3183,LaMg2,0.025
3184,KAgCl3,0.017
3185,NbCrGe,0.47100000000000003
3186,Sr3N2,0.028999999999999998
3187,Ba3PbO,3.173
3188,Li2AcPb,2.066
3189,TmAu2,0.196
3190,NaTl2Bi,2.784
3191,Zr(TiH2)2,0.012
3192,TbPbAu,1.32
3193,TmPb3,1.393
3194,Ni3Pb,1.3030000000000002
3195,HfCuHg2,0.10400000000000001
3196,HoGeRh,0.258
3197,ScInPd2,0.055
3198,Li2GeAu,0.08800000000000001
3199,TbYIr2,2.094
3200,YbSnRh2,0.633
3201,CaPd,0.098
3202,CdCuSb,1.0290000000000001
3203,Lu2RuAu,1.235
3204,YMgIn,0.534
3205,LuSb,1.06
3206,Nd2ZnIr,0.619
3207,HfGaNi2,0.177
3208,AlBi,0.672
3209,Mg2CuSbO6,0.021
3210,AcTiO3,2.048
3211,HoTmMg2,1.415
3212,LaPd3C,0.6459999999999999
3213,DyAs,0.561
3214,Ta2B,0.82
3215,Sc5NCl8,0.413
3216,TbYTl2,0.48700000000000004
3217,Li2MgHg,0.866
3218,TbNiSb,0.053
3219,Tl2Pt2O7,0.355
3220,GeRh,0.107
3221,In2Ni3S2,0.456
3222,MgAgSb,0.059000000000000004
3223,LiNpIr2,2.251
3224,LiHPd,0.021
3225,Li2NdAl,0.19699999999999998
3226,CaYHg2,0.765
3227,TeI2,0.231
3228,ZrHgO3,0.499
3229,BaLi2(MgGe)2,0.152
3230,Sr3(SnIr)4,1.3519999999999999
3231,TmCdAu2,1.273
3232,MoW3(Se3S)2,0.084
3233,CaAg,0.038
3234,SnSb,0.19899999999999998
3235,Sr3SnO,3.103
3236,Ta2CrRu,0.807
3237,DySb,0.898
3238,NaPb3,1.5290000000000001
3239,Er2TeO2,0.053
3240,ScTlTe2,0.063
3241,TbGeAu,0.36
3242,Pm2IrPt,1.139
3243,CaBiPd2,0.6779999999999999
3244,HfGaAu,0.7020000000000001
3245,CuSe,0.581
3246,KTe,0.168
3247,Yb2AgGe,0.055
3248,BaAgSb,0.23199999999999998
3249,Y3TlC,1.012
3250,Er2AgRu,0.08800000000000001
3251,Th3Bi4,1.9340000000000002
3252,ZrV2,0.44799999999999995
3253,LiZn2Au,0.627
3254,NdErZn2,0.281
3255,YbCuSb,0.58
3256,BaTl2,2.063
3257,Ho3TlC,1.082
3258,Hg3(ClO)2,0.306
3259,Mg2TaSnO6,0.053
3260,Te2Mo3WSe6,0.092
3261,KSb2,0.064
3262,Dy3GaC,2.439
3263,DyPbAu,1.32
3264,V3Pt,2.032
3265,VInPt,0.9390000000000001
3266,TbBRh3,0.556
3267,Sc2GaCu,0.006999999999999999
3268,Li2SmTl,1.306
3269,ZnCuAu2,0.111
3270,V2Se9,0.055999999999999994
3271,TbNiB4,0.151
3272,LuBi,1.2770000000000001
3273,La3InC,1.22
3274,W(OF)2,0.027999999999999997
3275,TmZn,0.441
3276,HfW2,0.9740000000000001
3277,Y3B7W,0.8640000000000001
3278,USi3,1.194
3279,Dy5NiPb3,1.3519999999999999
3280,Ba3As2,0.313
3281,Ca5Si3,1.9969999999999999
3282,Lu3SnC,0.125
3283,YCrB4,0.015
3284,PmDy3,0.552
3285,Tl5Te3,1.095
3286,Yb(As2Rh3)2,0.16699999999999998
3287,LiPm2Ir,0.261
3288,GaSi(MoS2)4,0.026000000000000002
3289,TeO2,0.043
3290,UNi2Sn,1.344
3291,CuBr,0.004
3292,NbGeSb,1.349
3293,LiLu2Rh,0.145
3294,PrZnSbO,2.026
3295,ScIr3C,2.053
3296,Dy(GePt)2,0.353
3297,CaHfZn,0.7120000000000001
3298,LiNdTl2,0.625
3299,NdSb,0.465
3300,TbZn,0.4370000000000001
3301,Sb2Rh,0.14
3302,HfAu,0.38
3303,SrSb2,0.491
3304,K4CdP2,0.003
3305,TiSe2,0.804
3306,ZnSnAs2,0.32299999999999995
3307,NdErTl2,0.24
3308,FeSiW,0.053
3309,SmAl7Au3,2.2030000000000003
3310,LiSnS2,0.004
3311,Lu3AlN,0.07400000000000001
3312,ScSbRh2,0.762
3313,LiErTl2,0.6559999999999999
3314,ZrPt3,0.44299999999999995
3315,Sb2Te,1.135
3316,CaGaGeH,0.005
3317,PrCuSb2,0.643
3318,Ho2CdIn,0.48
3319,ThRh2,0.593
3320,Ta2Te3,0.61
3321,YbPmHg2,0.22399999999999998
3322,Tm2AlSi2,0.05
3323,Rb3Ho,0.579
3324,AgBiSe2,2.09
3325,HoB2,0.018000000000000002
3326,ErSb,1.094
3327,Al5CuSe8,0.022000000000000002
3328,TaN,0.268
3329,LiAl2Tc,0.961
3330,Sr3PN,0.006
3331,HoBiPt,1.395
3332,Dy2AlZn,0.158
3333,LiMgSnAu,1.5090000000000001
3334,HgGeO3,0.037000000000000005
3335,Ba2Sb,0.057999999999999996
3336,CaPt2,1.9680000000000002
3337,PmAu3,0.556
3338,Tm2OsAu,0.9420000000000001
3339,CuPd,0.14800000000000002
3340,SmGeRu,0.25
3341,Y4C7,0.013999999999999999
3342,As3W2,0.603
3343,Li3Pb,0.593
3344,ErSnRu2,0.991
3345,NaAgO2,0.012
3346,LiLu2Ga,0.21
3347,Er2TlCd,0.5329999999999999
3348,PdS,0.201
3349,TmP5,0.038
3350,Ho3GaC,1.217
3351,ZnCu2SnS4,0.32299999999999995
3352,HoHfRu2,0.076
3353,Ho2Si3Rh,0.198
3354,ZrSnRh2,0.532
3355,LiHfPd2,0.276
3356,Li2SnAu,0.257
3357,InN,0.006999999999999999
3358,SeS,0.5820000000000001
3359,Li2InPd,0.154
3360,ErMgZn2,0.033
3361,La3TlC,0.9590000000000001
3362,YbAgSb,0.547
3363,PrErZn2,0.259
3364,LiHfIr2,2.0709999999999997
3365,SmBPd3,0.336
3366,Sc3InN,0.009000000000000001
3367,MgAg,0.054000000000000006
3368,HoAu2,0.175
3369,Ca2Ag2O5,0.397
3370,HoSbPd2,0.659
3371,LiTaW2,1.054
3372,Sc2AlTc,0.040999999999999995
3373,TlAgCl3,0.027999999999999997
3374,ThGaAu2,0.638
3375,Ag2F,0.012
3376,PbS,0.268
3377,Rb2PtI6,0.348
3378,YBi,1.4869999999999999
3379,NaNdAu2,0.54
3380,Ca2As,0.4270000000000001
3381,Tb3SnC,0.239
3382,TmTaOs2,0.415
3383,Sr(CdGe)2,0.022000000000000002
3384,SrAs,0.023
3385,CaIn2,0.214
3386,Sm2MgIr,0.976
3387,HoBRh3,0.935
3388,ErH2,0.02
3389,Li2CaSn,0.7659999999999999
3390,RbAl,0.401
3391,TiNbTc2,0.055
3392,YSe,1.181
3393,SiBAu,0.19
3394,DyCd,0.439
3395,Nd2MgAl,0.7290000000000001
3396,BaYSc,0.433
3397,MoP2,0.016
3398,Nb3Bi,1.003
3399,Ho(NiP)2,0.047
3400,MgSnAu,0.107
3401,PrLuIn2,0.081
3402,PmMgAu2,0.953
3403,Tm3SnC,0.087
3404,La(Fe2P)2,0.022000000000000002
3405,Li2PmAl,0.4
3406,Li2TlBi,1.5190000000000001
3407,SrP3,0.006999999999999999
3408,W3(Se2S)2,0.075
3409,Nd(CoSi)2,0.048
3410,Ho4NiB4,0.387
3411,TaAgS3,0.096
3412,K2NaInSb2,0.126
3413,DySnRu2,0.879
3414,In4SnS8,0.013999999999999999
3415,TlPt,0.527
3416,DyMgZn2,0.023
3417,TbMg,0.031
3418,Nb3Ga2,0.34
3419,DyPd,0.075
3420,GaSb,2.423
3421,Lu2MgTc,0.4370000000000001
3422,PtC,0.465
3423,TbAlPd,0.284
3424,NiAg3,1.112
3425,K3AuO,0.016
3426,Sr2H5Rh,0.011000000000000001
3427,Ti8C5,0.003
3428,ZnGeO3,0.001
3429,LiAlPt2,0.804
3430,HfNiGe,1.5590000000000002
3431,DyYTl2,1.6280000000000001
3432,SrHfN2,0.024
3433,CuSe2Br,0.051
3434,Ba(CdSb)2,2.021
3435,Pm2AgRu,0.12
3436,VGaPt,0.93
3437,Tm2ZnOs,0.562
3438,ThTeAs,0.872
3439,Na3Tl,0.301
3440,PrSnAu2,0.131
3441,Ta5Sb4,1.025
3442,LaB6,0.08800000000000001
3443,SrTePd,2.804
3444,HfB4Ir3,0.762
3445,NiSb,0.449
3446,Y2MgAl,0.012
3447,Mg2PdRh,1.581
3448,TmNbOs2,0.342
3449,Lu2HgAu,2.11
3450,AgPbO2,0.053
3451,ScInAu2,0.426
3452,YbPaRu2,0.265
3453,HoBiPd,0.904
3454,Be7Nb2,0.07200000000000001
3455,Sb2Pb2O7,0.11699999999999999
3456,NdInAg2,0.126
3457,CdS,0.002
3458,Si2W,0.064
3459,HfSi,0.4
3460,TaAs2,0.6
3461,LaGaAu2,2.833
3462,Li2MgGe,0.547
3463,SrSbAu,0.648
3464,HfBiRh,0.812
3465,HfB,0.127
3466,Rb2Pd(IBr2)2,0.168
3467,Tl2CdTe4,1.909
3468,Ge(BiTe2)2,2.146
3469,Th3Sb4,0.884
3470,Ca2SnS4,0.006
3471,LiHo2Tc,0.41200000000000003
3472,Zn2PdRh,0.134
3473,In5CuS8,0.04
3474,PmCdAu2,0.741
3475,Ba2GaGeN,0.03
3476,Ni3Bi,0.966
3477,ScAl2,0.001
3478,Li2AcTl,1.395
