,pretty_comp,dfpt_piezo_max_dielectric_ioonic
0,K2O2,2.56611389
1,HgTe,17.38697378
2,H4NF,1.78211899
3,TaTlPt,27.55974855
4,TmAgTe2,13.33205085
5,Fe(HO)2,6.239122227
6,Na7NbO6,3.43949021
7,Sm2SeO2,5.581301917
8,Al6Cd4SO2,3.27594559
9,NaSmO2,3.71069011
10,Rb2NiF6,2.37034093
11,KHS,2.8920042
12,Na5MnO4,3.64689164
13,SiP,9.36672463
14,SrLiAlF6,2.016619217
15,K4CO4,2.73928242
16,AlGaN2,5.1432795
17,CaMg2N2,5.641533657
18,Yb(DyS2)2,7.661801027
19,WCl4O,4.74231989
20,KNa2Sb,8.68228473
21,BaBAsO5,3.10614805
22,H4BrN,3.13660174
23,SmBr3,4.485872373
24,AlI3,3.995208587
25,SrH2O3,2.781338543
26,Sm2Be2GeO7,3.79663575
27,V2MoO8,6.342217643
28,MoWSeS3,8.918999527
29,RbSrSiHO4,2.799778173
30,Li7BiO6,3.733200007
31,BiTeCl,9.30480896
32,BPO4,2.617043633
33,ZrSeO,12.53604965
34,CaCN2,3.36852749
35,Mg2Al2Se5,6.058546333
36,TaCl4,4.283032283
37,NaBe4SbO7,3.28384821
38,BaAl2B2O7,2.48888692
39,RuO2,17.44054228
40,Na2H6Pt,3.28717545
41,ZrSiO4,4.566268703
42,UTl2O4,5.834697097
43,KAg2PS4,5.956839567
44,KInTe2,8.20917533
45,LuTlO2,6.69070016
46,KTa(GeO3)3,3.259306197
47,InBrO,4.269298643
48,SrAlGeH,13.52581335
49,Li3Sb(PO4)2,3.5192867530000003
50,InBi2S4Cl,10.44965874
51,TaI2O,7.124312427
52,DyBi2ClO4,5.54410226
53,Na2H4Pd,3.501364837
54,Li2Si2O5,2.506258097
55,NaSmTe2,7.73198629
56,ZnSeO4,3.78765706
57,YAgO2,4.855894807
58,Dy2SeO2,6.57575575
59,Rb2Se3,6.55906988
60,BaIF,3.687544107
61,Li3AsO4,2.812934147
62,TlIO3,4.787094393
63,LiNbO3,5.560598193
64,BBr3,3.0640982930000003
65,ScOF,3.917997237
66,CaZrN2,10.31233357
67,BAs,9.674965343
68,Na3BrO,3.18045545
69,Na3VO4,2.670694957
70,HoTlTe2,10.00888386
71,TlSbSe2,18.14547561
72,TmTaO4,4.71910233
73,V2O5,5.35698378
74,ZnCl2,3.135427253
75,LiMnSiO4,3.695637687
76,Mg2Sb2O5,5.527278417000001
77,NaN3,2.40471513
78,Ta2ZnO6,5.627057657000001
79,Te8Mo3W,11.02816135
80,Ba2Sc2O5,4.440951827
81,RbTbSe2,5.57602307
82,RbF,2.31295758
83,Sm3CuSnS7,7.971996827000001
84,Nb3SBr7,7.09063847
85,CuCl,6.62538649
86,CdCl2,3.518302453
87,GaBN2,5.43003414
88,ScCuO2,5.76014767
89,BiTeBr,10.55148583
90,ThO2,4.74968661
91,Na4SnSe4,5.019188097
92,BrCl,5.784393132999999
93,RbAgSe4,8.449852343
94,SiAs,11.39231376
95,TlZnF3,3.33359983
96,U(BiO3)2,7.98844591
97,BaS,4.87845249
98,BaZrO3,4.78264969
99,NaBeAs,8.10089876
100,Pr2SO2,5.206073427
101,NaClO3,2.41641952
102,Hg3(TeBr)2,7.62104783
103,SbBr3,4.7178525030000005
104,HoIO,4.796417843
105,Ca2IN,5.64162603
106,RbCaBr3,2.960844497
107,KMnPH2O5,2.826626043
108,Sr4CaCr2(SO3)2,5.93441438
109,K2PdBr4,3.283918953
110,BrN3,4.88416138
111,Ba(BSe3)2,6.65357848
112,CuRhO2,11.32427419
113,Te2W,10.52713646
114,NaAuC2,4.888049003
115,K2Te,3.5348
116,Zr2SN2,9.4710642
117,K6MnSe4,4.159103053
118,Li(CN)2,3.5418662430000003
119,TlAgI2,6.57242553
120,Na4CoO3,3.823137483
121,NaTlO,7.635515327
122,Tm2SO2,5.044079483
123,CaC2,5.153243523
124,Li4MoO5,4.378204477
125,MgSiN2,5.102086503
126,H3BrO,2.828154877
127,Sr(MgSb)2,9.91812434
128,RbCaAs,5.921696837000001
129,CaAlF5,2.020778497
130,CrF3,3.805789067
131,K6MgO4,3.185151367
132,Y3GaO6,4.084589797
133,RbNdSe2,5.58428728
134,GeS,11.80372815
135,Na3ClO,2.85512762
136,CoCuO2,14.09918707
137,BH3,2.300753313
138,V2O5,6.98277602
139,NaLi2AsO4,2.728546883
140,ErCuSe2,9.828516553
141,CaF2,2.301980063
142,FeCl2,8.328111457
143,YAuO2,5.37844145
144,InSe,12.48112341
145,Rb3TaO8,2.749337017
146,CaHBr,3.949623157
147,NbBi3O7,7.53410732
148,Ca2Pb,12.77426666
149,TaCu3S4,6.21316832
150,ZrIN,7.325339222999999
151,Ca2CoSi2O7,3.249439917
152,Tl2SiF6,2.59599378
153,Na2NiO2,4.62361427
154,H2SeO3,3.11612486
155,Ca2YSnO5,4.390148827
156,DyTlS2,7.164551997
157,KCaBr3,2.87271085
158,KTeOF3,2.525827997
159,BaH4O3,2.896198817
160,PrOF,3.530127787
161,DySBr,4.74188937
162,K2TiF6,2.346367237
163,PbBrF,5.2617461930000005
164,K3TaF8,2.210345057
165,K2AgSb,7.515485867000001
166,Sr2NCl,4.70551654
167,MoSBr,8.45287047
168,Ca2Al2SiO7,2.987797897
169,KTbGeS4,4.980033533
170,SrS,5.82538973
171,Dy3BWO9,4.401452437
172,YOF,3.361683477
173,Al2ZnSe4,6.392002503
174,Ba2HfO4,4.298579633
175,GaPO4,2.504760413
176,NaHg2IO2,5.437828957000001
177,ErF3,2.653433123
178,RbNaO,3.3728822
179,YNiP,17.18752121
180,Ba2AsBr,8.55132773
181,KZnP,8.796187312999999
182,H7NF4,1.860340287
183,MoSe2,14.02786623
184,LiAlAs2O7,3.346719707
185,Hg2IO,7.71077784
186,Ba(MgP)2,8.37565837
187,Ta(TeCl3)2,6.02362585
188,BeSnP2,11.23295474
189,NdCl3,3.854983097
190,Na4WO4,3.914719853
191,ZrFeTe,20.56092156
192,KMgSb,7.696105973
193,YAgTe2,11.37059479
194,SiH,6.3930525970000005
195,SrSnO3,4.32194189
196,K2H6Pt,2.82457233
197,RbNa2Sb,9.9364695
198,Rb3SbSe3,4.25546042
199,AgBiO2,6.381651682999999
200,BaS2,5.077078837
201,KAuS,4.660324887
202,ScCuO2,5.773080307000001
203,Ca(BeP)2,9.517402637
204,RbNaS,3.596133793
205,CaF2,2.25868156
206,CdCN2,4.546757187
207,RbF,2.10606805
208,Sr(NdSe2)2,8.824751812999999
209,Ca(DyS2)2,7.558253277
210,MoWSe4,7.43939144
211,Ag3PS4,7.362514122999999
212,PICl6,3.538083493
213,Na3BiO4,4.432397053
214,LiCoO2,7.97593595
215,HoBrO,3.56718526
216,CuSe2Br,9.218185517
217,AlTlSe2,8.407298377
218,ZrSO,10.09069759
219,Ca(MgAs)2,8.916625983
220,H4NCl,2.85942859
221,Ti(NCl)3,3.95973059
222,CaGaGeH,17.51357676
223,Tl2O,13.4320854
224,ZnCdS2,6.309803653
225,Nd2SeO2,5.593156767000001
226,LiBeP,8.021131723
227,AlBiO3,6.072273497
228,PrBS3,6.626928642999999
229,Zn(GaS2)2,6.202839257000001
230,InGeCl3,5.365090183
231,Y3CuSiS7,7.53830926
232,SmTlO2,6.292868787000001
233,AcClO,3.98265227
234,RbTmO2,3.64392838
235,NdTeF,9.13781018
236,ZnSiAs2,14.00291969
237,SrO2,3.316436993
238,Al2Te5,11.5240636
239,TiFeTe,21.63214384
240,BiF5,2.935075297
241,SrThBr6,4.45686441
242,Tb2PbS4,9.589814573
243,TlI,6.92855674
244,Li2MgBr4,3.388607677
245,CrHO2,5.1064120000000015
246,HIO3,4.43101562
247,Hg3AsS4Cl,7.857693617000001
248,BCl2,2.933356967
249,Ba(AgS)2,7.859084857
250,WSeS,6.816157822999999
251,ZnBr2,4.3814255630000005
252,Rb2PtF6,2.472884677
253,SiGeN2O,3.73121136
254,KMgAs,6.909410293
255,Na2CeO3,4.666203417
256,Nd3SiAgSe7,8.944087142999999
257,Ca7(HCl)2,4.121169597
258,Hg3(SCl)2,5.37909525
259,Au2S,7.19034776
260,Li4CuSi2O7,3.56330539
261,LiVSiO4,3.50633795
262,RbLuSe2,5.52180841
263,Zn4P6SN2,4.45049442
264,PBr3,3.85371117
265,Mg(SbO3)2,4.55561186
266,Ba3Si6N4O9,3.259127117
267,ErSCl,4.532026497
268,TmCuSe2,9.758605337
269,XeF2,2.85604869
270,Li3VO3F2,3.74226691
271,LiCoO2,7.994410202999999
272,NaSi2BH2O7,2.257323417
273,AlGa3N4,5.51656728
274,Rb2CaH4,2.932129087
275,LiSiBi3O7,5.598596402999999
276,AlSeBr7,4.605324697
277,Hg(AsO3)2,5.13455663
278,AsBr3,4.193823937
279,TlI,6.75694831
280,RbClO3,2.52046093
281,HgI2,5.815978527
282,ZrNCl,6.895658073
283,Te2Mo3WSe6,10.13749836
284,Ga2Te3,13.23544079
285,In2S3,6.568052933
286,Mg(CN)2,1.88310665
287,LiBC,11.01209311
288,ZnAgF3,3.03364644
289,ZrCl2,9.320459223
290,ZnSnP2,15.43679496
291,TmH3(CO2)3,3.100445097
292,RbBiS2,7.63919574
293,Na6P4W,6.386354673
294,ZnWO4,4.540059473
295,UO3,10.19137137
296,HgC2(SN)2,4.005825597
297,SrF2,2.22338173
298,BH5CN2,2.460980537
299,RbScO2,4.003396743
300,SrCl2,2.93146829
301,InPS4,5.856871767
302,PdCl2,5.710792712999999
303,AlClO,3.058712643
304,B4CCl6O,2.859647073
305,NbTl3Se4,8.18596421
306,Mg2PbO4,4.739672473
307,Ba2PCl,5.904262863
308,K2RbSb,7.44204519
309,RbTa(GeO3)3,3.27218524
310,GaP,10.96561918
311,Nd3CuSiS7,7.40926665
312,Cu2SiS3,8.607782293
313,HBr,2.927814807
314,RbScO2,4.02270279
315,MgNiF4,2.8098730830000003
316,KScO2,3.848908157
317,ThI4,5.471174907000001
318,Al2HgTe4,9.74920426
319,CaTlCl3,3.19736924
320,TlInSe2,9.602394077000001
321,BaHgS2,6.870077403
322,ThCN,7.044210487000001
323,Sr(CdP)2,12.61953916
324,BaSe,7.08218666
325,Li2SnTeO6,3.859614343
326,Na4CO4,2.77383733
327,U3H2,5.240957637
328,Na2Te,4.28307367
329,NaBeSb,11.76811789
330,Rb2SiF6,1.9495999
331,Mg4H2O5,2.953169877
332,Li3VS4,3.34779025
333,Nd2PbSe4,11.51812627
334,SBr,5.35766349
335,KV3(SeO)2,4.84881632
336,TbBS3,6.83789237
337,TaTl(GeO3)3,3.63655842
338,Li2Se,4.28847815
339,ZnH8(N2Cl)2,3.12646147
340,MnZnF6,3.301884063
341,CuH,12.37310377
342,KrF2,2.619302817
343,LiH2N,2.71694409
344,Rb2Pd,7.16824512
345,Ag5P(S2Cl)2,6.38682957
346,SrS,4.68336865
347,CSO,2.601376223
348,Te2Mo,6.6269070370000005
349,RbCaH3,3.0970763
350,LiNiBO3,4.45167907
351,K7NbAs4,6.181487897
352,Zn2GeSe4,8.757446843
353,HCN,2.22103937
354,Li3CrPCO7,3.108601247
355,Ca2BiAsO6,3.83436155
356,ZrFeCl6,4.604402627
357,Pd(SeBr3)2,6.777227107000001
358,LiHSeO3,2.856071437
359,ZrSnPt,17.91147279
360,SrBiBrO2,4.435109483
361,BeGeN2,5.28585992
362,Li4CoO3F,3.382255497
363,Li3Bi,12.6352427
364,Li2CaHfF8,2.298619993
365,AgBiSCl2,7.17137061
366,Na3Sr3GaP4,7.883249997
367,LiAuC2,5.622757947
368,K6Fe2O5,3.81959547
369,ErClO,3.268964667
370,KYSiS4,4.647211107
371,Al5CuSe8,8.6724463
372,Ba2ClF3,2.74492394
373,TaSbRu,20.49627141
374,Tl2Sn(AsS3)2,8.837263383
375,Li5MnO3F,3.082450267
376,NaNdSe2,6.271264477000001
377,IrCl3,5.09224688
378,RbSmO2,3.756385623
379,KHoS2,4.911251347
380,RbN3,2.498330803
381,TiOF2,4.015819463
382,MgH4(ClO)2,2.610814027
383,Li2O,2.85026468
384,Ca4Cl6O,3.278217713
385,Sr(PrS2)2,7.446570547
386,Li3MnSi2O7,3.423038483
387,LiMgAs,7.79855656
388,KP,6.407464647
389,Na4CO4,2.77455123
390,GaCuI4,5.504098497
391,Ho3CuSiS7,7.560601042999999
392,RbSnF3,2.79621964
393,CaAlH5,4.596307727
394,Ca2Sn,11.83409887
395,CN2,4.013217503
396,CaHfN2,9.34280189
397,Be(CN)2,2.410590843
398,AlAgS2,5.830345473
399,Li2MnBr4,3.832253423
400,CaHCl,3.77326194
401,Pm2O3,4.611772187
402,PbI2,5.97154914
403,Ba2H3I,4.45363038
404,Ba3BPO7,3.112888913
405,CaHI,4.466977017
406,HgPS3,7.310142312999999
407,Sn(CO2)2,3.56673479
408,SnF4,2.49669983
409,Ba2Ti3Tl2,6.09244268
410,Li2BeSiO4,2.730030123
411,RbYO2,3.647022163
412,Li2CuSb,19.42423949
413,CaPdF6,2.791962283
414,TlP5,11.72993447
415,GeC,8.15644312
416,PrOF,3.64998224
417,PrBi2BrO4,6.014160027000001
418,Ca(SmS2)2,7.636090227
419,Rb2TeBr6,4.272073217
420,SCl,3.73525861
421,Ce2Dy2O7,5.875180227
422,KLiS,3.660311113
423,NdSeF,6.726858322999999
424,Nd3CuSnS7,7.935015997000001
425,InCl,6.033810002999999
426,LiCoS2,12.86593195
427,Na2PtO2,4.46555432
428,SiC,6.938840882999999
429,LiAlO2,2.71511644
430,Ba(MgBi)2,14.79533608
431,KNO3,2.290017963
432,NaSi2N3,4.109635967
433,Al2HgS4,5.92981734
434,BH3NF4,1.997691753
435,NaC,2.6154641030000003
436,Ca2NCl,4.631122663
437,Ga2HgS4,6.973397147000001
438,Mo(WS3)2,7.664221387
439,Sm2AlNO3,5.754188922999999
440,MoWS4,8.486188193
441,Re3Se4Cl,10.53139432
442,PrCuSO,7.13723924
443,NdSF,5.739216803
444,Ca2YSbO5,4.74801761
445,LiBiB2O5,4.722781573
446,HoAgTe2,11.47156903
447,VNCl4,4.439123177
448,Cu3TeS3Cl,10.29901473
449,Li2Ge2O5,2.949886803
450,ZrCl4,3.44325923
451,Li2WS4,3.550583483
452,NbCl2O,5.386591727000001
453,HgBr,6.840516723
454,NaHoSe2,6.10027633
455,YbClF,3.145874413
456,Te6MoW2,10.11320605
457,Na4FeO3,3.98823705
458,NaHoS2,5.22842211
459,TaGaO4,5.163691293
460,ErAgTe2,11.44444553
461,Ga2Os,25.2408914
462,AlN,4.556123817
463,CdP2,9.865399097000001
464,Li2GeO3,3.052345317
465,ZnCl2,3.157570433
466,HgPSe3,10.12264602
467,Ca3UN4,7.52334863
468,NaYSe2,6.027863767
469,KMg(PO3)3,2.425856707
470,BeZnO2,3.784693783
471,YbS2,6.94691262
472,K2PdF6,2.565827253
473,RbHF2,1.97552548
474,TbH2Br,5.380235067
475,Y3CuGeS7,7.932764217000001
476,NbI2O,8.240845493
477,Al2CdTe4,8.20988419
478,K2HgSe,6.395718733
479,SrSe,5.19425607
480,TmIO,4.804464447
481,SbAsO4,4.403142753
482,Rb2MgF4,2.135841377
483,PHF2,2.709386787
484,Hf3SnO8,4.584881517
485,Li2AlFeO4,3.634755917
486,SrCa3O4,3.74761469
487,LiGaO2,3.310340717
488,NaMgAs,8.042967517000001
489,RbAuS,4.46813303
490,MnTlCl3,4.30219685
491,K2MgH4,3.10042094
492,NaHO,2.48714895
493,K2O2,2.570847443
494,XeF3,2.819209227
495,Al2CdCl8,2.877949473
496,LuTlSe2,8.160692537000001
497,BeCl2,2.71114066
498,SNF,2.970613123
499,BaSe3,8.479365800000002
500,LiCrS2,10.06823858
501,Sr(PrSe2)2,8.784604437
502,Na2LiAlF6,1.93847029
503,Ho2TeO2,6.528754083
504,Ba2BrN,5.506925197
505,YbSe,5.93158404
506,NdHO2,3.80960626
507,CdBiO3,7.938290107
508,FeP4,20.15165852
509,Ag2HgI4,6.175642907
510,BaClF,2.921181807
511,Ag2HgSI2,6.2636979870000005
512,LiTaO3,5.07052147
513,TiFeSe,21.88306785
514,RbAuO2,3.63696194
515,NaZnP,9.581256363
516,W3(SeS2)2,7.595141842999999
517,BaZnO2,4.162609497
518,Na3AsO4,2.450088197
519,Mo3WS8,8.729480837
520,MgTeH2O9,2.680599127
521,BaLi2Mg(PO4)2,2.897718217
522,BaP3,10.01647751
523,Na6MnS4,4.142588333
524,Ca(InTe2)2,11.94084392
525,BP,8.91334149
526,LiZnPO4,2.6965162730000003
527,Li2PdO2,5.352401513
528,PbF4,3.148128003
529,Ca(BeAs)2,10.29010992
530,InI,8.90413445
531,Al5HO8,3.150788177
532,RbCdF3,2.39570824
533,CuBi(WO4)2,6.695762023
534,MgGeAs2,13.93526075
535,ZnI2,5.769424247000001
536,Nd3BWO9,4.42677143
537,Li2MnP2HO8,3.765001967
538,KH3F4,1.82119777
539,Li3As,7.259016967000001
540,ZnSiP2,10.52118495
541,LiCoP2O7,4.582875213
542,Ca3PN,8.78133776
543,Tl3SbS3,9.863970457
544,MoH2Cl2O3,3.77935465
545,RbBe2BO3F2,2.23567624
546,Al3BN4,4.73901587
547,Ca2Si,12.32182946
548,LiY3WO8,3.996483197
549,MgGeP2,10.21551691
550,DyBi2BrO4,5.873217972999999
551,GaTeCl,6.32876069
552,Ca(HO)2,2.648845367
553,NdZnAsO,10.32381005
554,RbErSe2,5.543252017
555,AgCNO,3.48315891
556,Na3VS3O,4.137731733
557,RbGeIO6,3.14149014
558,NaP,8.04230447
559,LiNd2HO3,5.235294413
560,CaZnSO,4.795289417
561,SrCaO2,3.75787388
562,KH4O2F,1.94611186
563,K4BeAs2,4.744430947
564,Na5SbO5,3.267104433
565,NaHS,3.32779091
566,LiPF6,1.95239105
567,K4ZnP2,4.800997073
568,Ba7(ClF)2,2.63949976
569,GaCuO2,5.672840997000001
570,MgTiSiO5,4.412605063
571,Sr2BrN,5.007126867
572,KCaCl3,2.56383199
573,RbCaCl3,2.646101377
574,TeW2Se3,9.336147167
575,SrO,4.40095018
576,Ca4Sb2S,9.43158601
577,ThSO,7.201393173
578,ThBrN,6.280834877
579,Ba2SbBr,10.74020683
580,Li2V(CO3)2,3.169669983
581,NaInSe2,7.744240607
582,Rb2S5,4.256295363
583,SmCuO2,4.763971277
584,GaCuS2,9.253084113
585,Sr2SnS4,5.35158155
586,PSe,6.996893342999999
587,Ge3N4,5.93421237
588,NbIO2,7.327702307000001
589,CdSbS2Br,8.617786287000001
590,K2Sr(P2O)2,2.458917277
591,K2Mg2Si2O7,2.90674106
592,TbTlTe2,10.062639
593,Rb2S,3.27118776
594,MnH4(ClO)2,3.03558564
595,Na2SnO2,4.273419213
596,BaLiF3,2.55940099
597,Ba2H6Ru,4.40039422
598,V2ZnO6,6.213515687
599,KH2N,2.70274223
600,Zn(GaTe2)2,11.35862687
601,MoBr3,6.751156483
602,Al2Te3,7.1376043000000005
603,Li2ZnGeO4,3.29864783
604,NdO2,4.313825527
605,TlNO2,4.230196243
606,H3NO,2.643965583
607,AlBN2,4.728832443
608,SrIF,3.555891337
609,P2Ru,19.95982894
610,Mo2SeS3,8.959047413
611,RbAu3Se2,6.798003417
612,ScTlO2,8.161453923
613,Tl2S5,7.1889773770000005
614,RbCaF3,2.13176186
615,RbH,2.75085931
616,BaF2,2.32626778
617,RbTeAu,6.578020687
618,KLiSe,4.02667703
619,NaTmS2,5.18589052
620,Li2CeP2,14.11031864
621,KPrS2,4.972010293
622,KLuS2,4.834128727
623,LiErSe2,6.814784873
624,Sr2CuBrO2,3.739503873
625,Cu2O,8.38315275
626,Na2HgO2,3.66914182
627,LiVF6,2.67197208
628,LiAlSiO4,2.398896267
629,NbCu3Te4,9.98862189
630,K3BiTe3,6.34553812
631,NaMgF3,1.958299817
632,Ba(CuS)2,10.050968199999998
633,BaSnF6,2.417745573
634,LiBr,2.80026446
635,InS,10.08873612
636,TeMo2Se3,10.36470606
637,CaAlSiH,13.72105964
638,Li5P(S2Cl)2,3.90097619
639,ZnSiN2,5.06021659
640,NdOF,3.519029557
641,TePbO3,5.458119103
642,Tb3CuSnS7,8.03113939
643,USeO5,4.56067814
644,K2PtCl4,2.864873493
645,Li2Te,4.89752095
646,HfCl4,3.317782357
647,KBr,2.91186501
648,NaCl,2.71337688
649,PI2,5.950234373
650,K5ThF9,2.119929343
651,BN,4.26136053
652,BaAgTeF,6.2601559270000005
653,YZr5O,6.162767883
654,AlPNCl5,2.732058827
655,Zn(IO3)2,4.50287718
656,AcOF,3.46363426
657,Be2NbRh,30.44105969
658,SnC2(SN)2,4.868674283
659,Te8MoW3,10.68923946
660,MgH2SO9,2.356389787
661,MoF4,3.601111083
662,Ge3Sb2O9,3.854412857
663,K2AgAs,7.110499657
664,LiYS2,6.02947598
665,K2O,3.17900026
666,HoSF,5.769866417
667,Sr(AsO3)2,3.548728333
668,CaThBr6,4.531948347
669,PrTlSe2,8.153919132999999
670,Ba3NbGa3(SiO2)2,3.6028392730000003
671,AuCN,6.00460363
672,NaScAs2O7,3.402905467
673,K2H4Pd,2.86957169
674,SnBrCl,6.181757687
675,Ca4Bi2O,10.80108781
676,AgAuCl4,5.4941084270000005
677,TbBi5O9,6.77158987
678,RbNdTe2,6.699054877000001
679,LiBeBO3,2.717881563
680,ThIN,6.111600599999999
681,K3SbSe3,4.56826709
682,Dy3Sb4Au3,28.17203368
683,Rb2PdCl4,2.766122483
684,CdF2,2.80995901
685,Rb2SeCl6,3.68059336
686,Cd(HO)2,3.515224223
687,CO,1.77667617
688,GeF4,1.96688269
689,BaS3,6.201314123
690,Er2SeO2,5.4840654870000005
691,Ga3BN4,5.86060018
692,BiSeI,10.65452409
693,RhF3,7.410350357
694,SmCuSeO,7.85171453
695,Pb2O3,7.848751847000001
696,AlB3N4,4.62434986
697,Li3PO4,2.525354553
698,BiI3,6.758988522999999
699,CdCl2,3.297995227
700,Ca2MgSi2O7,2.877116697
701,Sr4As2O,7.944118613
702,PrCl3,3.827747973
703,BCl3,2.599818807
704,DySI,5.01603584
705,ZnCN2,3.628536633
706,Ta3SBr7,6.67143034
707,LiMn3OF5,2.97025471
708,MgSiN2,4.39827241
709,BaC2,4.570009947
710,K4ZnAs2,5.2476527000000015
711,K6HgS4,3.90353403
712,Bi2TeSe2,24.26785996
713,BaMnF4,2.5194899530000003
714,P2Os,18.45643051
715,KNdTe2,6.86383802
716,Sc2O3,5.114703107
717,Ba(CdP)2,14.04032222
718,HfIN,6.82435448
719,SmClO,4.317189473
720,Al2Se3,6.089161187
721,Pr3CuSnS7,7.879796867
722,PbIF,5.895706873
723,CrAuO2,11.41907798
724,Ag6Mo2ClO7F3,5.048820743
725,RbPbIO6,3.62134003
726,As2Os,21.58773046
727,HoAgSe2,8.93078879
728,HgPb2(ClO)2,5.32062792
729,Zn2Bi2O5,6.330726447000001
730,PI3,5.941855072999999
731,Li5V(SiO4)2,3.108497597
732,Hg3(SeCl)2,6.11117279
733,SbI3(BrCl3)2,5.17877827
734,K3SbSe4,5.097256113
735,TiZnN2,7.917415517
736,CBrN,2.786237793
737,PtS2,17.81439994
738,Nd4S3NCl3,5.745720273
739,KNaO,3.133735147
740,Ni(AsO3)2,5.32665329
741,Ti3TeO8,4.07380266
742,NaV(OF)2,3.48843095
743,ZnGeP2,13.037626800000002
744,GaS,6.398640113
745,LiSiBO4,2.70880614
746,Sm5AgS8,8.696691373
747,NbRhO4,10.71411591
748,SrHCl,3.508652243
749,YH3(CO2)3,3.08630411
750,IrF3,6.31864849
751,TaAlO4,4.614195513
752,WBr4O,7.770011447000001
753,BaNa2O2,3.683332953
754,As2Se3,11.52409724
755,KLi2As,6.253481847000001
756,CeTh2O6,5.845825842999999
757,BaCO3,2.914029257
758,CrOF3,3.681870823
759,TmTlS2,7.171154643
760,KPrS2,4.97201015
761,B2AsP,9.42752654
762,RbSb,8.5438705
763,SrCeN2,9.344547057
764,Ca3TaGa3(SiO2)2,3.475941363
765,SeCl,4.517069847
766,NaH,3.2248601000000003
767,K2PtS2,5.423473763
768,Ga2HgSe4,9.9187946
769,SrHgO2,3.77747443
770,CuBiO2,7.226421427000001
771,YbGeO3,4.22754822
772,BaZnF4,2.481895883
773,NaHo2F7,2.19500897
774,NaCoO2,7.339247507
775,Na3VH6O7,2.758639263
776,RbH2N,2.762369533
777,AlP,8.088026017
778,BaBeSiO4,2.937623867
779,BaNa2(SiO3)2,2.717601953
780,PrSF,5.70025338
781,ScSbPt,20.86129724
782,Rb2ZnF4,2.2772681
783,MgCl2O,3.064211747
784,SrBeF4,2.1454032000000005
785,TbAgTe2,11.52241032
786,Mg2TiO4,4.081622
787,Ca(PrS2)2,7.63669607
788,CaTlF3,2.82661998
789,KBe2BO3F2,2.222332693
790,CaI2,3.824467077
791,CS2NF5,2.449473743
792,Mo(WSe3)2,8.585519643
793,YbS,5.25498056
794,Al2Si2H4O9,2.558770347
795,RbBF4,1.880345373
796,Hg3(TeCl)2,7.6141281
797,K2Se3,7.71231719
798,RbCl,2.67766012
799,CaSe,3.92326983
800,YOF,3.49867875
801,NaTmO2,3.656121757
802,KPrSiSe4,5.601578533
803,NaTbS2,5.28232755
804,HfZnN2,8.069891647
805,SrP,7.409666117
806,P2Pd,21.16972722
807,RbNdO2,3.78976452
808,KCuC2,3.854038237
809,BaSr2Mg(SiO4)2,3.28746569
810,Dy3CuSiSe7,9.113636923
811,KMgF3,2.0695004
812,NdTlTe2,10.04999903
813,VCu3Te4,11.56668325
814,LiCuF2,3.91332595
815,PaTlO3,5.84572095
816,FeTeCl7,4.117741617
817,Mg(AlC)2,7.90753629
818,SnHgF6,2.694487353
819,Al2PbO4,3.65061196
820,Sr2InI5,4.962932443
821,Ca2PI,6.004819917000001
822,Y(HO)3,3.317322973
823,TbCl2F,3.453370703
824,Ho2Be2SiO7,3.55326232
825,RbGeBr3,4.725685077
826,LiSbO3,4.53495678
827,PrGeBO5,3.634793443
828,BaBrCl,3.344721827
829,NaAlO2,2.596316507
830,NaYS2,5.180867117
831,Xe(OF)2,4.093288977
832,K4HgP2,5.059482773
833,ZnTeMoO6,4.904310263
834,Na3Ca3AlAs4,8.154129003
835,LiZnN,9.2265112
836,K2CuP,6.276429547
837,KNa2BN2,3.179639593
838,KPF6,1.937133113
839,InBr3,4.199947877
840,SmBi2BrO4,5.943997947000001
841,SrTa4O,5.219288227
842,KAgO2,4.048708453
843,LiTbSe2,6.950402053
844,Tb3GaO6,4.14427218
845,AcCl3,3.428695827
846,ScAgSe2,12.52273034
847,Rb2PtCl6,3.45282542
848,Pr3SiAgS7,7.355019007
849,Th(TeI)2,7.171654897000001
850,RbSrCl3,2.43963522
851,TlBrO3,3.94217972
852,Li4MnSb2WO2,6.17266268
853,NdB2H,2.04863859
854,Zn(InSe2)2,8.84383151
855,Li5CuSO2,3.886150747
856,NdCuO2,4.741498163
857,BaAl2(SiO4)2,2.58189558
858,GeBi2O5,5.391422273
859,LiMgBi,15.45168491
860,Li2VGa3O8,3.49503834
861,DyCuSe2,9.98877836
862,ZnSbAsO5,3.911071877
863,LiYF4,2.31522218
864,BaSi6N8O,4.186241567
865,AcBrO,4.348513393
866,Mg(CO2)2,2.86816289
867,Ho2CF2,6.922150253
868,PNO,3.196425683
869,Pr2Be2GeO7,3.827438417
870,NaRhO2,6.624395083
871,MgAs4,14.12311584
872,As(S8I)3,5.28091425
873,KCaBi,7.09374348
874,SrHI,4.281559737
875,LuSF,4.8726185630000005
876,LiNi(CO3)2,3.98638352
877,Te(HO2)2,3.816549287
878,Ca3AsCl3,4.5605769999999985
879,Mg(AlSe2)2,5.883210472999999
880,Al2HgSe4,7.44781976
881,AlICl6,3.55596481
882,NaSnN,8.131647653
883,Si4P4Ru,14.78059354
884,BeBr2,3.14863335
885,SbSBr,8.41110394
886,RbMgBO3,2.55407586
887,Li4WO5,4.16815608
888,Ba2HfS4,6.818488297000001
889,LiBF4,1.7349106630000002
890,YbBr2,3.32531603
891,YN,6.48088621
892,ScPS4,6.03060502
893,NdH3(CO2)3,3.044171607
894,Tl4SiS4,7.63879613
895,NdBr3,4.488976583
896,KBiO2,4.4816366
897,RbCuC2,3.65692092
898,KAuC2,4.09989218
899,SmIO,4.70855928
900,Rb2Hf2O5,3.817592603
901,ZrMnO3,5.38338981
902,NaS2,4.713694023
903,HgCN2,4.728964927
904,MoCl4O,4.469665997
905,LiB6C,7.245836363
906,TiF4,2.489472353
907,Mn(GaS2)2,6.464565357000001
908,NaSb(PS3)2,6.64707319
909,BC2N,5.57286705
910,Sm2CdS4,8.6469411
911,ZnS,5.98666143
912,KNbSe2,11.63356917
913,CaGeO3,4.53956438
914,ZrC,28.49636964
915,ZrS2,9.621695823
916,KBi2F7,2.999680373
917,BaAuO2,6.13895753
918,SbAsO3,4.696196617
919,CdSiP2,10.90090517
920,KHF2,1.91723798
921,Ba(MgAs)2,9.343512593
922,YAgSe2,9.756736003
923,Er2Be2GeO7,3.724513317
924,NaMnCrF6,2.58204944
925,LuTlTe2,9.937403407
926,Nd5AgSe8,10.43928333
927,NdIO,4.797484847
928,Zn2W3O8,7.99610706
929,SbSeI,11.17170613
930,RbBiO2,4.157808947
931,TmTlO2,6.5750283
932,Tm2O3,4.319584553
933,Na2PdS2,6.880578333
934,NaPH3NO3,2.49820372
935,Na2PdC2,6.95582713
936,NaCrS2,8.403605287000001
937,Ge2S3I2,4.83668416
938,Th2SeN2,8.011133687000001
939,Sr(Si3N4)2,4.540587067
940,KCN,2.33722304
941,H3ClO,2.577152397
942,KCl,2.62029833
943,K2LiBO3,2.573698437
944,CeZrO4,6.829005657000001
945,Li2CeAs2,15.35847075
946,Lu3AlO6,3.82576363
947,HfS2,8.57097316
948,SmSF,5.777281293
949,KAsSe2,5.8213407870000005
950,InI3,5.01150798
951,Ba2BiBr,8.97129642
952,NbCu3Se4,7.59545015
953,BeCN2,4.732275363
954,NaNO2,2.2660847530000003
955,SiAs2,12.633773800000002
956,NbOF3,2.763423167
957,TeOF2,3.511959533
958,Yb4Cl6O,3.3898787130000003
959,LiErS2,5.878659947
960,Li5GaO4,3.029516907
961,Li3SbS4,3.22045139
962,SrAl2O4,2.88495501
963,K2Te2Pt,7.210272783
964,TmTlTe2,9.973231613
965,K2S,3.151893
966,PrCuO2,4.72234869
967,Yb(ZnP)2,11.65003215
968,BaHBr,3.887139937
969,Lu2CCl2,7.157457137000001
970,HfBrN,5.656607417000001
971,Tl2O,13.10260743
972,FePH5CO4,3.993177843
973,Zn4(B2O)3,3.24543668
974,Li2BF5,1.88594437
975,CaTi2,2.334552287
976,MoO3,5.414534099999999
977,BaHgO2,3.62135301
978,Rb3NbO8,2.82995846
979,PbClF,3.896459437
980,CdPbF6,2.81202725
981,GaS,6.464935897
982,LiTeHO4,3.831145717
983,NiP2,23.19535352
984,AgBi(PSe3)2,10.72511295
985,InSe,8.198436847
986,RbCl,2.36673513
987,BaLiP,9.95066582
988,AlSiTe3,11.19042011
989,SrO,3.77703926
990,MgTlF3,3.09733372
991,Hg3(SF)2,5.79230521
992,SbSI,11.96283775
993,Li4CO4,2.654408773
994,NaBF4,1.783464973
995,YBi2ClO4,5.538380742999999
996,NaDySe2,6.127090742999999
997,Sb2S3,13.18901535
998,TbBi2BrO4,5.891394337
999,NaCN,2.230703127
1000,MgMnF6,2.732854887
1001,AlCuO2,5.369109837000001
1002,Y3CuSnS7,8.006059477
1003,HgSe,11.58683274
1004,TlHgF3,3.7572851
1005,Ba3Ti2O7,5.339729333
1006,Pr2PbS4,9.53239589
1007,CS2,3.447818547
1008,Sr2HN,5.54779068
1009,NdOF,3.6378615
1010,Na6BeO4,3.06547825
1011,SiS2,4.21460697
1012,RbH3O2,2.402546253
1013,P2Se5,8.56636245
1014,GaF3,2.359682447
1015,ScCl3,3.505301577
1016,Ba(NdSe2)2,8.86142799
1017,AlAgSe2,7.19316276
1018,Ga2PdI8,5.85410618
1019,Cd(HO)2,3.78965144
1020,SmOF,3.59971772
1021,BaTe,8.64169452
1022,V2Te2O7F2,7.0182810170000005
1023,MgMnF4,2.355816757
1024,SiH8,2.021429927
1025,GeH3Cl,2.89642663
1026,CaB4O7,3.137511007
1027,CaC2,3.98903485
1028,MgTa2O6,5.309295613
1029,RbLiSe,4.11810905
1030,P2S7,5.774895
1031,K4HgAs2,5.57307619
1032,AlAsO4,2.76021619
1033,Ba(InTe2)2,9.489363362999999
1034,BiAuO2,7.493210887
1035,K2PdCl4,2.862320127
1036,HgCl2,3.84434879
1037,Mg2SnO4,3.577449463
1038,AuI,7.025232103
1039,Hg(ClO3)2,3.093724093
1040,NbCoSn,26.00260799
1041,Mn(Sb2O)2,5.93879852
1042,NbFeSb,25.42971937
1043,ScBrO,4.830247873
1044,Li8MnO5F,3.374713103
1045,ThSbRh,21.36513045
1046,Li7SbO6,3.177694993
1047,Ca(ZnP)2,11.32945956
1048,Ga2HgTe4,13.87278348
1049,PCl3,3.06740395
1050,KHoO2,3.546397523
1051,HgI,9.29342515
1052,K2SmF5,2.19480869
1053,Zn(CN)2,2.23461885
1054,NaAgO2,6.016677737
1055,TbTlSe2,8.193844613
1056,DyClO,4.29532249
1057,VF5,2.45631484
1058,K2MnF6,2.417138813
1059,Ho3CuSnS7,8.05140582
1060,K2NaAlF6,1.98445593
1061,KYTe2,6.655112722999999
1062,PbO,6.71376636
1063,TbH3(CO2)3,3.08887759
1064,CuBS2,8.1136527
1065,Zn(GaSe2)2,8.12337347
1066,K2Se,3.35937968
1067,Na2MgSiO4,2.508801973
1068,CdBr2,4.209959253
1069,ZnSbF5,2.776353673
1070,YHSe,8.588023283
1071,SCl2O,3.064433863
1072,Te2Mo(WSe2)2,9.292707443
1073,Rb2NiO2,3.148958697
1074,NaPrS2,5.757198592999999
1075,CaS,5.02399202
1076,DyTlO2,6.415188807000001
1077,RbYS2,4.846096653
1078,P4S3,5.0331068430000006
1079,TmBi2ClO4,5.505870647
1080,BaTm2F8,2.528353677
1081,Na2ZnGeO4,3.079233467
1082,BaBrF,3.209423247
1083,S5N6,3.918355147
1084,LiTlPHO3,3.439365223
1085,NbCu3S4,6.52945245
1086,Ca2AlBiO5,4.513223483
1087,Be4TeO7,3.37528938
1088,ZrSiPt,16.83674774
1089,Ba2NCl,5.212028977
1090,HOF,2.2792868
1091,MgS,4.03510579
1092,Zn2GeS4,6.12640419
1093,NaHS,3.313440907
1094,HgB4O7,4.433059783
1095,TiCoSb,20.84330728
1096,Zn(HO)2,3.328746767
1097,Rb2LiAsO4,2.6936286330000003
1098,TlInS2,9.78180656
1099,RbLiCrO4,2.83532931
1100,MnTlF3,3.402408307
1101,ZrPdF6,2.920391037
1102,SrAuO2,6.33041057
1103,Rb3BiSe3,4.627596499999999
1104,KAlSiO4,2.44227007
1105,Cd3AsI3,6.6003350670000005
1106,Li2VBO4,4.28408832
1107,CdSO4,3.11288793
1108,CoSnC4Cl3O4,3.054812123
1109,SiBi2O5,4.935596803
1110,Al2ZnTe4,8.458571153
1111,CdBiS2Br,8.727483027
1112,ErTlS2,7.162908707000001
1113,RbAs,7.857416803
1114,LiYbAlF6,2.075002857
1115,Mo2H2O7,4.79667191
1116,Pd(Se3Br)2,9.647257397
1117,Li2GeF6,2.11819645
1118,Tl3PO4,4.547706333
1119,Yb(PrS2)2,7.71040122
1120,SrTiN2,8.789664193
1121,KYGeS4,4.949229897
1122,LiV(PO4)2,5.810572337000001
1123,YCuO2,4.754037753
1124,AuBrF6,2.99936634
1125,Na2ZnSiO4,2.755538067
1126,VCuO3,7.978062713
1127,Mo3W(SeS3)2,8.772429947000001
1128,LiCdBO3,3.34334062
1129,KPrTe2,6.838559787
1130,H4IN,2.999936227
1131,H4CN5Cl,2.797678333
1132,LuAgO2,4.977906687
1133,SnPSe3,11.33011274
1134,CaMgNiH4,7.30788765
1135,YbTe,6.83769841
1136,TbTlS2,7.1714311870000005
1137,TiTl2F6,3.221603343
1138,B2O3,2.978555703
1139,K3ClO,2.86731134
1140,Y2Be2GeO7,3.73558439
1141,RbInTe2,7.518719827000001
1142,Hf2SN2,8.601419647
1143,GaI3,4.804545227
1144,ZnPtF6,3.308754083
1145,MgSiO3,3.345037337
1146,NaLiS,3.864733273
1147,Rb2PbO3,3.81333074
1148,TmBi2BrO4,5.83522895
1149,Li3N,5.261724337
1150,NbI5,11.28309466
1151,BSb,11.50991212
1152,Lu2(CN2)3,3.803336103
1153,HgN3,5.075537477
1154,Ca(HoSe2)2,6.66935463
1155,KAlF4,1.94697786
1156,Ga2Te5,16.41229587
1157,K4CO4,2.800924
1158,HfNCl,5.14147907
1159,Li3NbO4,3.98825135
1160,GaTeI7,6.100781662999999
1161,Rb2HfF6,2.193356543
1162,KNa(BH4)2,2.31861607
1163,BaHI,4.465001977
1164,UF5,2.5980872930000003
1165,SmOF,3.485482367
1166,Yb4Sb2O,12.57996875
1167,ErTlSe2,8.165959027000001
1168,Na4SnS4,4.211244687
1169,Ca3CdO4,4.18935152
1170,K2ZnF4,2.1620679330000003
1171,ScAuO2,7.127606087
1172,Mg2H2O3,2.789277807
1173,Rb2BeF4,2.0502890330000003
1174,CdHClO,3.629137063
1175,IrI3,7.980620253
1176,LiGaS2,4.949683227
1177,ThSeO,8.23959974
1178,K2HgO2,3.144211247
1179,Ga2PbO4,4.1550099330000005
1180,K2PbO3,3.82379913
1181,AsCl3,3.34663626
1182,TbF3,2.688373803
1183,PbIBr,7.08978453
1184,Si3H,8.865613967
1185,KTmO2,3.51460878
1186,Li2MnPO4F,2.87344886
1187,Nb3Sb2Te5,23.92922043
1188,H(CO)2,3.221476483
1189,Rb2O2,2.721011487
1190,CuB(CN)4,3.16585326
1191,Ca3AsBr3,5.11587882
1192,Hg2P2S7,6.968589153
1193,HfZrO4,4.820879937
1194,Er2TeO2,6.53613755
1195,Mg(ReO4)2,2.829724127
1196,TaBe2Rh,26.72690859
1197,Sm2SO2,5.177842583
1198,B2S2O9,2.64838716
1199,CdS,6.225405652999999
1200,Na4CrO3,5.316702783
1201,Cu2WS4,6.05600327
1202,Ag3P,11.7318568
1203,LiTmO2,3.774766953
1204,RhBr3,7.116499042999999
1205,Rb2Se,3.42771859
1206,Ga2TeSe2,7.383686363
1207,TiZnF6,2.75757773
1208,LiGaSe2,5.94960906
1209,YbSe,4.51862745
1210,BiI,10.49325428
1211,SnC,14.936967999999998
1212,K4Au6S5,5.176654857
1213,RbCaCO3F,2.4190197
1214,TbCl3,3.793060943
1215,SmH3(CO2)3,3.06615325
1216,B2S3,6.2422107
1217,Mg(BeAs)2,10.64994668
1218,K4I2O,3.086305523
1219,Na6MnTe4,5.208869757
1220,RbSmTe2,6.714962132999999
1221,TlN3,4.618233773
1222,HgHOF,3.739341257
1223,Bi2Se3,19.07830371
1224,Mg2PN3,4.17638794
1225,SrHBr,3.88167207
1226,TbBi2ClO4,5.560074527
1227,W3(Se2S)2,7.968900397
1228,Zn2Sb2O5,5.285142583
1229,LiZnPS4,4.92872884
1230,MnTeMoO6,5.739078172999999
1231,NaSbS2,8.71401248
1232,Rb2ZrCl6,3.07677798
1233,LiSbTe2WO2,5.523881307000001
1234,Zr(MoO4)2,4.032452333
1235,KSbS2,5.93772488
1236,AgH,9.64968888
1237,CrBiO3,8.91848083
1238,HgPbF6,3.29222808
1239,MgI2,4.281446023
1240,Rb2Te,3.53506554
1241,AlF3,1.985452343
1242,ZnC2S2(OF)6,2.303534987
1243,MgGeN2,5.0242981
1244,YCl3,2.99068208
1245,BaAl2O4,2.978305113
1246,Nd2SO2,5.204087823
1247,BH6CN3F4,2.159206467
1248,Rb2GeF6,2.03472323
1249,Sm2PbS4,9.61101305
1250,NaNbS2,11.08822398
1251,TmBrO,3.551573137
1252,Ti3MnO8,7.202374477
1253,YbI2,3.882344967
1254,TmAg(PSe3)2,8.09603361
1255,Zn3CdS4,6.12953564
1256,NaAuO2,4.81572001
1257,LiInTe2,7.535370303
1258,MgO,3.13646554
1259,LuSBr,4.666972593000001
1260,K2Se5,8.744314117
1261,HgSeO4,4.666280947
1262,Ca2SnN2,9.463435132999999
1263,HS7N,4.38954115
1264,BaSr3O4,3.87112444
1265,AgNO2,4.277917923
1266,SrGaSiH,14.89345564
1267,Sr(MgAs)2,8.698236797
1268,TiSnO4,5.458058362999999
1269,ZnPdF6,3.97006505
1270,Pr3AgGeS7,7.707240763
1271,HfBrN,5.381573713
1272,Zn4B6SeO2,3.49370091
1273,BiSeCl,8.978106017
1274,SnS2,6.495116167000001
1275,LiYSe2,7.04018814
1276,VCu3S4,7.35364508
1277,Sr(BiO2)2,5.113583247
1278,K3AsSe3,4.23308677
1279,NaSrP,7.795955243
1280,Zn3(PS4)2,5.72190235
1281,LiZnP,10.29500982
1282,BNCl2,3.029971837
1283,SrAlSiH,12.81572615
1284,RbAcTe2,9.46944513
1285,NaLi3(H2N)4,2.6074954530000003
1286,SrC2,3.564572747
1287,WOF4,2.790979147
1288,Ca4P2O,7.37822877
1289,LiAlSe2,4.994684613
1290,Na2Se,3.88955967
1291,Nb3TeCl7,6.474632087000001
1292,InGaS3,6.833830122999999
1293,DyCl3,3.778714093
1294,KGeNO,3.605916123
1295,TiZnSiO5,4.210329467
1296,NdZnPO,8.781454207000001
1297,KUO3,4.85360008
1298,InPbCl3,3.98093476
1299,YTlTe2,9.870708853
1300,IO2F,4.4740572830000005
1301,Tb2YbS4,7.691085233
1302,Pr2SeO2,5.586058413
1303,FeN3ClO3,3.306977987
1304,RbI,3.27285892
1305,Rb2Pd3S4,6.740087963
1306,NdBi2BrO4,5.989099603
1307,RbDyS2,4.91514655
1308,MgSnP2,9.651641247
1309,SiSe2,5.354135857
1310,Zn(SbO3)2,5.061490377
1311,ErBi2IO4,6.528434937
1312,DyTlTe2,10.03350379
1313,BaHCl,3.557234973
1314,KNbS2,10.60841878
1315,Bi(BO2)3,3.601565093
1316,HoTlSe2,8.17175698
1317,RbLiS,3.8032374
1318,AlSbO4,4.055913353
1319,LiNbS2,12.14590994
1320,Na2GeO3,2.72928249
1321,P2Pd3S8,7.00999758
1322,TeWSe,7.963766872999999
1323,LiCaAlF6,2.037092537
1324,BH3OF4,1.91483972
1325,ErZnAsO,10.52470867
1326,RbHoO2,3.667531327
1327,YbB4O7,3.1646635
1328,SnB4O7,3.908768427
1329,Ba2SbAu,19.31389528
1330,Ge2N2O,4.5131675000000016
1331,Pr2AlNO3,5.988725982999999
1332,FePb2(CN)6,4.148659753
1333,Rb2O,3.57169857
1334,NaScS2,6.101168907000001
1335,KPH2SO3,2.756428133
1336,BaLiAs,10.60085664
1337,LiAgC2,4.477108673
1338,MoW2(SeS2)2,11.6326235
1339,KNdGeS4,4.97256986
1340,BaZnSO,5.1538884000000005
1341,LiVPO4,3.92619556
1342,NaGaO2,3.103227297
1343,KSrCO3F,2.32458429
1344,Mg2ZnAs2,10.36430517
1345,NaInS2,6.006897763
1346,GeSe2,8.564539457
1347,BaHfO3,4.56667104
1348,BaAlSiH,14.048609
1349,BaSe,5.40365908
1350,SbTeI,12.36913846
1351,Li3BePCO7,2.529259633
1352,ZrZnN2,8.71895127
1353,Li2Si3NiO8,2.953543767
1354,P4S5,5.44319607
1355,BaMgO2,3.599355367
1356,Li2GePbS4,7.49566594
1357,Sr7(HCl)2,3.794682527
1358,As2PbO6,4.544894867
1359,VO2F,3.868246753
1360,NbBr2O,6.100122193
1361,SrSiO3,3.89045814
1362,KErTe2,6.786003157000001
1363,RbHF2,1.975493923
1364,Cd(GaTe2)2,10.84544633
1365,BaI2,4.415781067
1366,Rb2SnO3,3.2438648530000003
1367,TiGeO3,6.05793818
1368,NaSrAs,8.766824027
1369,LiDySe2,6.890736717
1370,CS2NClO2,3.231822507
1371,AgI,7.59374071
1372,BaGa4S7,5.950987562999999
1373,Ca2AsI,6.34893784
1374,Ag3AsS3,8.6561179
1375,KAgC2,3.43573994
1376,FeSeCl7,4.361407667
1377,K2S5,4.579643607
1378,W2Se3S,8.67273329
1379,KSmS2,4.973099827
1380,CuSe2Cl,8.855096393
1381,As2SO6,3.499288613
1382,TlI3,7.195646983
1383,RbErO2,3.653221147
1384,BiIO,7.738503977000001
1385,Tl3VO4,5.509069313
1386,SmTlSe2,8.209223067
1387,Li2CrO4,3.072542063
1388,RbPbCl3,3.59957661
1389,Ga2TeS2,6.70343747
1390,NaDyS2,5.25303241
1391,K2Cu(ClF)2,3.802163987
1392,Al2Si2H4O9,2.558976697
1393,MgBr2,3.426303377
1394,KNaThF6,2.280223807
1395,Cd(InTe2)2,11.24894489
1396,SnICl,6.6793079
1397,Tl2Sn2S3,11.5155719
1398,K2NiO2,3.16333483
1399,BaBe2Si2O7,3.01152881
1400,KNdO2,3.698607587
1401,Sc2CCl2,7.974531722999999
1402,YCuO2,4.753989677
1403,Br2O,7.891385727
1404,KCrS2,7.67564055
1405,CoCuO2,14.09890864
1406,RbMgF3,2.18953957
1407,InBr,7.267744597
1408,MgAgF3,2.750155803
1409,InClO,3.770805017
1410,NaCdF3,2.298310017
1411,NdBrO2,4.530283537
1412,BaCaI4,4.121585883
1413,CuCN,3.864015753
1414,DyTlSe2,8.181083427
1415,Ba2CuBrO2,3.755054903
1416,Pr2PbSe4,11.4514996
1417,YbMgNiH4,7.39078959
1418,RbAlF4,2.0448979
1419,Li4TiS4,4.24185152
1420,MoSe2,7.597641723
1421,NdTlSe2,8.183766807000001
1422,BaB2F8,2.0506661630000003
1423,LiYF4,2.33502821
1424,AcBr3,4.010823923
1425,Au2O3,9.33395546
1426,Au7I,15.47714679
1427,BaLiH3,4.77165436
1428,GaBr3,3.594551267
1429,Na2SiO3,2.418392007
1430,BaCl2,2.91486447
1431,AgClO3,3.44698173
1432,H2O2,2.53851103
1433,Zn(InSe2)2,8.681952707
1434,K2SiF6,1.9223812
1435,KTbS2,4.940705597
1436,Sr2H6Ru,4.27056302
1437,KH8N3,2.58748808
1438,BCl(OF2)2,2.46935038
1439,HfTeSe4,16.22182312
1440,CaH2(BrO3)2,2.68116367
1441,CaH2(ClO3)2,2.522141367
1442,Rb2Zr2O5,4.053294413
1443,NaTlO2,5.452763093
1444,CaH2,5.171693143
1445,SrBe3O4,3.113931903
1446,ZnCoF4,3.049865193
1447,Er2SO2,5.055241647
1448,HgSO4,3.915941573
1449,NaCaAs,6.45697817
1450,ZnO,5.36638841
1451,SrB4O7,3.134615407
1452,Li2TiTeO6,4.64169213
1453,Rb2H6Pt,2.75327122
1454,ZnPS3,6.733708162999999
1455,Ag3SI,9.146209167
1456,PdBr2,6.98212031
1457,Hf(B2H3)2,2.66377168
1458,BiClO,6.05758263
1459,RbSrCO3F,2.39120777
1460,AlCuO2,5.369931003
1461,LiGaO2,3.70137593
1462,Tb3BWO9,4.413872403
1463,KBrO3,3.038847987
1464,BeSiAs2,10.84576131
1465,DyZnPO,8.523589422999999
1466,NaF,1.85064882
1467,Cd(GaSe2)2,7.962680257000001
1468,TeRhCl,11.77278309
1469,K2NiF6,2.45833877
1470,NaPrSe2,6.27296609
1471,SbIrS,16.84801963
1472,RhCl3,5.656723567
1473,TiCdF6,2.69228733
1474,LiAuF6,3.118271533
1475,IOF3,3.1359149
1476,CdPS3,6.191430487000001
1477,Cd(InSe2)2,8.12645541
1478,Li2TeO4,3.46220047
1479,Hg(BiS2)2,11.433943800000002
1480,Li3VO4,3.22439243
1481,BaTe,6.10212088
1482,BaAl4S7,4.990377827
1483,Ca2BrN,4.9581747730000005
1484,Y2Be2SiO7,3.55488679
1485,RbSmS2,4.943788113
1486,Sr2CdAs2,11.64520938
1487,LiAsF6,2.11078846
1488,BiSeBr,9.090722903
1489,KNiIO6,5.146532903
1490,RbV(CuS2)2,6.001818347
1491,KErS2,4.86845863
1492,LiH,4.29945379
1493,Li2CdGeO4,3.561255937
1494,NaLuS2,5.14125962
1495,Nd5AgS8,8.666515723
1496,KLiTe,4.472419907
1497,HgF,4.854067637
1498,Pd(SeCl3)2,4.80095655
1499,SnF2,3.50696811
1500,BaBeF4,2.246174217
1501,H6CNF,2.04976383
1502,Zn4P6N2O,4.37087307
1503,BaSi4O9,2.859174117
1504,Rb2PtS2,5.35222177
1505,BAsO4,3.343441183
1506,LiMnO2,5.111348523
1507,KCaSiHO4,2.78720269
1508,AgHgAsS3,9.818119063
1509,Ta(TeBr3)2,6.8156331
1510,BPS4,4.6838637
1511,K3BrO,3.10682847
1512,YBi2IO4,6.554243467
1513,K4CdP2,5.04438466
1514,Sm3CuSiS7,7.496793027000001
1515,GaP,10.64407226
1516,Er2O3,4.34724015
1517,MgPSe3,6.96864971
1518,TcS2,14.44022451
1519,Tl2SnF6,2.957935273
1520,PbCN2,6.099862577000001
1521,Ca3AsN,9.63664669
1522,Ge2N2O,4.226786983
1523,Li2NiPO4F,3.300119227
1524,K3IO,3.28260872
1525,KSmTe2,6.866996007000001
1526,SrBrF,3.206313003
1527,NaGe2N3,5.154575117
1528,KPrO2,3.719126447
1529,CaO,3.3231168230000003
1530,Ca2SiB2O7,3.11776237
1531,K2ReF6,2.344018203
1532,SiPbO3,5.78340971
1533,KInO2,3.90375063
1534,NaPN2,3.964878403
1535,Be2C,6.86635883
1536,Mg(BeN)2,4.585149967
1537,AgB(CN)4,2.5518402
1538,BrO2F,3.0017532000000005
1539,MgGeO3,3.995721947
1540,Cd(CN)2,2.326059097
1541,Li8TiMn3O2,6.59147882
1542,Dy5AgS8,8.622149452999999
1543,Mg(BeP)2,9.444260893
1544,IrBr3,6.20772133
1545,Sn(WO4)2,4.0200753030000005
1546,Cd2BiAsO6,4.707563527
1547,K2ErF5,2.1644012000000004
1548,CaZnSe2,5.60842846
1549,ScCoTe,18.35168512
1550,Mo3(Se2S)2,12.89299265
1551,AsI3,8.301542012999999
1552,Sr2SbAu,19.1489292
1553,KHoBeF6,2.186372127
1554,Tb3CuSiS7,7.55343638
1555,Dy2PbS4,9.56141918
1556,Na6ZnSe4,4.5273897000000005
1557,Li3CuF4,2.31760071
1558,Ba3Bi2F2,2.72363053
1559,Ho2SeO2,5.497449507000001
1560,HfFeCl6,4.29753243
1561,Pt(SCl3)2,4.735660467
1562,KGeBr3,5.768509
1563,BaO2,3.476200733
1564,KF,2.163854
1565,Ca(SbO3)2,4.74317135
1566,NaCrSe2,10.36962378
1567,KC2IN2,2.72744261
1568,Mg(InTe2)2,10.27739739
1569,KYS2,4.852979723
1570,Mg(HO)2,2.56698119
1571,GaAgS2,7.58032749
1572,Ca(NdTe2)2,11.77553224
1573,RbMnF3,2.48867316
1574,CClF3,2.055697867
1575,KZnF3,2.34186428
1576,CdSnF6,2.378128797
1577,Li3Sb,9.72421765
1578,Mg3NF3,2.76483264
1579,HoSI,5.00136485
1580,PtI2,11.29959723
1581,MoW3Se8,8.867031837
1582,KNdS2,4.979240507
1583,H8(NO2)3,2.711972627
1584,PrHSe,8.187665252999999
1585,TlCl,4.46801013
1586,NaSbO2,4.58474806
1587,NaNbSe2,12.35560627
1588,LiYMo3O8,6.504497337
1589,S2N,4.54918754
1590,LiHF2,1.919418223
1591,Tl2ZnI4,5.290836497
1592,AlF3,1.83202768
1593,AlTeI7,5.778937383
1594,BiSI,9.825160007000001
1595,Na2AgAs,11.61621014
1596,SmAgO2,4.827462857
1597,IBr,7.56956949
1598,LiSbO2,4.19864844
1599,Ca(MgBi)2,14.41278613
1600,GeS2,6.277847932999999
1601,ErTlTe2,9.984545207
1602,KrF2,3.01490943
1603,Ba(MgSb)2,10.44305828
1604,BiBrO,6.606239947000001
1605,UN2,22.18535933
1606,DyAgTe2,11.49581278
1607,YI3,4.491257577
1608,NdClO,4.313286117
1609,Ba2AsAu,19.78809115
1610,LiMn(CO3)2,3.283653423
1611,AlSCl7,3.443866157
1612,Y2TeO2,8.25606833
1613,K2MnF4,2.201016797
1614,NaH,2.98690747
1615,YBrO,3.938211977
1616,Rb4SnO3,3.68433838
1617,BaO,4.24817902
1618,SmTlTe2,10.07328567
1619,TiSiPd,22.20249236
1620,Sr4P2O,7.301497672999999
1621,NbBiO4,5.5970256670000005
1622,Pr4S3NCl3,5.728905543
1623,HoClO,4.287009943
1624,BiSBr,8.449493247000001
1625,RbTmS2,4.89461522
1626,CaZrSi2O7,3.3376720630000003
1627,SO3,2.5426836230000003
1628,ZrCoBi,21.11037397
1629,NaAlO2,2.911085973
1630,GaCl3,2.843904927
1631,Dy3CuSiS7,7.555508933
1632,S(IO3)2,5.256138453
1633,MgMoN2,11.72027316
1634,SrAl2B2O7,2.45536611
1635,Sr2IN,5.540392099999999
1636,Sr(ZnP)2,11.3034725
1637,LiErO2,3.730874697
1638,K2AgAs,7.109434837
1639,ZrBrN,5.741355727
1640,Rb2ZrF6,2.226765893
1641,Ca2SiO4,3.69385076
1642,CdBiClO2,4.78369359
1643,ZrS3,7.646433437000001
1644,Y2SeO2,6.479857423
1645,Sr2H3I,4.46510014
1646,Ag2HgI4,6.14112845
1647,PbCl4,4.044798193
1648,K6CdTe4,4.387190107
1649,AlSbI6,4.99312872
1650,KPrGeSe4,6.112234902999999
1651,Li4MnSi2O7,3.01773008
1652,Na2BeF4,1.77287126
1653,BaSiCl,4.33204617
1654,NaErSe2,6.07302446
1655,Sm2PbSe4,11.57302119
1656,TlBr,5.21533419
1657,BaZnCl2,5.58675402
1658,SrH2,4.56425501
1659,YBi2BrO4,5.867065622999999
1660,Mo3WSe8,9.364254413
1661,TiBrN,10.03219467
1662,Ba(H2O3)2,2.75614411
1663,Na3MoNO3,2.827460893
1664,HgBr2,5.673660472999999
1665,PtO2,8.551912703
1666,PrBr3,4.58620562
1667,SrCa(CO3)2,2.805508693
1668,TiSnPt,21.53474344
1669,TmTlSe2,8.167254273
1670,BiI3,6.73649144
1671,NaBr,2.8687759
1672,UCO5,3.588126193
1673,LiCrO2,5.211942307
1674,TaCu3Se4,7.12098474
1675,Bi3BrO4,6.623109697
1676,NaSmS2,5.356038253
1677,BeS,5.19121211
1678,As2Ru,23.92212224
1679,KI,3.30993035
1680,KAuSe2,8.660291127
1681,BaNaH3Pd,5.947915213
1682,NaDyO2,3.730626137
1683,ZnNiF6,5.07668691
1684,LiNbO3,5.5609318
1685,KTlO,5.030123227
1686,PdF4,5.383584127000001
1687,AgCl,5.04888021
1688,LiCrP2O7,3.569882723
1689,CoHgC4(SeN)4,6.040606307000001
1690,KBi(PS3)2,6.487534227
1691,Na2ThF6,2.351729007
1692,RbBaSiHO4,2.841619703
1693,ScCuS2,10.49454237
1694,Li2H2SeO5,2.37130798
1695,K3Ta3(BO)2,4.179402813
1696,MnH4(BrO)2,3.447319193
1697,LiTa2CuO6,6.85715908
1698,Al5CuS8,6.66182176
1699,Zn(GaS2)2,6.157897802999999
1700,Ga2S3,6.202506037000001
1701,ZnGeN2,6.119548413
1702,CdI2,5.408658653
1703,KCl,2.35583719
1704,SmTaO4,4.940051673
1705,KErO2,3.5277955430000003
1706,Li2NbOF5,2.65337172
1707,CaSnF4,2.98775465
1708,P4PtF2,2.39774632
1709,SNCl,3.889845987
1710,Zr3GeO8,5.15796778
1711,LiC,3.293063337
1712,K2PAu,6.870959567000001
1713,LiSb3P2,3.998343933
1714,KBaSiHO4,2.784301733
1715,Mg3(HO2)2,2.89365103
1716,NdBi2ClO4,5.6542017
1717,Na4S2O5,2.77726548
1718,Na2CN2,2.720554893
1719,RbTlO2,5.356253227
1720,LiHF2,1.98587806
1721,LiLuO2,3.715296893
1722,Ba2BiAu,18.87882148
1723,Li6FeO5F,4.84314054
1724,Ca4Al6O3,3.03150623
1725,UCdO4,7.28560864
1726,KTeHOF4,2.3979065
1727,WSe2,12.58896719
1728,SrCuSeF,5.853556263
1729,Sm3SiAgS7,7.512674873
1730,NaMgSb,9.20924587
1731,Yb(NdS2)2,7.733206373
1732,Nd2Be2SiO7,3.647775143
1733,Ga3PO7,3.412427363
1734,ErSF,5.762585667000001
1735,Rb2LiVO4,2.90386539
1736,LuIO,4.81305595
1737,ClO3,4.3870883
1738,AlH3,4.27780273
1739,NaInO2,3.893509483
1740,HgS,8.12120265
1741,BaCrF5,2.7091411130000003
1742,NaNiIO6,5.785192057000001
1743,RbI3,4.967206153
1744,Zn(InTe2)2,11.47832672
1745,Li2ZrTeO6,4.33514596
1746,SmZrF7,2.31617889
1747,LiAuO2,5.52531152
1748,SbAsO5,3.524361557
1749,Al4C3,7.873814527
1750,LiScMo3O8,6.986187977
1751,GeI2,6.550313083
1752,AcTlTe2,16.598976399999998
1753,AgCl,5.85008036
1754,CdPtF6,3.10264598
1755,Rb3NaBe2F8,2.003803817
1756,TiMn3O8,8.49797332
1757,LiMgH3,3.772409637
1758,LiCuSi2O5,3.01374684
1759,LuTlS2,7.173796173
1760,K2Pb2O3,5.25185107
1761,Ca2Ge,12.4232969
1762,Yb4As2O,9.056527267
1763,Sm3CuGeS7,7.88045438
1764,GaCuO2,5.69306152
1765,LiInP2O7,2.736691577
1766,RbYbF3,2.1910545
1767,NaHF2,1.7727474769999998
1768,BiSbO3,6.417019592999999
1769,CdTeMoO6,4.83016315
1770,VCu3Se4,8.55526289
1771,K2GeF6,2.101166497
1772,NaBrO3,2.87703021
1773,Y2SO2,5.050410983
1774,KClO3,2.5088111630000003
1775,CaPtF6,2.59102315
1776,SrClF,2.884824347
1777,Tl3AsS3,9.647272867
1778,TiNCl,9.298229393
1779,Cd(GaS2)2,6.150899707000001
1780,SrS2,5.378295377000001
1781,Li2CrP2O7,3.028956543
1782,HoTlS2,7.16189211
1783,GaSeBr7,4.8316410030000005
1784,HgNO2,4.390680400000001
1785,FeCl2,7.728668602999999
1786,NaLuO2,3.606237903
1787,ReNCl4,6.512274537000001
1788,MnAlF5,2.192762473
1789,CSO,2.604335357
1790,KCN,2.089491307
1791,K2PdF4,2.37301976
1792,TiSiPt,19.00568081
1793,PdI2,16.69361862
1794,Zr(MoO4)2,4.648045243
1795,Yb(YS2)2,7.608601617000001
1796,HoF3,2.665370897
1797,Li2CeN2,8.80331454
1798,PbI2,6.13818452
1799,SiS,2.50522101
1800,Pr2TeO2,6.85478232
1801,KF,1.98901988
1802,Al(IO3)3,4.302841623
1803,Ho2SO2,5.07407533
1804,Li2PNO2,2.966323253
1805,XeO3,6.80433019
1806,PrIO,4.78793162
1807,H5CNO2,2.278615293
1808,RbAuC2,3.902457937
1809,KAcTe2,8.95721578
1810,RbPbBr3,4.370080277
1811,NdTlS2,7.16258321
1812,NiPbF6,5.011605987
1813,TmClO,3.258896343
1814,BeI2,3.87075697
1815,AlAgO2,4.2177439130000005
1816,Zn(SnO2)4,4.80550218
1817,Bi2PbSe4,19.83298506
1818,KHO,2.478986223
1819,KYO2,3.528549107
1820,Mg3Si2H4O9,2.542829577
1821,Dy2Be2GeO7,3.749427177
1822,RbAgO2,3.903326153
1823,Ba2YF7,2.595615813
1824,Na3ScF6,2.03850003
1825,Ga2PdBr8,4.311153757
1826,Rb2HgO2,3.136458767
1827,AlN,5.03303461
1828,H2C5N2O,2.467782017
1829,LiV3O8,6.0245753870000005
1830,K2CuSb,7.050105297000001
1831,LiScS2,6.949611857000001
1832,Cu2SO4,3.789849417
1833,LiNbSe2,13.48855485
1834,Mg5(HO3)2,2.968828917
1835,HoTlO2,6.450967263
1836,NaLi2Sb,8.80196638
1837,Rb2S3,3.965364437
1838,KSmSe2,5.66191374
1839,NdCuTeO,8.744509687
1840,HgBr2,4.50811504
1841,RbErS2,4.898307807
1842,PAuS4,6.26032552
1843,SeOF2,2.81900713
1844,K4Br2O,2.8004411730000003
1845,Ta(ICl)2,5.776774727
1846,LiI,4.158700867
1847,Li3BrO,3.55248198
1848,TbSF,5.79161638
1849,AgBrO4,4.940036597
1850,ScIO,5.172717117
1851,LiAlO2,3.0342658
1852,Li2AlVO4,3.779904353
1853,Th2HN3,7.92746936
1854,HfS3,7.423804802999999
1855,Al3GaN4,4.81194984
1856,Sm3BWO9,4.4248518830000005
1857,ZrSiPd,19.45671971
1858,RbPrSe2,5.56577135
1859,Pr5AgSe8,10.36781421
1860,KLiZnS2,4.47382318
1861,Pd(Se3Cl)2,8.38055591
1862,Sr(AlCl4)2,2.7144507730000003
1863,Dy2TeO2,7.087726053
1864,HoBi2IO4,6.544105427000001
1865,S3(NCl)2,5.277613863
1866,NbCl4,4.623029507
1867,Ca(MgSb)2,10.39734617
1868,SnH8(CI)4,3.5408873030000003
1869,ErTlO2,6.505104187000001
1870,K2Mg2O3,2.94975793
1871,SmBi2IO4,6.645159793
1872,Cd(CN)2,2.07970434
1873,CdCu2SiS4,7.51642308
1874,NaTbSe2,6.15879489
1875,Sr3TaGa3(SiO2)2,3.41802662
1876,MgSe,6.47310118
1877,Nd2TeO2,6.905394087
1878,BaHfN2,7.290940543
1879,BeSnAs2,14.85713903
1880,NbTlBr4O,5.849507292999999
1881,AlAgTe2,9.100043277000001
1882,YbC2,4.19591236
1883,KSmF4,2.38794867
1884,Ca(PrTe2)2,11.7160533
1885,Ca4Mg3H4,4.198819847
1886,SiF4,1.75391696
1887,RbCaSb,6.14691225
1888,KMgH3,3.4322184
1889,Li7SbO6,3.161759267
1890,TlS,9.481368312999999
1891,MgSiAs2,10.2995306
1892,Tm2SeO2,6.21655253
1893,B4PbO7,3.850128353
1894,ZnCdSe2,9.04818681
1895,TeO2,5.59072709
1896,Ba(BS2)2,4.931210663
1897,RbLuS2,4.846193967
1898,MgSiP2,8.630991607
1899,Nd3SiAgS7,7.424960242999999
1900,RbAlF4,2.073665763
1901,KH,2.68870995
1902,TlGeF3,3.321178053
1903,Ca2H3Br,4.694254917
1904,MgPdF6,3.09055374
1905,AsF3,2.49992004
1906,BiTeI,12.0844532
1907,TlCd(NO2)3,3.48247571
1908,TaCu3Te4,9.31113372
1909,SbF3,3.119253393
1910,CeO2,7.95524046
1911,CaNiF6,3.073860273
1912,Ba2H6Os,4.41453496
