,pretty_comp,max_ir_mode
0,AlICl6,522.7130593
1,BiN,479.6606438
2,CdSnP2,324.9728386000001
3,BaSi6N8O,1103.26379
4,SrIF,286.2077657
5,Rb2ZrF6,490.70703089999995
6,Ni(PS3)2,548.908884
7,Li2PNO2,1062.384393
8,K2MgH4,1183.654898
9,NaF,255.48294429999999
10,AlGaN2,653.4910156000002
11,BeGeN2,776.5867994
12,TeO2,653.5801267999999
13,Er2O3,489.8709131
14,Te2Mo3WSe6,268.4750705
15,TmClO,479.0365319
16,Zn2GeSe4,261.4011353
17,K2PtCl4,307.10460889999996
18,Ca(ZnP)2,260.8023027
19,DyBi2ClO4,460.80785549999996
20,AgAsO2,719.5368553
21,LiCdBO3,1281.868214
22,YOF,425.7663768
23,Zn(InS2)2,347.0200233
24,ThSO,472.919575
25,CaH2,1172.1613539999996
26,Ba2YF7,360.6301583
27,Sr2CdAs2,176.10204030000003
28,Mg5(HO3)2,3764.977548
29,ThNiSn,147.83888249999995
30,BaC2,165.86075559999995
31,Rb2Pd3S4,288.1196879
32,TmIO,500.6533683
33,HIO3,2966.095907
34,Ca3UN4,555.7048136
35,Li4Si2NiO7,947.4959779
36,SrB4O7,1304.870476
37,SiGeN2O,954.0276087999999
38,ZnCu2SnS4,329.73251719999996
39,Te2I,166.3654078
40,UCO5,1476.720358
41,SiH4,2155.69074
42,NaNdSe2,144.85225659999998
43,K2Te2Pt,172.3002404
44,TmBi2ClO4,472.5494567
45,SmIO,467.3653659
46,HfBrN,597.0771227000001
47,K3AuO,254.52229759999997
48,Li2CrPO4F,1051.1332710000001
49,ZrS2,316.1525640000001
50,SrO,123.00920719999999
51,ScZnMo3O8,753.7159697000003
52,KErTe2,146.3149543
53,RbTmO2,338.0330988
54,K2Mg2O3,645.1302039
55,Ba(AgS)2,162.1583053
56,NaErSe2,158.4749312
57,Zn2Sb2O5,607.0770535
58,Ce2Dy2O7,546.3226248
59,ZrPdF6,454.50160389999996
60,In2S3,331.0369024
61,Al5CuSe8,378.5131287
62,TaCl4,356.0533711
63,Ca4Al6O3,789.6087738
64,KrF2,509.7064926
65,Ba(MgSb)2,230.1432141
66,KH3F4,2661.386662
67,GaCuO2,596.7096723999998
68,NaGaO2,709.5793457000003
69,LiAlSe2,370.8946213
70,RbH3O2,3552.5795020000005
71,CaHClO,3610.4842399999998
72,SrAl2O4,857.7247814
73,NaSmS2,230.21068119999998
74,AlSbO4,631.0129822
75,CaGaBO4,1320.008174
76,HgBr,148.1456692
77,BaSr3O4,319.6151611
78,VCu3S4,430.1033109
79,BaO,123.2888803
80,ErTlTe2,136.8039678
81,AlBN2,924.473339
82,NdZnPO,422.892674
83,DyZnPO,453.2235319
84,KBe2BO3F2,1272.367366
85,Tl2S5,462.8057539
86,Ga2Os,246.1889997
87,KSmTe2,146.6035985
88,NaV(OF)2,1018.627192
89,Na2GeO3,748.9835046000003
90,CdF2,219.6359631
91,NaCuO2,630.9063289
92,KF,197.50943869999998
93,Li3CrPCO7,1484.129494
94,SnPSe3,429.3794825
95,S5N6,1010.79898
96,K2S5,472.24130269999995
97,AlBr3,472.87111739999995
98,Th2SeN2,468.5495244
99,RbBr,94.76519225
100,Si3H,2063.142823
101,NdTlTe2,136.85182509999999
102,ZnCN2,2076.644804
103,NdCuO2,593.6813589999998
104,ScSbPt,218.2985614
105,InGeCl3,177.1901175
106,BiSBr,281.6315454
107,K4HgP2,310.3220835
108,LiCoO2,547.5512388
109,GaB3N4,961.4609236
110,NdTlSe2,155.66409319999997
111,Pr2SeO2,387.02321489999997
112,WCl4O,735.5401863
113,TlS,230.31546690000002
114,SmSnAu,134.3528762
115,HgTe,164.598158
116,PrZr3F5,639.0282545
117,SbO2F,749.7302778
118,GeRu,287.0850708
119,NdCl3,200.4341003
120,B2O3,1222.476533
121,Xe(OF)2,691.6318431
122,Sr7(HCl)2,1034.5654240000001
123,InBr3,196.48249219999997
124,AlTlSe2,337.3609962
125,P2Ru,355.3930744
126,MgPSe3,413.3775855
127,Na6MnS4,293.68480239999997
128,DyNiBi,165.81119750000005
129,Li3CuF4,510.412979
130,BNCl2,1303.4137150000001
131,LiCoS2,463.5659005
132,Al2Se3,411.29211000000004
133,Zn(CN)2,2251.0731739999997
134,Zn(SbO3)2,755.1761661
135,TbF3,482.3047986
136,RbF,132.07720559999998
137,KLuS2,244.5243011
138,Cd(GaS2)2,351.884521
139,AlGa3N4,639.4113126
140,NaZnAs,219.03212799999997
141,HoTlSe2,159.52282160000001
142,RbAlF4,657.9777578
143,K2Pt,98.56765920000001
144,NaHF2,1839.553484
145,Ba2BiBr,82.84860359999998
146,LiMgBi,251.75281349999997
147,Sr(GaTe2)2,194.0070217
148,Sr4I6O,334.6810903
149,SrHClO,3632.314716
150,SmBi2IO4,425.4049962
151,MgH4(ClO)2,3454.911326
152,BH4O2F3,3521.895968
153,Rb2PdC2,502.59443830000004
154,KNdGeS4,397.18816150000004
155,Ca(MgAs)2,272.58075560000003
156,Ba2CuClO2,617.6811196000001
157,Be2C,620.2511039
158,BH5CN2,3333.1491079999996
159,NaPrO2,336.2933293
160,InBr,71.3035673
161,PHF2,2301.392855
162,UN2,302.3185504
163,LiYF4,453.77880939999994
164,K3ClO,307.0383425
165,Dy2TeO2,433.96644150000003
166,PbBrF,263.1850601
167,ZnCl2,292.3904555000001
168,H5CNO2,3111.3699739999997
169,Ba(BS2)2,881.4981622000001
170,YCuO2,594.9611986000001
171,CClF3,1100.947799
172,Zn(HO)2,3644.685665
173,Rb2O2,204.3878762
174,Na2Pd3O4,536.698115
175,LiAuO2,623.0870212
176,Rb2PbO3,562.4134329
177,PrOF,389.4452587
178,BeTe,453.4483776000001
179,NaCrSe2,258.3449079
180,LuSBr,255.83512030000003
181,PtI2,79.58227125
182,RbAuC2,598.3182763
183,ScOF,588.1267498
184,HOF,3191.056331
185,ErTlS2,209.1148385
186,ScPS4,565.2753297999999
187,Al3GaN4,647.7434099
188,Th(TeI)2,195.1908133
189,KCaBr3,221.43119359999997
190,RbBaSiHO4,2843.020467000001
191,NbBi3O7,650.8501957999998
192,K2Sr(P2O)2,1206.492912
193,KSmSe2,172.6991398
194,FeP4,495.3684605
195,InSe,179.9478957
196,TiFeSe,270.9438376
197,Rb4I2O,239.17936329999998
198,CdI2,130.8089718
199,LiMn5O3F5,577.2288369
200,SrSnO3,674.4519241
201,HgSO4,1069.383691
202,LiV3O8,1030.425755
203,MgBr2,297.8777645
204,CaH2(BrO3)2,3517.7841799999997
205,Li2V(CO3)2,1471.82151
206,AlSCl7,479.288091
207,NaCN,2112.5529149999998
208,SrAl2B2O7,1248.608192
209,Tm2O3,495.1355107
210,NaCoO2,547.0791362000001
211,Ba2ZrS4,357.5377129
212,Al2Si2H4O9,3684.577668
213,MgPdF6,573.8857995
214,BaF2,190.9101741
215,HgPbF6,441.8422107
216,NaAlTe2,289.9931575
217,H4NClO2,2998.282259
218,LiBeP,610.7505894
219,Rb2ZnF4,371.9311727
220,KScO2,466.84830750000003
221,ScGeAu,218.0990951
222,Na2ZnSiO4,913.2525648
223,Pm2O3,459.19258160000004
224,K2H6Pt,1676.388675
225,NiP2,397.6316164
226,TbCl2F,472.30706889999993
227,Ga2HgTe4,208.2435364
228,ThO2,270.9063855
229,H7NF4,3293.532143
230,HgCl2,359.8847858
231,MgGeP2,360.274614
232,MgS,329.8226956000001
233,Mg3Si2H4O9,3737.8368840000003
234,Ga2HgS4,351.24873660000014
235,MgSiN2,749.6362975
236,Rb3TaO8,850.3326872000001
237,CS2,1526.814126
238,Li2ZnGeO4,698.4265721
239,BaNa2(SiO3)2,992.0340025
240,SiS2,556.2524206
241,NdBi2BrO4,425.70661359999997
242,Zn4(B2O)3,1032.190204
243,RbBr,83.2320619
244,TlInS2,201.4174251
245,MgO,385.9174957
246,ZnNiF6,591.9219131
247,PrClO,467.04343839999996
248,KAuSe2,215.596311
249,BaBeF4,845.9141124
250,SbIrS,308.2602198
251,SmSF,352.630127
252,AlF3,670.591028
253,NdB2H,3091.331227
254,Zn(InSe2)2,200.03636819999997
255,LiZnN,461.2821258
256,VO2F,1003.7495240000001
257,Si3As4,411.59909669999996
258,NdTlS2,196.2838262
259,Dy3CuSiSe7,424.91958700000004
260,ZrSnPd,190.0715216
261,Zn4P6N2O,989.6213301000001
262,NaH,512.8231168000002
263,Al6Cd4SO2,789.567253
264,SmCuSeO,456.9406228
265,LiTeHO4,2769.489886
266,K2MnF4,417.7633106
267,CrBiO3,493.1865367
268,Rb2LiVO4,869.8653487
269,Na3ClO,411.94383569999997
270,SnC2(SN)2,2100.941412
271,ZnSiN2,901.2054776000001
272,SrAlSiH,1208.3168560000001
273,KHF2,1448.280245
274,RbCl,111.2749764
275,ErClO,474.30650139999995
276,ZnCl2,280.13569789999997
277,Pd(Se3Br)2,248.807008
278,Mg2Sb2O5,700.6042271000001
279,Mo3W(SeS3)2,363.6248883
280,KTlO2,316.5294523
281,CdSe,164.45902180000004
282,Pd(Se4Cl)2,324.9052048
283,TaSbRu,223.8219551
284,Zn3(PS4)2,586.6786593999999
285,Y3GaO6,645.6434937999999
286,HoAgSe2,203.111505
287,RbCaSb,182.2237997
288,Tl2SiF6,678.2822717
289,Rb2GeF6,553.4048642000001
290,LiBF4,1009.1517240000001
291,KZnP,305.8158315
292,AgB(CN)4,2277.567114
293,BBr3,771.1633889999997
294,TaCuN2,623.7926071
295,SbI3(BrCl3)2,334.6644153
296,CaF2,352.74938660000015
297,Rb4SnO3,518.0631355
298,CoHgC4(SeN)4,2105.136876
299,RbCd(NO2)3,1341.3136550000004
300,Ba(BSe3)2,621.8381637
301,S(IO3)2,1001.68706
302,Tl4SiS4,481.1596263
303,Mg2SnO4,656.2283502
304,Te6MoW3Se2,228.46710980000003
305,Na3AlF6,566.7800818
306,SmOF,463.7192438
307,TmAg(PSe3)2,418.7158867
308,NaNiIO6,666.4209440000002
309,Ge2N2O,798.4175092999999
310,Na3Sr3GaP4,291.48456949999996
311,Sr2HN,709.8481801
312,KNbSe2,177.04157659999996
313,KYSn,145.3607774
314,Rb2NiF6,608.7729677
315,Ga2PdI8,244.7838641
316,Ba3BPO7,1158.062442
317,BaSe,109.55011440000001
318,Pr2Be2GeO7,921.8202798000001
319,CaC2,283.757708
320,Ca(BeAs)2,452.6963683999999
321,NbCu3S4,415.61240239999995
322,Rb2TeBr6,189.67265559999998
323,CoSnC4Cl3O4,2098.965692
324,NaBe4SbO7,787.707657
325,TlI3,148.903748
326,Bi2TeSe2,151.04525159999997
327,MoSe2,337.25374260000007
328,BaTe,95.9367444
329,YAgO2,510.7277029
330,BrCl,264.8551281
331,UCdO4,440.7502317
332,NbRhO4,778.0454617
333,SrHCl,964.0103642999999
334,Na2H4Pt,1687.011884
335,RbDyS2,234.0225528
336,GeF2,476.0534078
337,SbAsO3,715.7791107
338,Li2AlFeO4,740.6077187999997
339,KPH2SO3,2508.629355
340,Na3BrO,376.1802962
341,PdCl2,317.4533474
342,PbCN2,1973.399073
343,Mg2Al2Se5,442.28783339999995
344,NdO2,425.558006
345,Ba(PrS2)2,270.7563772
346,Sr2SnS4,346.7134034
347,SO3,1408.855509
348,KC2IN2,2122.751812
349,KTa(GeO3)3,858.1864455
350,Te2Mo2WSe4,331.70466949999997
351,MnZnF6,573.3979224
352,GeH3Cl,2136.751108
353,Rb2O,180.39141730000003
354,ZrSeO,444.2651216
355,Y2SO2,428.0825343
356,LiAlO2,814.4658961
357,NaMgSb,275.7719504
358,LuTlTe2,136.2947133
359,Rb2Te,86.535246
360,Yb(YS2)2,302.8796642
361,Ta3SBr7,407.8539918
362,Dy3CuSiS7,534.9980987
363,LiGaS2,390.0611331
364,LiHF2,1598.650893
365,Tl3SbS3,303.6274712
366,P4S3,451.03227010000006
367,TmBrO,471.8752864
368,TiF4,740.4965966
369,Bi2Te3,128.2545953
370,InSe,162.0229043
371,Li7SbO6,678.9768521000002
372,Na2H6Pt,1743.685907
373,BaHgO2,589.6471096
374,NbI5,214.61365319999996
375,CdBiO3,529.6385536
376,Ga(IO3)3,761.5110653
377,Ge3Sb2O9,835.5247870000003
378,Ca4Mg3H4,1508.331255
379,Tb2PbS4,237.1131307
380,LiMnO2,626.9409138
381,HfTeSe4,218.1164704
382,CrOF3,1100.618368
383,LiTmO2,445.9627366
384,KCrS2,313.6891662
385,Ti3TeO8,879.5436520999997
386,Ca2Ge,159.9341605
387,SmClO,483.29556039999994
388,CaZrSi2O7,993.0017194000001
389,LiCuSi2O5,1053.626517
390,Rb2Zr2O5,736.1461558
391,AlSbI6,364.776197
392,CaGaSiH,1133.950092
393,YBi2BrO4,453.70507249999997
394,Li2TeO4,729.6166927
395,LiHoSe2,183.03397130000002
396,LiAgC2,542.501115
397,SrLiP,426.82050360000005
398,Mo2WS6,453.15399709999997
399,BaCl2,132.8145408
400,HoClO,501.6530012
401,Ba(GaTe2)2,193.6730882
402,HgPS3,537.8424535
403,Ga2Te3,221.99784350000002
404,KSnAs,175.4976383
405,KTeOF3,838.0123635
406,KCaBi,149.14013280000003
407,MnTeMoO6,891.3547547000003
408,CdPtF6,551.8046311
409,LiBC,1148.461844
410,NaH,342.705834
411,ZrZnN2,665.333067
412,KCl,126.8303835
413,BeI2,442.8311716
414,YBrO,488.3320774
415,Y(HO)3,3662.200752
416,GeSe2,278.5567421
417,Na2PdC2,511.8498637
418,CrF3,507.1084942
419,Li2CdGeO4,722.0545135
420,Hg3(SeCl)2,212.6040489
421,Li2CaSiO4,848.8999379
422,CuBiO2,599.6086545
423,Tb3CuSnS7,373.16008680000004
424,RbNa2Sb,126.447759
425,BaAl2B2O7,1251.38438
426,Zn(GaTe2)2,209.63649919999997
427,TbTlS2,205.5158066
428,RbH2N,3303.4172829999998
429,RhCl3,316.8130607
430,Na6P4W,383.2470278
431,LiC,427.98148380000003
432,CaCN2,2040.6210010000002
433,NaYSe2,217.6334957
434,H2C5N2O,3066.1231620000012
435,SrBiBrO2,539.190694
436,IO2F,800.9588126
437,Ac2O3,412.4399836
438,H2O2,3064.769352
439,TlP5,442.8094274
440,Li3VO3F2,866.6533435
441,YbI2,124.1114247
442,SrSe,136.9836243
443,KLiZnS2,415.4857057
444,Tb2YbS4,304.9046095
445,K2PbO3,559.2913392999999
446,Al2Te5,325.5829434
447,Mg(BeAs)2,468.8967312
448,NaCaTaTiO6,816.7099843
449,BiTeCl,163.4943063
450,Li4WO5,658.7862952
451,W2Se3S,238.97816269999998
452,TeMo2Se3,333.3267468
453,LiMn(PO3)3,1188.166686
454,Li7BiO6,654.7025543999998
455,GaI3,258.62511459999996
456,LiHSeO3,2723.363134
457,NaAuC2,590.0209631
458,BiTeI,147.021374
459,ScIO,549.1874565
460,Li2CuSb,354.59921099999997
461,Cu2HgI4,114.33020320000001
462,NaCaAs,193.22829919999998
463,MgSnF6,554.9351623
464,LiSiBO4,921.9910984999999
465,SiS,513.0535986000001
466,Ta(TeBr3)2,235.976496
467,HoBi2ClO4,464.7618315
468,KH,488.5326109
469,Ti3MnO8,683.6145698
470,Mg2H2O3,3749.3941600000003
471,NaSb(PS3)2,629.9766308999998
472,Ba2Ti3Tl2,673.0874422
473,SiBi2O5,971.6561186
474,Ge2N2O,842.0995393999997
475,PrBi2IO4,410.1020152
476,Li2BeSiO4,960.4479507000001
477,BaO,240.12590299999997
478,LiZnPO4,1095.451752
479,Li4TiS4,465.4564119
480,LiScMo3O8,754.096093
481,Te6MoW2,234.07671319999997
482,Rb2PdCl4,310.9772109
483,TiF2,308.9760442
484,Mo(WS3)2,423.9230556
485,NaNbS2,397.8265472
486,SrCa3O4,401.8125392
487,PI2,299.28026539999996
488,Li2MnP2HO8,1754.1077489999998
489,Cd(GaSe2)2,247.9741585
490,TlCl,84.05413940000003
491,ThIN,552.4834037
492,LuTlSe2,160.8757644
493,NbCoSn,245.30752579999998
494,RbHoO2,329.7562291000001
495,InCl,102.0485321
496,WBr4O,614.3923427
497,SeBr,247.7178304
498,FeSiW,351.7582913
499,BaSe3,237.6066106
500,Rb2Pd,68.13401665
501,Ca(MgSb)2,242.8230175
502,NdSF,345.92590989999997
503,Si3NiP4,481.0491044
504,Dy3BWO9,1302.367758
505,H2SeO4,2909.730271
506,RbSrCO3F,1403.642771
507,PICl6,595.7325174
508,Ag3AsS3,333.28402539999996
509,BiSI,274.0640969
510,YAlO3,655.7051888
511,K4CO4,863.9996173000003
512,Al2CdTe4,318.01536160000006
513,Yb4Br6O,413.56694680000004
514,TlAgI2,99.98340005
515,AsF3,646.4547325
516,Sr4CaCr2(SO3)2,640.9270034
517,Li2CeN2,486.86777889999996
518,MgTlF3,384.5954016
519,Na2SnO2,582.4192307999998
520,Au2O3,597.0711864
521,K2PdF4,499.33027369999996
522,Ba2SbAu,99.6965567
523,BCl(OF2)2,1221.481035
524,PbI2,110.8719416
525,KAgSe,131.2860436
526,SiH,2078.346887
527,RbSb,145.82590990000003
528,Bi4O3F7,465.43706889999993
529,CdSbS2Br,304.4329738
530,AcGaTe2,77.61939029999998
531,Bi2PbSe4,163.5867525
532,NaCrS2,317.483329
533,ScCuS2,363.35542030000005
534,HgCN2,2076.920108
535,WSe2,237.54538
536,HfSe3,270.5620468
537,Tl3AsSe3,231.30075930000004
538,Al6C3N2,879.0838890000001
539,Bi2Te2S,192.085895
540,YbBr2,148.89147519999997
541,Mn2OF2,505.6864169
542,ZnPS3,529.5932643
543,FeCl2,199.6055196
544,MgGeN2,737.5767041
545,Nd3SiAgSe7,420.82220599999994
546,BaF2,325.3582645
547,NaLi2AsO4,804.8234772999997
548,HgN3,2135.4716359999998
549,AgBi(PSe3)2,411.0190068
550,Sr2NCl,386.4348876
551,KHCO3,2665.8664670000007
552,SrHI,896.7168677000003
553,UF5,540.4291796
554,SnF4,639.951049
555,Th2HN3,3173.577062000001
556,Li3VS4,436.66709110000005
557,ScNiSb,234.9179003
558,AgCl,115.51696299999999
559,RbLuS2,240.2024412
560,Si4P4Ru,495.4445318
561,Na2Se,161.2006601
562,AlP,423.3499692
563,CoCuO2,676.3019487
564,NaTmO2,407.74787210000005
565,MgSnAs2,283.20626569999996
566,W3(Se2S)2,299.8604887
567,CN2,1170.3769630000004
568,SrLiAlF6,570.6946381
569,K3AsSe3,226.3966418
570,Hg2IO,480.0395999
571,Na2NiO2,576.3743097999999
572,SmZrF7,599.3420546
573,HfCl4,370.9930705
574,RbNaO,285.0330453
575,Li3Bi,310.5033074
576,Sr2H3I,972.5476642000001
577,CaTlF3,407.9614121
578,V2ZnO6,839.1020747000001
579,P2S7,642.4320888999998
580,ZrS3,503.5671244
581,NdHO2,3561.0097149999997
582,NdIO,467.18430880000005
583,NaLuO2,427.262091
584,YTlTe2,170.83210669999997
585,Bi2Se3,174.4482472
586,MnAlF5,663.7008513
587,LuTlO2,261.3133247
588,SrC2,212.6701486
589,KMgF3,470.78337410000006
590,Ba(MgP)2,298.1461652
591,K2PtS2,296.1155505
592,Pr4S3NCl3,494.5494512
593,CaCdO2,325.2275659
594,Ag2HgSI2,327.0140253
595,KNO3,1325.791731
596,SiP,513.0071087
597,K3BrO,263.819744
598,Tl3PO4,937.0024004
599,LiAlAs2O7,926.2730383999999
600,ZrSiPd,252.75544790000004
601,KAgO2,570.977346
602,RbScO2,447.33535589999997
603,NdBrO2,809.4229092
604,AlI3,395.151377
605,Ag6Mo2ClO7F3,787.5620176
606,Rb2LiAsO4,825.3522366000003
607,LiN3,2207.154492
608,Al2HgSe4,366.68068210000007
609,Ga2TeS2,342.8293290000001
610,Rb2SeCl6,265.728698
611,RbClO3,867.9362846000001
612,GaCuO2,596.1874114
613,CaHfN2,361.4508685
614,Ca2CoSi2O7,980.8957360999999
615,FePH5CO4,3410.749789
616,Na3Mo(OF)3,867.3139069
617,RbTlO2,305.72825439999997
618,V2O5,1064.402369
619,Tl2Sn2S3,264.6404875
620,Li2MnBr4,319.71988010000007
621,Ti(NCl)3,2195.275322
622,FeSi,448.54299280000004
623,RbSmS2,227.26337489999997
624,TlSbS2,306.0206005
625,K2ErF5,362.2943567
626,LiMn(CO3)2,1643.350698
627,AcClO,437.97637879999996
628,LiCrO2,540.4504902000001
629,KH4O2F,3478.128128000001
630,Rb2PtF6,548.1703816
631,Hg(AsO3)2,601.5407201
632,AlPS4,570.4322736
633,PdI2,207.58607450000002
634,DyCuSe2,207.6156226
635,Sm3CuSnS7,371.6325568
636,KInO2,375.0531329
637,Rb2SiF6,691.1957919
638,K6CdTe4,151.16694569999999
639,NaDyO2,303.87759619999997
640,SnH4(NF)2,3356.122789
641,TeWSe,226.5403136
642,Na2PtSe2,222.83052630000003
643,SrTa4O,846.6877657
644,HfZrO4,457.838138
645,H4CN5Cl,3300.892055000001
646,Er2Be2GeO7,966.4753295
647,Cu2SO4,1023.2801509999999
648,Li2NbOF5,899.6277891000003
649,PrSF,341.7676318
650,Mo3(Se2S)2,438.1508993
651,Au7I,485.9217728
652,NdOF,396.87824
653,Ag3SI,243.54597880000003
654,Yb(SmS2)2,300.8476487
655,TbBi5O9,573.7417275
656,TaTlPt,161.79218899999995
657,LiFe(CO3)2,1508.6516490000001
658,RbSrCl3,252.08918160000002
659,K2GeF6,553.9784842
660,Ca3AsCl3,241.09995640000002
661,BaZrO3,488.4720807
662,RbPbCl3,152.13559650000005
663,ErTlO2,252.44669359999997
664,CaBiAsO6,816.8030641
665,BiSbO3,545.38589
666,ScCuO2,603.3940129
667,NaSbO2,555.0512203
668,BiAuO2,564.040546
669,Sm2CdS4,306.0287378999999
670,TeAuCl7,346.02946160000016
671,Sr(NdS2)2,233.52820580000002
672,KBrO3,749.5376816
673,AlAsO4,936.617975
674,Li3VO4,827.4759646000001
675,ZnSnF6,528.3718872999998
676,LiVPO4,1029.953753
677,Na2CeO3,388.97192210000003
678,Tb3BWO9,1298.375463
679,KNaO,302.81579889999995
680,PbF2,117.98459620000001
681,ZnSeO4,860.0211957
682,Na3PO4,994.7863113
683,InBi2S4Cl,260.53643650000004
684,Ca2Sn,146.4190063
685,RbTa(GeO3)3,857.2464757000001
686,Sb2S3,322.49983599999996
687,LiNbS2,391.5923984
688,BaHBr,859.9568636
689,YNiSb,191.1803424
690,MgSiP2,456.4459756
691,FeN3ClO3,1917.4230989999999
692,Sr4Sb2O,304.9193168
693,LiCrBO3,1240.566607
694,TlBrO3,741.9490557999999
695,BaS,149.9535727
696,Al2Si4O,1081.011602
697,YbSe,153.54426709999996
698,Ca(BeP)2,499.37562970000016
699,NaBF4,1031.486619
700,NdSeF,300.11778389999995
701,Li4CO4,989.8990687999999
702,Sr(NdSe2)2,173.03524109999995
703,KTlO,349.9315117
704,Tl2SnF6,507.965089
705,Ba2ZnF6,466.2654829
706,VCu3Te4,87.0071485
707,Hg(BiS2)2,334.4633148
708,BrO2F,887.8548056
709,YbO,260.9591144
710,HgNO2,1355.044484
711,InI,57.86391750000001
712,XeF3,527.6006018
713,BaP3,386.81257630000016
714,LiZnSb,217.5660287
715,ZrFeCl6,308.0289042
716,Sr2H6Ru,1447.8034400000001
717,AlHO2,3032.623787
718,Li8SiO6,880.9677971000001
719,KNdTe2,146.3659464
720,Li3As,439.4936704
721,Cd2BiAsO6,792.7172606
722,H4C,3041.942878000001
723,NaBrO3,741.4627461
724,Ga3PO7,1076.365781
725,BaClF,284.6212395
726,Ga3BN4,714.6295029
727,ZnH8(N2Cl)2,3312.219616
728,CaGeO3,667.1388027
729,Nd2PbSe4,167.1862514
730,LiYS2,276.8084684
731,LiZnP,358.3447829
732,Rb2S3,434.55163389999996
733,Bi2Pb2Se5,130.2855436
734,Ba2BrN,345.67475099999996
735,TmH3(CO2)3,2982.100372
736,KPrSiSe4,435.0046937
737,LiY3WO8,613.8605769
738,MgMnF6,594.9941484
739,Al4C3,716.8447432999999
740,AlAgO2,836.5932209
741,AsBr3,268.7222273
742,Fe(HO)2,3537.675921
743,Sr(PrS2)2,231.30766269999998
744,Zn(InTe2)2,173.03794240000005
745,PCl3,477.6443362
746,RbH,449.7055404
747,AlBiO3,600.4314991
748,Ag3SnP7,435.4371431
749,GeS2,381.7246336
750,Nb(SeCl)2,339.0153897
751,Na6ZnSe4,227.62815719999998
752,Bi(BO2)3,1420.840065
753,CaSnF4,257.4847114
754,Sr2SnO4,685.5128185
755,LiBiB2O5,1104.716049
756,In5AgSe8,206.7649642
757,KNdO2,313.6941687
758,NaScS2,335.17276929999997
759,BeGeP2,583.9982199
760,LiV(PO4)2,1191.571255
761,Hf3SnO8,668.7251622
762,AlCuO2,666.7763882999999
763,BaIF,244.8232838
764,Ca(CdP)2,226.7164349
765,LiAsF6,642.034857
766,Li4MnSb2WO2,709.2969713
767,Sr2SbAu,114.5836966
768,Li5P(S2Cl)2,518.8820446999998
769,Ca2SiB2O7,1172.655902
770,U(BiO3)2,592.3003022
771,B2AsP,738.9365502999997
772,Ca2AsI,191.62503130000002
773,Sr2IN,348.5115687
774,KNa(BH4)2,2392.086279
775,ErSF,369.18946919999996
776,DyBi2BrO4,453.49893619999995
777,BeZnO2,683.0022637999998
778,TlIO3,688.6493193
779,Ta(ICl)2,335.29062819999996
780,CrAuO2,587.7572318
781,Re3Se4Cl,315.84354289999993
782,Er2TeO2,406.806535
783,Sr(CdP)2,221.2481688
784,RbCdF3,419.9288595
785,Rb2CaH4,1171.4745779999996
786,LiNiBO3,1300.810347
787,TbAgTe2,148.9121189
788,Na3AsO4,780.7961363
789,Pr2PbSe4,166.5378273
790,NdZnAsO,426.97878269999995
791,Ba3Si6N4O9,999.3205439
792,Na2PtO2,491.4931238
793,HgBr2,231.23015730000003
794,SrTiN2,688.6435831
795,NaSmTe2,159.0387463
796,LiCl,194.79338140000002
797,BaZnCl2,107.5680572
798,Rb2HgO2,596.3907464
799,WOF4,853.7404902999997
800,As(S8I)3,457.68963049999996
801,PSe,397.40236860000016
802,Li2CeP2,343.83563189999984
803,YbClF,371.6621716
804,RbLuSe2,173.20422549999995
805,NaSrP,243.9064923
806,HfIN,596.8055537
807,NdOF,451.10260530000005
808,TaAlO4,579.9372571
809,SnS2,331.8048195
810,TaCu3Se4,268.9295309
811,TlZnF3,354.85884080000005
812,MgAs4,282.9472029
813,Mo2Se3S,350.8948598
814,Cd(AgI2)2,139.77755390000002
815,SbTeI,168.1248538
816,BaB2F8,1050.784296
817,KAuO2,581.4462779
818,SnHgF6,510.2497973999999
819,LiErSe2,255.27990950000003
820,SrGaSiH,1060.2846439999996
821,Ca(HoSe2)2,211.04820469999999
822,KH2N,3303.921602
823,Al3BN4,752.0988949
824,BeCl2,577.1335226
825,GaTeCl,342.7729675
826,K3BiTe3,133.6114057
827,Rb2MgCl4,288.0338450000001
828,AcTlTe2,64.54518979999999
829,NaLi3(H2N)4,3278.33188
830,VCu3Se4,331.220861
831,CuBS2,633.0117144
832,Ca3CdO4,361.65900580000016
833,Ba2AsBr,116.5505462
834,Li2ZrTeO6,627.5532865
835,YAgTe2,161.13696159999995
836,SmBrO,491.85220319999996
837,Sr(BiO2)2,590.2943997000001
838,Ba3Ti2O7,592.6554463
839,YZr5O,664.3339342999999
840,K4ZnP2,392.3185613
841,TmBi2BrO4,465.5168421
842,Hg3(TeBr)2,174.1393929
843,HfSO,591.1938492
844,H2SeO3,3011.14462
845,LiGaSi,314.0663547
846,KNbS2,394.3969333
847,ZnCoF4,486.2705805
848,LiBeBO3,1292.410516
849,KSmF4,335.1722357
850,Yb(HoS2)2,247.6548989
851,NdTeF,267.12289469999996
852,BaSe,83.12204025
853,ZnC2S2(OF)6,1154.6356289999999
854,KTmO2,351.4544394
855,NaTbSe2,187.43630469999997
856,GaF3,541.0714672
857,AlSiTe3,344.1561921
858,Li2NiPO4F,1051.419447
859,BeGeAs2,536.8143731
860,RbBiO2,509.88754969999997
861,Pr2TeO2,413.9957945
862,B4CCl6O,2122.523265
863,PrCuO2,594.0956994
864,Rb2Se,104.2969224
865,SmTlO2,235.1110301
866,CoCuO2,676.4924438999999
867,LiCrS2,365.94881630000003
868,Ba(CuS)2,154.267662
869,PrBr3,135.8266127
870,Tl9SbTe6,104.28538329999999
871,ZrInAu,168.334792
872,LiMgH3,1296.0543699999996
873,Ga2PbO4,736.9448882999999
874,KLiTe,333.8130565
875,LiCuF2,527.9115239
876,InSnCl3,136.38175680000003
877,KMgH3,1196.861265
878,Na2CdSnS4,332.2287647
879,Li5GaO4,697.9029103999999
880,CdGeP2,357.7970758
881,Cd(HO)2,3640.0715600000003
882,AuI,188.98060980000002
883,Te(HO2)2,3370.373011
884,AgCNO,2208.62376
885,TiOF2,913.4669052000003
886,H(CO)2,2029.262724
887,Y3CuSnS7,372.84512939999996
888,Ba2HfO4,529.3994675
889,MoW2(SeS2)2,360.2765483
890,Pr3SiAgS7,521.8576985000002
891,KPrS2,222.09105669999997
892,TcS2,454.5445254
893,Te8Mo3W,280.8679972
894,Mg(AlSe2)2,435.70981270000004
895,RbI3,150.6988451
896,Sn3As4,212.18727400000003
897,YbC2,260.0625663
898,BPS4,711.2573842999999
899,RbBF4,1116.498604
900,PrTlTe2,136.72612890000002
901,NaInS2,251.38332889999998
902,HgC2(SN)2,2099.764391
903,Li3BrO,467.6996663
904,Ca(PrTe2)2,167.1585375
905,KAlF4,640.0010073
906,Li2O,453.579343
907,Al2CO,825.926657
908,Sr4P2O,381.9045569
909,TbTlSe2,158.99745900000005
910,PrTeCl,200.83596780000002
911,FeI2,137.46162980000003
912,KPrS2,221.9730978
913,YbGeO3,731.6892617999997
914,Y3CuSiS7,535.2212102
915,Ag2HgI4,102.8709765
916,K2CuP,329.47789
917,Sr2InI5,124.47283870000001
918,Sm2Be2GeO7,938.5621799
919,SrO2,206.66878280000003
920,TeW2Se3,242.3197994
921,RbTbSe2,170.4496823
922,Sr(MgSb)2,231.95782090000003
923,RbF,165.1933888
924,Al2HgTe4,318.4364720000001
925,TaGaO4,806.9617126
926,Mo2H2O7,3373.4350409999997
927,TlGeF3,399.45912979999997
928,Rb2NiO2,805.9833236000003
929,CO2,1837.6569359999999
930,TbH2Br,1246.618798
931,RbLiCl2,374.1102617
932,Ba2SbBr,98.42195305
933,CdPdF6,562.7352603999999
934,Ga2TeSe2,276.2972129
935,CaZnSO,516.096486
936,In2HgTe4,168.6353089
937,H3BrO,2844.484632
938,Tb2TeO2,432.66015530000004
939,NbBr2O,470.1697007
940,BiIO,429.69273899999996
941,BaLiP,371.4738108
942,MnH4(ClO)2,3446.0976539999997
943,TePbO3,705.8400102999999
944,CeZrO4,483.2256588
945,Th3As4,158.6134004
946,BaTe3,135.7868595
947,AgI,64.23526825
948,Li5Cu(PO4)2,996.9401877
949,AcBrO,419.851721
950,Na2CN2,2019.7507039999998
951,BC2N,1219.981419
952,Tb3GaO6,644.0752434
953,KV3(SeO)2,935.4299812999999
954,YAgSe2,194.28706169999998
955,YbS2,183.1036061
956,LuIO,502.52663780000006
957,KI,84.88605515
958,Al(IO3)3,771.8946211
959,HfS2,299.868426
960,Ta(TeCl3)2,366.7064283
961,InClO,461.1280822
962,ZnPtF6,549.1395993
963,Sr3TaGa3(SiO2)2,948.0165047
964,VF5,755.9912401
965,Ba2Ti3O8,712.7073422999997
966,Li2VGa3O8,841.1636050000003
967,LiGaO2,532.0878776999998
968,AlAgTe2,301.56410669999997
969,ZrCl2,334.44653969999996
970,Yb(ZnP)2,266.981991
971,Pd(SeCl3)2,363.4171511
972,MgSnP2,349.06197710000015
973,H5NO,3408.9221759999996
974,Na4WO4,578.8903672
975,Ca2Pb,129.26396640000002
976,MoW3(SeS)4,358.7159017
977,Li7NbO6,715.7294859
978,Rb2MgF4,418.6933421
979,Li2Se,282.87643419999995
980,NaHg2IO2,566.1812825000002
981,KHoS2,238.63929339999999
982,GaBN2,919.9043222999999
983,KTaO3,526.0596651000002
984,KAcTe2,131.2932138
985,ThTe3,172.11801599999995
986,Nd3SiAgS7,523.9654184999998
987,Mg2PN3,963.3934227
988,Na6BeO4,622.3121006
989,AlAgS2,427.0991095
990,NaCdF3,371.48975210000003
991,VFeSb,266.9546773
992,Li5CuSO2,617.6588418
993,DyClO,497.61525
994,RbAs,195.3598978
995,Tl3VO4,803.7833575
996,LiNbO3,647.9767598
997,KMg(PO3)3,1200.4043359999996
998,ZnGeP2,368.7814319
999,Sm3CuGeS7,410.1832225
1000,AlN,439.7786128000001
1001,GaP,347.1456861
1002,Tm2SeO2,480.84060020000004
1003,NaNbSe2,300.1330582
1004,ZrSe3,282.2574249
1005,BaCO3,1370.391887
1006,TiBrN,572.9561016
1007,CaAlF5,639.9888679
1008,K2O2,267.5493412
1009,YHSe,1075.83048
1010,ZnAgF3,463.4740879
1011,InGaS3,368.0037099
1012,SrTe,78.65594165
1013,RbErSe2,171.9415945
1014,K2PdF6,569.0119972
1015,TiZnN2,731.5653999
1016,DyTlTe2,137.0783716
1017,ScTlO2,379.30095570000003
1018,ScNiP,300.3009421
1019,Be2NbRh,380.2282858
1020,PI3,273.12559460000006
1021,AgBiSCl2,315.85354789999997
1022,KGeBr3,127.87790700000001
1023,RbErS2,237.10425959999998
1024,Ba4Cl6O,344.7570257
1025,RbGeIO6,665.9239623
1026,CuRhO2,665.690579
1027,Ca2NCl,430.81049759999996
1028,Al2ZnSe4,368.1200014
1029,SrAlGeH,1226.702078
1030,W3(SeS2)2,416.56751299999996
1031,CaC2,307.4018908000001
1032,MgGeAs2,286.0476857
1033,NaAuO2,561.6590559
1034,TlNO2,1265.346724
1035,Na2LiAlF6,587.9434248
1036,RbScO2,446.754499
1037,Ba2Sc2O5,728.5718372
1038,NaAlO2,657.7867957000002
1039,K2AgP,286.1425665
1040,Yb(NdS2)2,296.5719452
1041,SrAuO2,563.071295
1042,ZnBr2,190.70910690000002
1043,BaHfN2,628.7171015
1044,InBrO,455.5373882
1045,IrCl3,305.8337071
1046,NaAlO2,842.45425
1047,Li2H2SeO5,3348.941334
1048,CuB(CN)4,2254.09365
1049,Hg(ClO3)2,1020.6846210000001
1050,Tm2TeO2,411.5725835
1051,BaSnF6,525.9529117
1052,BaFeF4,408.78042139999997
1053,AlSeBr7,392.6772405
1054,CIN,2173.761037
1055,Ba2BiAu,83.61328575
1056,MgCN2,951.2066656999999
1057,BaMgO2,621.9013620000002
1058,Mo3WSe8,274.5225594
1059,GaAgSe2,231.082817
1060,Na4CO4,834.3921543
1061,SrC2,240.0376255
1062,NaCl,102.72253559999999
1063,Na5MnO4,511.72626860000014
1064,YNiBi,178.36270349999995
1065,HoAgTe2,148.92335780000005
1066,LiTa2CuO6,850.7903159
1067,BiI,120.734904
1068,LiTlPHO3,2275.56995
1069,Li2MgBr4,343.0968961000001
1070,Mg3ZnO4,499.18460089999996
1071,Er2SeO2,414.794527
1072,PNO,1341.388192
1073,Be(CN)2,2268.384192
1074,RbCaCO3F,1455.4968509999999
1075,TlBr,62.9932809
1076,AcInTe2,67.5713688
1077,KBi2F7,388.2996528
1078,KHoO2,342.0038832
1079,CdBr2,157.877566
1080,KMnPH2O5,3413.7731340000005
1081,CaSiO3,707.7949206000003
1082,CBrN,2196.13712
1083,CuSe2Cl,277.8956451
1084,RbLiSe,354.47454869999996
1085,PaTlO3,419.6924414
1086,BN,1762.524455
1087,GaBr3,326.5140755
1088,Mg(BiO3)2,601.7747704
1089,BH3,2624.084987
1090,MoWS4,368.68238239999994
1091,TlInS2,198.9246126
1092,SnC,540.7574103
1093,ThSbRh,144.4361153
1094,CrHO2,2118.108758
1095,Cd(InTe2)2,168.369376
1096,AsCl3,372.8704754
1097,USeO5,908.8449287000001
1098,Ba3NbGa3(SiO2)2,943.1314633999999
1099,SrH2O3,2922.650528
1100,KAuC2,597.3335509
1101,K2Se3,233.2960231
1102,Li2CaHfF8,495.1398462
1103,PbIF,259.25129419999996
1104,NaHoS2,239.3577858
1105,CaClF,340.2694831
1106,MoWSe4,274.4301465
1107,PrHSe,1029.051068
1108,In2HgSe4,208.8758858
1109,IOF3,794.855229
1110,BP,788.8682037000003
1111,K4HgAs2,219.3777341
1112,Nd2Be2SiO7,959.7254562999999
1113,MoWSeS3,363.2145499
1114,Ge3N4,728.3547287
1115,DyTlS2,206.5650309
1116,Ca2MgSi2O7,980.2999050000001
1117,BaI2,111.02811969999999
1118,HoCuO2,594.5009686000002
1119,GaPO4,1006.387909
1120,CaGaGeH,1165.950517
1121,Cr3WO8,778.3462787000003
1122,Nd5AgSe8,179.204891
1123,Hg3(SF)2,311.5706075
1124,KAuS,318.2478111
1125,K2BaCdSb2,148.4438515
1126,RbAuO2,576.9715416
1127,HgPb2(ClO)2,547.2656628
1128,Ho2CF2,549.6836045
1129,KMgSb,265.0541609
1130,KTbGeS4,401.07306969999996
1131,Sc2CCl2,588.4978686000002
1132,RbYO2,352.8617427
1133,Ba2NCl,357.1158354
1134,SmH3(CO2)3,2955.301446
1135,NiPbF6,591.2503775
1136,Zn(InSe2)2,206.9600283
1137,SnICl,203.2793222
1138,KYO2,365.7924048
1139,ScAuO2,530.5951650000002
1140,RbNO2,1306.128104
1141,Zr(MoO4)2,842.7774782
1142,BaZnO2,600.4665165
1143,ZrNCl,505.1996403
1144,Mg(AlS2)2,521.42715
1145,SmTlS2,200.8544771
1146,CaTlCl3,286.626575
1147,YBi2ClO4,461.35649630000006
1148,MoW3(Se3S)2,350.71423619999996
1149,RbIO3,694.8185357000001
1150,CS2NClO2,1742.934332
1151,NaN3,2183.3253839999998
1152,KZnSb,200.1581624
1153,ScCl3,348.7145368
1154,Na4CrO3,683.7520718999998
1155,SnBrCl,201.4710185
1156,Ga2Te5,188.0514454
1157,YCl3,266.5282976
1158,Sm2SO2,422.03194389999993
1159,NbTl3Se4,304.85758599999997
1160,SbF3,534.7933964
1161,ZnSnP2,313.73325489999996
1162,NaTbS2,235.83315770000002
1163,Rb2BeF4,832.6947392999997
1164,RbHF2,1443.484715
1165,Li3ClO,558.7262902000001
1166,BeSnP2,562.1232878999998
1167,Li3BePCO7,1519.242175
1168,Te4Mo2WSe2,255.933136
1169,ZrSiO4,746.1637955
1170,SmAgO2,506.2489313
1171,TaI2O,416.9239245
1172,BAs,675.2435197000002
1173,HfSe2,212.64226800000003
1174,RbSrSiHO4,2696.9826510000007
1175,NdBr3,169.0488155
1176,KBiO2,488.15905760000004
1177,ClO3,1183.469906
1178,Tl2O,294.13502739999996
1179,KPrO2,304.41789960000006
1180,LiSbTe2WO2,891.0626087000003
1181,H6CNF,2957.332127
1182,MnTlCl3,233.041129
1183,HoF3,487.41805389999996
1184,RbBe2BO3F2,1265.9947140000004
1185,HoSI,241.2834815
1186,Li2GeO3,756.0237563
1187,Ba2H6Os,1458.929734
1188,GaTe,187.58181069999998
1189,NaClO2,767.4924211
1190,LiAlSiO4,1001.742087
1191,Th3P4,239.66527280000003
1192,NaYS2,267.0430215
1193,Pr2SO2,406.6663983
1194,Al5HO8,2689.288772
1195,Tl2CdTe4,137.0719017
1196,ZnB2(CN)8,2299.407362
1197,Te4W3Se2,221.94034810000002
1198,CaBr2,212.81952330000001
1199,BaAl2O4,893.2246892000003
1200,Ca(SbO3)2,761.012983
1201,BaAuO2,550.8941761
1202,MgMoN2,687.4069651000003
1203,AgHgSI,330.8541111
1204,K2CuSb,230.8830839
1205,Li8VO5F,645.5202989000003
1206,Ga2PdBr8,306.4916026
1207,DyTlO2,246.08151260000002
1208,LiZnPS4,518.0731738
1209,SrCa(CO3)2,1513.875259
1210,BH6CN3F4,3491.656856
1211,P2Pd,349.08865710000015
1212,Ba3Ga2(GeO)4,763.3217702000003
1213,CaF2,257.2858453
1214,Ag3P,433.54916629999997
1215,Li2CrP2O7,1142.99181
1216,H8(NO2)3,3292.311433
1217,Pr2PbS4,214.44266780000004
1218,K2HgO2,596.5515933999999
1219,SnI4,192.1372206
1220,RbMgBO3,1294.468711
1221,BaBrCl,160.75330319999995
1222,ZnS,264.43908680000004
1223,Zr3GeO8,706.8070936
1224,FeTeCl7,401.4960477
1225,Ag3PS4,499.03402570000003
1226,Ba2H6Ru,1354.642083
1227,B2S2O9,1367.91665
1228,Rb3NaBe2F8,860.9297498
1229,PbClF,284.57191489999997
1230,CdGeAs2,246.50996009999997
1231,CaTi2,695.5475332999997
1232,LiAuC2,460.8943654
1233,GaS,309.1172147
1234,BeS,556.6920069
1235,GaS,306.7942872
1236,BH3OF4,3130.569002
1237,Li4MoO5,665.1954982000002
1238,Zn2Bi2O5,545.7990632
1239,HfBrN,571.1308893999999
1240,Li2MnPO4F,1048.808275
1241,NbCl4,384.1056235
1242,CaMg2N2,465.1930136
1243,ZnSbAsO5,801.990028
1244,Te2Mo(WSe2)2,266.3399701
1245,BiSeBr,180.6364064
1246,BaLiAs,362.1349103
1247,LiYF4,478.72010710000006
1248,TiTl2F6,535.2994160000002
1249,Ga2S3,381.682079
1250,Sm5AgS8,299.5749793
1251,ScCuO2,603.509504
1252,LiNi(CO3)2,1574.651099
1253,LiYSe2,188.1485606
1254,CdPbF6,458.2993352
1255,H4BrN,3071.660196000001
1256,HgBr2,125.4396885
1257,Ba(NdSe2)2,168.4676584
1258,Nb(SCl)2,560.7854193
1259,Nd2TeO2,417.6521551000001
1260,GeC,646.712428
1261,NbIO2,645.7078926
1262,RbUO3,402.5512751
1263,RbYS2,260.2649341
1264,Hg2GeSe4,261.1180605
1265,SrS,185.61526130000001
1266,YOF,472.143187
1267,RbCaI3,187.16526919999998
1268,LiInP2O7,1148.858142
1269,BaLiF3,370.5408445
1270,ZrIN,591.7432905000003
1271,MoW3Se8,274.6626961
1272,KAlSiO4,1003.424995
1273,SmCuO2,593.7817759
1274,KCaSiHO4,2509.86734
1275,K2HgSe,116.58412959999998
1276,NbTlBr4O,648.1537483
1277,Tl2Sn(AsS3)2,376.12170019999996
1278,Na2O,287.48753860000005
1279,H4NCl,3069.490612
1280,TaCu3S4,396.3723872
1281,Ca(SmS2)2,223.26961239999997
1282,Ca3AsBr3,198.06835139999998
1283,TiSnPd,209.26071140000002
1284,Nd3CuSiS7,526.9190279000002
1285,AlPNCl5,1125.772138
1286,Li2Ge2O5,907.5673236
1287,LiCoO2,539.3609123
1288,RbPrSe2,166.02023530000002
1289,KP,341.3444203
1290,BaCaAlF7,658.6289833
1291,RbTmS2,238.90475940000002
1292,KLiS,407.2462881
1293,Na3BiO4,520.5801267
1294,ScBrO,568.539361
1295,LiSiNO,1001.083592
1296,AgBiO2,491.77643200000006
1297,LiErO2,464.9176427
1298,CdS,272.8864084
1299,Li3NbO4,742.2413352000003
1300,SiPbO3,247.4984874
1301,K2S,172.6426115
1302,PbI2,111.5261686
1303,Y2Be2SiO7,988.6676200999999
1304,ZrCoBi,208.1642635
1305,Nb3TeI7,263.13937059999995
1306,ErTlSe2,159.89140580000003
1307,InI3,210.219057
1308,SrBeF4,911.0702742000001
1309,BaAl4S7,497.03089129999995
1310,As2Se3,260.21717689999997
1311,NaBeSb,395.4130077
1312,SnO,371.41698239999994
1313,CaPtF6,555.8832027000002
1314,BiClO,468.39544739999997
1315,HfZnN2,687.6407819
1316,RbCaCl3,289.10101160000005
1317,V2O5,1023.7049300000001
1318,KSbS2,310.0089604
1319,YbS,197.1170426
1320,Y3CuGeS7,411.60109769999997
1321,NaS2,437.6648898
1322,LiVOF3,714.2550824
1323,SrO,212.8578758
1324,LiI,169.2588872
1325,ZrC,515.2656374
1326,SiAs2,406.96267969999997
1327,PrIO,461.7728044
1328,Ag2HgO2,553.9157862000002
1329,KSnSb,147.82684319999996
1330,MoO3,938.1296304
1331,Rb3NbO8,855.1628011
1332,CdSO4,1077.536132
1333,RbBiS2,217.5977779
1334,CaB4O7,1301.842896
1335,RbAcTe2,103.6810146
1336,RbCaBr3,222.3675616
1337,Sm3BWO9,1283.06808
1338,Nd2TeS2,240.32940469999997
1339,AlAgSe2,348.5433179
1340,ZnTeMoO6,904.4972560000001
1341,KCN,2094.943382
1342,Nd3CuSnS7,377.1721585
1343,Mg4H2O5,3737.5744200000004
1344,NaScO2,486.32394050000005
1345,MgI2,256.265402
1346,RbGeBr3,191.34279030000002
1347,LiCrP2O7,1088.95724
1348,BiI3,134.5806234
1349,SiSe2,439.62747060000004
1350,GeS,276.8492888
1351,MoW(SeS)2,442.84617910000003
1352,MgNiF4,476.07128339999997
1353,YbTe,108.72740320000001
1354,Nb3Sb2Te5,222.08358629999998
1355,Pd(SeBr3)2,265.49301349999996
1356,MgTeH2O9,3276.015523
1357,CaZrN2,388.30425510000003
1358,KF,165.16193969999995
1359,TaBe2Rh,372.4772456
1360,Sc2O3,510.7577846
1361,P2Se5,352.594209
1362,TlSbSe2,208.2208918
1363,K2Te,110.47244199999999
1364,Te8MoW3,226.8501017
1365,PrOF,445.9370905
1366,Na4S2O5,956.2800678
1367,CaP,265.58529300000004
1368,TbNiSb,166.7347924
1369,KNdS2,224.42949199999998
1370,Mg2PbO4,551.7988282
1371,MgMnF4,464.14515660000006
1372,Y2Be2GeO7,952.1192217
1373,TmTlO2,257.0947832
1374,CaThBr6,179.3358565
1375,AlCuO2,667.3134566000001
1376,Li2CrO4,972.1610376
1377,Pb2O3,555.6345451000002
1378,CdP2,435.5806148
1379,ZrCl4,384.3749915
1380,SrCN2,2012.1976960000002
1381,Y2SeO2,467.4913289
1382,ZrSnPt,183.5225488
1383,K2NaAlF6,571.7567688999999
1384,HfNCl,602.6993658
1385,GeBi2O5,753.6720477000001
1386,SrP,225.23879649999998
1387,Sr2H5Rh,1736.32673
1388,SrF2,219.34268319999998
1389,Tl2O,294.4153341
1390,Ge3As4,264.2100724
1391,ZnSe,234.69832390000002
1392,LiMn2F6,429.0052288
1393,MgScGa,248.1998379
1394,Cu2O,616.3182385
1395,Mg(ReO4)2,1000.971135
1396,ScSbPd,207.8936949
1397,S3(NCl)2,1025.168561
1398,YN,435.56410660000006
1399,IrI3,176.2485136
1400,Na2ThF6,361.5236048
1401,Yb(PrS2)2,294.708614
1402,Dy2PbS4,282.8018636000001
1403,RbN3,2129.228115
1404,Er2SO2,439.46102069999995
1405,CaHBr,1025.921871
1406,NaCN,2117.973791
1407,BaHI,809.7795541
1408,Ga2HgSe4,249.15151349999996
1409,HgS,324.764301
1410,Sr(AlCl4)2,514.6779771
1411,Ba3Bi2F2,462.6277983
1412,InAgSe2,197.96466619999998
1413,InPbCl3,161.0476836
1414,BiSeI,177.60876000000005
1415,PbO,413.5907921
1416,RbAgO2,570.7815148
1417,LiSmS2,264.0656669
1418,NaY3SiS7,526.7777239
1419,P3N5,1144.776069
1420,K2ZnF4,426.20836439999994
1421,TiSiPd,275.8970463
1422,Ca2YSbO5,640.2838153
1423,Ca2BiAsO6,766.2516344
1424,NaRhO2,498.19407259999997
1425,AlTeI7,330.28015760000005
1426,NbFeSb,255.16541899999999
1427,Ca3AsN,365.74124589999997
1428,AgRhO2,597.4916299
1429,RbPbBr3,109.20981100000002
1430,HCN,3088.8998109999998
1431,KNiIO6,661.5812252999998
1432,SbSeI,204.6351665
1433,PrBi2BrO4,420.28056860000015
1434,SrMg2N2,417.29417620000004
1435,MgSe,181.031804
1436,GeF4,702.916516
1437,Na2SiO3,975.7835146
1438,Hf2SN2,533.3039186999998
1439,HoTlO2,249.03448840000001
1440,SrGaGeH,1087.348102
1441,K2Se,127.783093
1442,BaO2,175.6415102
1443,YbMgSn,221.02075519999997
1444,K4I2O,279.4833385
1445,Ti(CuS)4,424.851553
1446,Na2ZnGeO4,722.2026876
1447,CdBiClO2,503.0581367
1448,Sr(YS2)2,289.5982268
1449,Mn(GaS2)2,344.5996137
1450,BaS3,428.83684460000006
1451,AlN,668.2304482999998
1452,YH3(CO2)3,2971.449282
1453,NaSrAs,200.9948138
1454,HoNiSb,173.6177655
1455,SmTaO4,823.0518203
1456,RbNaS,227.97596439999998
1457,MoSe2,340.3789378
1458,Li5V(SiO4)2,977.331755
1459,RbCaF3,413.4728665
1460,Na3ScF6,486.93861430000004
1461,Nb3SBr7,421.36997970000004
1462,LiCoP2O7,1135.4928289999998
1463,MgTe,145.51565480000005
1464,SrHBr,922.6489939999999
1465,ErSbPd,148.34566909999995
1466,NaSi2BH2O7,3701.1586880000004
1467,Dy2SeO2,470.953359
1468,Dy2Be2GeO7,956.3149852
1469,KYTe2,179.64137580000005
1470,Al2Te3,365.59097080000004
1471,KNa2BN2,1645.6955369999994
1472,Sr2ZnN2,628.0484006
1473,TiCdF6,540.4371502
1474,KMgBi,243.5633875
1475,HoSF,367.1586876
1476,LiSiBi3O7,849.9574997000003
1477,Ba7(ClF)2,317.8231322
1478,LiZnAs,319.9763082
1479,Li5MnO3F,641.5578186
1480,GaP,346.3162383
1481,GaCuS2,345.022992
1482,SiH8,2148.1012140000007
1483,Y2TeO2,428.5857525
1484,PAuS4,548.7564745
1485,RbAgSe4,231.3026602
1486,TiSiPt,245.6343892
1487,TiZnF6,537.3661154
1488,RbCl,124.70688899999999
1489,BaSi3SnO9,980.3308205
1490,Dy3CuSnS7,374.36929110000005
1491,BaBAsO5,1081.808034
1492,NaHO,3520.911376
1493,Pr3CuSnS7,377.87807799999996
1494,CuBi(WO4)2,814.5627779
1495,Li7SbO6,684.6395821000001
1496,KCrP2S7,564.4018599
1497,Ge2S3I2,382.4806114
1498,CrCuO2,643.8899508
1499,ZrFeTe,228.01221580000004
1500,TmTlS2,210.7830389
1501,Na6MnTe4,202.58931069999997
1502,BaHfO3,513.6987544
1503,KMgAs,292.8453828000001
1504,NaP,365.8664418
1505,Li3AsO4,783.045227
1506,TeRhCl,236.6485985
1507,K4BeAs2,772.1026918
1508,K2AgAs,217.28805640000002
1509,KGeNO,795.3366696
1510,BiI3,134.485209
1511,KSmS2,229.55778819999998
1512,H2C,2950.498679
1513,NaHoO2,305.70824439999996
1514,Sm3SiAgS7,527.5103901000001
1515,NaTlO,395.2795077
1516,AuBrF6,607.917807
1517,Ca2H3Br,1082.77495
1518,NaInTe2,156.04434990000001
1519,Li2AlVO4,748.6351305
1520,Na2Te,139.5298634
1521,Li2GeF6,582.8046234
1522,Lu2CCl2,551.4441176
1523,NdClO,471.91460610000007
1524,MoSBr,450.43030260000006
1525,NaNO2,1314.29065
1526,Ca(InTe2)2,160.3804168
1527,PbF2,119.195568
1528,Ho2SeO2,411.610269
1529,Hg3(SCl)2,298.6524516
1530,Pr3SiAgSe7,419.58255310000004
1531,KLi2As,441.9480303
1532,Zr2SN2,523.880376
1533,NaDySe2,155.519621
1534,ZnSiP2,461.91787689999995
1535,KH8N3,3354.054989
1536,CaZnSe2,242.2673398
1537,DySI,239.3681576
1538,ErNiSb,176.57067460000005
1539,NdH3(CO2)3,2945.508518
1540,K6HgS4,224.107231
1541,Li4FeSi2O7,946.1484712000001
1542,MgH2SO9,3354.149103
1543,Ni(AsO3)2,580.8160962999998
1544,ThBrN,544.8583597
1545,CaPdF6,568.976346
1546,Ca3PN,385.772123
1547,NaBr,141.9271948
1548,Hg3(TeCl)2,177.9839809
1549,As2Os,243.5472795
1550,Lu3AlO6,730.2689519999999
1551,TaBi3O7,673.9973302999998
1552,Pr3CuSiS7,524.9638173999998
1553,Li2BF5,1045.320066
1554,BaBe2Si2O7,956.3526707000001
1555,TlN3,2042.6926030000002
1556,BaNaP,189.89616730000003
1557,Tl4GeS4,350.117638
1558,BaAl2(SiO4)2,1129.0739210000004
1559,Li8MnO5F,639.4641056
1560,KUO3,443.30560870000005
1561,HgHOF,2551.0940760000008
1562,Tb3CuSiS7,534.7865929999998
1563,RbLiS,388.79520049999996
1564,Lu2(CN2)3,2064.830833
1565,CuCN,2169.762773
1566,WSeS,240.79553760000002
1567,ScAgSe2,256.0087071
1568,Sr2C(NCl)2,2010.0675649999998
1569,Dy5AgS8,308.6751605
1570,Pr5AgSe8,177.71024409999995
1571,Yb4Cl6O,439.6982726
1572,AgAuCl4,330.3242463
1573,H3ClO,2847.73629
1574,NaSnN,469.30353449999996
1575,LiMn3OF5,548.7527392999998
1576,SiF4,927.5523777999999
1577,K2AgAs,217.2788518
1578,LiScS2,362.7272397
1579,Mg(AlC)2,638.0252866000002
1580,Sr(PrSe2)2,157.207798
1581,Mo3WS8,368.7603547
1582,SrCl2,143.1337311
1583,HgI2,189.81435980000003
1584,BaBeSiO4,934.2766382000001
1585,Zn4B6SeO2,1000.7635650000001
1586,CaS,227.7421809
1587,NaHS,2528.7341690000007
1588,Dy3Sb4Au3,162.0076967
1589,PrCl3,197.6508094
1590,Bi2SO2,454.83383660000004
1591,LiNd2HO3,1434.845931
1592,K6Fe2O5,619.1750662000002
1593,LiGaO2,665.8890115
1594,Na2BeF4,838.1914863
1595,PdF4,629.2824172999998
1596,Li3PO4,997.9150414999999
1597,CuCl,60.10427045
1598,LiBr,301.1850506
1599,Sm2PbSe4,141.6698996
1600,Li2SiO3,988.1018707000001
1601,KBaSiHO4,2723.942357
1602,YbSe,134.27703830000002
1603,LiMgAs,321.0413738
1604,Pr3AgGeS7,402.185559
1605,ZrMnO3,493.90873099999993
1606,ZnGeN2,730.7116732999997
1607,LiNbP2O7,1072.498515
1608,Te2Br,185.148628
1609,Sr7(HBr)2,1022.729342
1610,K2NiO2,804.5582448
1611,Te3W2Se,220.13111060000003
1612,Na3VO4,783.6515299
1613,SNCl,983.8678214
1614,CaMgNiH4,1510.2354070000001
1615,SrH2,1086.484037
1616,TiFeTe,255.1302014
1617,Ca(HO)2,3674.5209090000003
1618,SiC,772.930272
1619,BeBr2,516.4455271
1620,H3NO,3096.722054
1621,BaSr2Mg(SiO4)2,953.8058980000001
1622,DyAgTe2,148.8619605
1623,Na4FeO3,571.3510661
1624,CaHI,966.4684594
1625,ErZnAsO,439.0300053
1626,HfS3,497.92063590000004
1627,FeCl2,302.1176167
1628,ZrBrN,568.3874183999999
1629,ErSeI,161.5844519
1630,PrCuSO,471.4401023
1631,SrCeN2,268.54073660000006
1632,Mn(Sb2O)2,794.0003684999997
1633,PdBr2,233.8820159
1634,V2MoO8,952.5018796
1635,Li3Sb,334.2755876
1636,RbAu3Se2,237.0439628
1637,NaAlSe2,342.7092023
1638,KLiBeF4,795.7382703
1639,MgTiSiO5,942.8080017999999
1640,Mg2TiO4,693.7253893999997
1641,RbSmTe2,142.443853
1642,HoIO,492.9312425
1643,SnH8(CI)4,3063.275772
1644,MnH4(BrO)2,3434.919501
1645,Ta2ZnO6,904.7595204
1646,H4NF,2886.6211559999997
1647,Rb2HfF6,474.19798049999997
1648,Zn(GaSe2)2,247.9455108
1649,RbErO2,333.4151243
1650,K2O,214.26074350000002
1651,BaLi2Mg(PO4)2,980.1322879
1652,NaPrS2,225.27104590000002
1653,KPrTe2,146.4377156
1654,KAgC2,553.9990611000002
1655,Sn(CO2)2,1593.017744
1656,Li4CoO3F,685.057591
1657,KYGeS4,401.3713854
1658,Zr(MoO4)2,887.0455011
1659,Nb(PS4)2,597.1224787000001
1660,NaBeAs,570.1808480000002
1661,ErCuSe2,209.5400844
1662,LiYMo3O8,764.4760804
1663,BaGaGeH,1082.0986460000001
1664,Sr(Si3N4)2,1031.297791
1665,RbMgF3,398.2938474
1666,LiYbAlF6,567.4472819
1667,SmBr3,173.7132466
1668,Hg2P2S7,557.249052
1669,HgI,112.29852120000001
1670,K4ZnAs2,310.1934192
1671,TlI,52.19858625
1672,Br2O,438.69813949999997
1673,LiNbO3,648.0693394
1674,Li2Si2O5,1125.577741
1675,BaSi4O9,987.6077571000001
1676,AgClO3,836.8643563999997
1677,ReNCl4,1008.2456710000001
1678,Li3N,577.3509312000001
1679,Tb2SO2,431.65095099999996
1680,RbNdSe2,166.7723445
1681,CaNiF6,611.7671641
1682,Mo(WSe3)2,295.8629242
1683,Na2H4Pd,1551.4696470000001
1684,SeOF2,876.7884752
1685,PbCl4,306.1587029
1686,Rb3BiSe3,170.2411447
1687,K3SbSe3,198.8058533
1688,TmNiSb,177.6821967
1689,Mg2FeWO6,700.1000084
1690,Li2CeAs2,320.58891439999996
1691,TiZnSiO5,925.4415229
1692,WSe2,294.0053292
1693,KZnAs,230.6461321
1694,Li2VBO4,891.1853699999997
1695,NaInO2,388.04562589999995
1696,Sn(WO4)2,971.0819650000001
1697,RbAuS,316.86922210000006
1698,Be4TeO7,792.0267822000003
1699,Zn(GaS2)2,354.00007830000015
1700,Mg(BeN)2,785.9135603999997
1701,SrClF,310.6234675
1702,NdTeCl,201.6544102
1703,Cd(GaTe2)2,207.6107535
1704,GaCuI4,203.980606
1705,IBr,177.9822133
1706,SiC,831.5100806
1707,Hg3AsS4Cl,362.46637599999997
1708,ZnSbF5,554.5470349999998
1709,Na2HgO2,591.9638007
1710,KPF6,765.3429468999999
1711,KTbS2,235.34247909999996
1712,BeSO4,1077.743236
1713,HoTlTe2,136.8535593
1714,Ca(MgBi)2,231.5128319
1715,CuSe2Br,193.70377019999998
1716,Mg(CO2)2,1608.057093
1717,LuSF,304.80809460000006
1718,Ca2Si,220.18573790000002
1719,K2AgSb,186.8147274
1720,TiMn3O8,703.3837495
1721,Li2PdO2,570.5306228
1722,NaZnP,277.3134541
1723,PtO2,550.7989619
1724,Ca2Al2SiO7,923.5142597000001
1725,Na2NiO2,549.7238579
1726,Ba2AsAu,105.1739274
1727,CaAlH5,1745.4121699999994
1728,ZnI2,157.34843490000003
1729,NaPH3NO3,2893.183969
1730,Pt(SCl3)2,434.9301898
1731,K2LiBO3,1240.987984
1732,ZrSO,510.27534349999996
1733,Na3VH6O7,3165.511732
1734,YCuSe2,216.8425004
1735,DyTlSe2,159.1828517
1736,B2S3,847.6333382000001
1737,NaSm3SiS7,527.0955828
1738,KHS,416.1027808
1739,ErBi2BrO4,461.2317006
1740,Cu2WS4,431.8377777
1741,YbB4O7,1180.385064
1742,K4Au6S5,332.1155748
1743,SnF2,402.98942739999995
1744,BCl2,926.2900802999999
1745,NaMnCrF6,532.4505256
1746,NbCl2O,513.7164632
1747,CdPS3,523.4048383
1748,Ca4Bi2O,316.99395110000006
1749,ZnPdF6,556.1382302000002
1750,Sm2PbS4,232.7154996
1751,Na5Li3Ti5O4,720.0777256
1752,CdCl2,238.44222819999996
1753,RbCaAs,199.3974823
1754,Ag5P(S2Cl)2,479.521541
1755,NdBi2ClO4,432.3631402
1756,YOF,535.0678336
1757,Al2ZnTe4,317.1557987
1758,RbCaH3,1125.926382
1759,KCuC2,288.0065647
1760,NdBrO,459.96486749999997
1761,ErAgTe2,148.8456857
1762,Na3VS3O,856.1551302999999
1763,BAsO4,989.4161275
1764,Ca(PrS2)2,290.48960560000006
1765,CdSiAs2,365.8972906
1766,KBi(PS3)2,623.5430157000002
1767,SbSI,323.2791588
1768,Rb2PtCl6,318.3842459
1769,Na7NbO6,629.1267729
1770,Li3Mn3OF7,544.3534407000002
1771,ClF,619.6961266
1772,RbNdTe2,142.0724341
1773,Nb2Te6I,237.80450950000002
1774,K2SiF6,699.957137
1775,GaAgS2,342.4413351
1776,BaLiH3,575.0903347999998
1777,HoBi2IO4,445.96773909999996
1778,HS7N,3271.534717
1779,K2MnF6,595.1223458
1780,GaCl3,429.9136161
1781,SrMgH4,1414.840533
1782,BaZnSO,577.7620367000002
1783,K2PdBr4,243.68398109999998
1784,SbAsO5,886.6925581
1785,ErSCl,259.0423898
1786,HgIBr,216.37239879999998
1787,BeSiAs2,525.0945161000002
1788,KCaCl3,290.77588199999997
1789,SrBrF,289.8030291
1790,Yb(DyS2)2,306.01733219999994
1791,SnB4O7,1150.13518
1792,Na5SbO5,557.5848198
1793,Ca(NdTe2)2,169.14409650000005
1794,KSrCO3F,1400.548858
1795,Sc4C3,578.619832
1796,Pd(SCl3)2,449.2474448
1797,RuO2,530.0120736
1798,AgBrO4,729.3880785
1799,Te2Mo,227.98410180000002
1800,TaTl(GeO3)3,857.5249815999997
1801,BSb,583.8882649
1802,NaScAs2O7,872.4738189
1803,TiSnO4,746.6058497
1804,PrGeBO5,1071.88254
1805,Na3MoNO3,935.0817406
1806,NbCu3Se4,304.3516998
1807,Ag2GeS3,384.514161
1808,SrHgO2,595.4691191000003
1809,Li2Te,254.4182122
1810,AuCN,2233.8064449999997
1811,Rb3SbSe3,198.3942142
1812,BiSeCl,204.139352
1813,Tl2ZnI4,174.37597780000004
1814,P4S5,634.885284
1815,Al2HgS4,442.0356074
1816,KHoBeF6,838.1964555
1817,YI3,187.8184957
1818,TbH3(CO2)3,2968.939094000001
1819,Ca(DyS2)2,246.27457579999998
1820,DyNiSb,168.2724275
1821,BaNa2O2,401.305786
1822,HgSeO4,809.5211582999997
1823,HoTlS2,207.98887580000002
1824,HfSnPd,185.0097253
1825,ErF3,489.18356960000006
1826,Na2AgAs,235.8132144
1827,Sr(AsO3)2,638.1590534
1828,Nd2SO2,411.3068507
1829,Mg3(HO2)2,3760.4107659999995
1830,NaSi2N3,1067.703618
1831,Al2Si2H4O9,3684.499129
1832,MgGeO3,636.1891356000001
1833,Li4CuSi2O7,949.1607432
1834,CdTeMoO6,897.0008096000001
1835,SmOF,412.69744560000004
1836,Sr4As2O,360.7286075
1837,TlBSe3,620.1667284
1838,SbAsO4,835.7547352000001
1839,K2PdCl4,316.9138111
1840,Li2TiTeO6,703.6176997
1841,CdCu2SiS4,493.52397199999996
1842,MoF4,664.1004176
1843,Bi2Te2Se,136.4520586
1844,CO,2128.682443
1845,HoHSe,1105.777112
1846,SNF,1095.566543
1847,CdSnAs2,214.27658480000002
1848,ZrNiSn,220.0687794
1849,LiCaAs,279.49974669999995
1850,Ca2IN,377.39106789999994
1851,KClO3,869.5122722000001
1852,YNiP,254.11756200000002
1853,CS2NF5,1920.7348539999998
1854,TbBS3,854.9330196000003
1855,Cd(CN)2,2220.22309
1856,Te6Mo3WSe2,250.92850159999998
1857,K3TaF8,533.7174587000002
1858,SbClO,480.31056860000007
1859,K2NiF6,618.3584247
1860,Na2PdS2,319.43710539999995
1861,KAg2PS4,494.76322469999997
1862,MgBi2O5,588.7451587999999
1863,LiDyS2,269.91155499999996
1864,Ho2TeO2,402.99699780000003
1865,BaTm2F8,458.32331380000005
1866,KTe,124.50945700000001
1867,BPO4,1026.526407
1868,K3SbSe4,234.70185899999998
1869,K2Se5,253.74657659999997
1870,BrF3,591.3577644999998
1871,Nd3BWO9,1271.2659820000001
1872,TiCoSb,248.93620589999998
1873,KYSiS4,541.4184073
1874,K2SmF5,344.664146
1875,MoH2Cl2O3,3582.1888329999997
1876,ThCN,505.8337572
1877,K5ThF9,457.21165830000007
1878,Mo3(SeS2)2,446.69883780000004
1879,SCl,561.4422808999999
1880,K2RbSb,108.6015737
1881,Nd4S3NCl3,500.96052180000004
1882,NaPN2,988.0989026000001
1883,TlInSe2,187.6207635
1884,MgSiN2,820.8692629
1885,Li3SbS4,430.47943219999996
1886,RhF3,556.2049302
1887,Cu3TeS3Cl,299.458421
1888,LiH,571.1366922999998
1889,LiSbO3,650.4412915
1890,Mo3W(Se3S)2,436.90127479999995
1891,LiPF6,770.9862005
1892,ReTeS,426.08513610000006
1893,Yb4As2O,409.02581069999997
1894,Mg2ZnAs2,301.2043603
1895,CdCl2,200.32434550000002
1896,BaHCl,896.3874697999997
1897,Rb2Hf2O5,773.1839988
1898,IrBr3,218.5669622
1899,LiH2N,3378.2881
1900,Mn(SbS2)2,303.07809669999995
1901,Ba(H2O3)2,3235.818567000001
1902,KCN,2106.356452
1903,Rb2ZrCl6,306.66445560000005
1904,ZnCu2GeS4,347.9848722
1905,LiCaAlF6,565.7515678
1906,Li8TiMn3O2,699.7283227
1907,Yb4Sb2O,339.8795882
1908,YCuO2,594.8272984
1909,Na2MgSiO4,908.6791125
1910,BaCrF5,607.9909436
1911,Sr2ZrO4,589.3128092000002
1912,AgHgAsS3,346.33171269999997
1913,BaSiCl,156.75854009999995
1914,SrCuSF,317.96116780000006
1915,TmTlSe2,160.63811230000005
1916,BiTeBr,155.6843366
1917,BH3NF4,3194.278041
1918,Zn2W3O8,798.4645995
1919,Mg(InTe2)2,249.1511133
1920,V2Te2O7F2,922.7658524
1921,HfFeCl6,292.7331268000001
1922,Cu2SiS3,525.2573641
1923,KErS2,240.13617480000002
1924,Tm2SO2,443.91441299999997
1925,V2ZnO6,903.6880848999999
1926,TiMnO4,628.0954241000002
1927,UO3,444.4732256
1928,Mg(HO)2,3678.0998310000004
1929,HgSe,212.7231418
1930,Ba(MgBi)2,219.54965330000002
1931,TlClO3,857.6731890000003
1932,Li3Sb(PO4)2,1046.276277
1933,Ag2HgI4,126.82388030000001
1934,LiAuF6,601.6785222999998
1935,K2Mg2Si2O7,894.6513021
1936,PbF4,564.8415797
1937,K3IO,230.0510014
1938,CaH2(ClO3)2,3535.2564450000004
1939,NaPrSe2,141.8964795
1940,As2SO6,1201.910255
1941,LiErS2,289.7512698999999
1942,HgF,323.3388553000001
1943,K7NbAs4,263.1997341
1944,SrHfO3,587.944492
1945,RbLiCrO4,901.4644737
1946,Ba(CdP)2,211.1899089
1947,SnSe2,232.2953563
1948,ZnO,218.159025
1949,MgTa2O6,899.1260050000003
1950,HgF2,191.5734055
1951,K2Pb2O3,534.5674168
1952,Tl3AsS3,336.3433877
1953,Sm2SeO2,401.4219107
1954,LiInTe2,331.5596303000001
1955,MgAgF3,526.1903304
1956,Al2PbO4,858.2428070000003
1957,RbInTe2,153.5343622
1958,Ho2SO2,435.7447302
1959,Ba2CuBrO2,616.4081501000003
1960,KYS2,263.8348849
1961,SCl2O,1152.078418
1962,AgBr,86.490557
1963,NaSbS2,283.49270889999997
1964,LiAlO2,708.6709584
1965,XeO3,692.5293917
1966,NaC,241.59770519999998
1967,Hg4OF6,485.592675
1968,MgCl2O,673.0066352000001
1969,Na4MnO4,700.7759796
1970,RbNdO2,299.9503336
1971,SbTe2F6,609.0534746000002
1972,H4IN,3273.998348
1973,TmCuSe2,210.63393100000002
1974,SmBi2BrO4,436.3060107
1975,K2ReF6,521.4650022
1976,Ba2H3I,889.9891389000003
1977,SeCl,313.5810122
1978,KTeHOF4,3194.612675
1979,BaCaI4,140.74903940000004
1980,Sr3PN,286.47750049999996
1981,UTl2O4,595.1267146
1982,Cd(InSe2)2,204.45124119999997
1983,K2TiF6,561.9989924
1984,Zn(GaS2)2,337.4232273
1985,K4Br2O,295.6002596
1986,TiNCl,591.5384881
1987,Ba2ClF3,303.3527339
1988,LiAlSi,357.9295754
1989,TeOF2,715.7180802
1990,KrF2,484.79754429999997
1991,Rb2S,150.6612263
1992,PrTlSe2,154.8835364
1993,KMgP,340.53488239999996
1994,Na4SnS4,328.1410886000001
1995,LuTlS2,212.4391665
1996,MgSiO3,775.2264862000003
1997,AgH,675.7606448
1998,LiHF2,1626.659557
1999,AlTlF4,612.0887581000002
2000,CeO2,273.8964131
2001,Li2MnSi3O8,1017.5791019999999
2002,Ca(NdS2)2,292.4482844
2003,K2O2,256.6955837
2004,TiS3,534.0201767
2005,MoCl4O,969.6555187999999
2006,K3Ta3(BO)2,1295.667743
2007,KAsSe2,278.74213480000003
2008,K6MgO4,449.581912
2009,Ho2Be2SiO7,994.4390377000001
2010,NaMgF3,484.3385483
2011,Ca2PI,251.30478959999996
2012,Sr(MgAs)2,262.22624759999997
2013,AgNO2,1335.545539
2014,Ho3CuSiS7,534.8470566000002
2015,RbMnF3,354.0510704
2016,Ca4P2O,462.0140249
2017,SiSn,332.4873273
2018,TbTlTe2,137.2426871
2019,Th3Bi4,111.9441775
2020,Li(CN)2,1858.1830940000002
2021,K2PtF6,558.7657098999998
2022,Nd5AgS8,297.8930721000001
2023,RbHoSe2,171.3540342
2024,S2N,995.6102563999999
2025,TmTaO4,882.6579751
2026,TlCd(NO2)3,1326.777157
2027,BaS2,178.516447
2028,BaMnF4,439.360904
2029,RbAlF4,648.4839466
2030,TiGeO3,627.6121492999997
2031,AlB3N4,984.6384399
2032,AcCl3,182.83630580000002
2033,Na4CoO3,599.4234953
2034,Pd(Se3Cl)2,325.1869122
2035,ThSnPt,137.11692419999997
2036,Te2W3Se4,288.4127343
2037,Te3MoWSe,253.87520750000002
2038,SrCaO2,382.03398819999995
2039,BeSiN2,863.8581799000003
2040,BaNaH3Pd,1345.440718
2041,KZnF3,414.3582423
2042,Ca2SnN2,502.96915889999997
2043,As2Ru,268.8588289
2044,NaHoSe2,157.2528872
2045,GeI2,177.92111609999995
2046,Bi2Te4Pb,130.5959987
2047,RbSmO2,309.93595719999996
2048,LiV(PO3)3,1181.5654880000004
2049,MoBr3,270.4230106
2050,Na2PtS2,342.5709999
2051,CuH,926.5521779
2052,LiGaSe2,355.302229
2053,RbYbF3,399.24709049999996
2054,AlF3,629.4638079
2055,Ba2PCl,222.6842865
2056,FeBr2,163.81269880000005
2057,KHO,3406.023961
2058,SrBe3O4,978.0778278999999
2059,LiB6C,1128.12388
2060,Ca4As2O,431.3601056
2061,RbV(CuS2)2,471.994446
2062,NaTmS2,243.0170478
2063,K2Cu(ClF)2,418.1117181
2064,K2H4Pd,1480.10605
2065,BeSiP2,586.8770252
2066,BeSnAs2,514.7762928999998
2067,AcBr3,119.3924998
2068,Sm2AlNO3,747.6931597999999
2069,MnTlF3,344.3288784
2070,Na3Sb,187.9559644
